speed,slope,elevation,acceleration,progress,fuel_consumption
31.045368617100202,4.538443515069446,161.652612207366,-2.256045996604824,0.563044405912061,11.7
69.95263716229573,-4.828732333961883,267.90780122204796,-1.7236209864734304,0.20492876201718002,10.8
75.77008961677451,2.798053194168574,466.59719900746256,-1.5549853293418363,0.5112839391032981,10.3
25.089125997109534,-2.4450096950755302,359.10083432365855,1.2382956988731273,0.5915652407803648,10.7
59.01703047732701,-1.9802057182780626,71.61153464017079,-2.4692696743102824,0.5189817826787945,10.1
96.45456992767244,7.908085809118369,279.910506675422,-1.714127471106418,0.5080930218765366,12.8
46.943090615835246,-2.657748859050164,285.1150212622931,2.0818900377613936,0.8942050995015851,10.2
58.29840123232309,8.728865810037622,184.6557673488316,0.3570689837175687,0.011358454591247624,11.7
51.99493785475363,-1.517393826428389,96.3487848287442,2.7708753973491405,0.17743265110380946,10.5
49.828228702302006,8.703609076733201,404.70135580186246,1.1906273747826326,0.6540476158996019,12.1
82.74914988343149,6.098944284929139,148.03501307367728,2.937462989283337,0.1987844767867828,12.0
83.15793289890445,3.7131941303614173,47.81573077166551,0.43204992996655367,0.10441975586585261,10.0
71.46288693265647,-0.17808847886496615,75.90496544623626,1.5808285477233825,0.7398953567350106,8.9
64.91024869912503,3.2552537755904076,152.22089865991902,-1.7101535990218704,0.9011839960142504,10.1
84.40773147435576,3.6698006650590997,299.82263518479704,-1.2277185148366911,0.7058231438960987,10.2
96.90442573303008,-4.689396292660262,9.519690500015832,-1.8459927969966754,0.4574956266351746,11.7
57.89156248006038,2.3373377269583564,450.2666083159257,2.5595740874186497,0.7476571428380309,10.4
92.6719557698717,0.10173296389620035,312.72350090901824,-2.717216572848117,0.6956555581986795,10.7
64.0772172971527,-3.147850922342519,42.316171098403466,1.4661128715845093,0.7471119919349326,10.4
55.419527908056374,-0.5518454693485726,325.88047723570594,-2.751941913990171,0.45526994760353257,9.5
54.37287171270869,2.9296820263307453,58.80370350887004,-2.0257714961833524,0.9963528539688677,10.2
29.829645952584045,8.884807851159387,358.8771419228485,0.3882215344949609,0.4341885935952803,13.0
93.68975461163727,-5.968831933475793,251.12465109173849,-2.816743379324791,0.4964106159526509,12.5
82.47095966536745,7.98101156021119,499.3353816822237,-2.6421328590931967,0.6415296997658722,13.0
88.7605679532216,-8.485782208487727,491.0216850423411,-0.3119234278865384,0.4225041921617081,12.1
21.946334974349007,5.980561854170494,474.81806182222994,1.8758818194787041,0.951286263491047,12.2
78.59092476339697,5.567617536736456,459.0161836297348,0.08773237503849174,0.18439763432904777,10.5
80.28382321320129,-8.152152341112394,166.24439164931366,-1.6331430563152984,0.06591157575920492,12.1
66.26089472102876,-7.789448835909452,466.08988245516565,2.307255808159633,0.22779237219803372,11.9
76.24199157398061,-8.534402496455215,198.51159235370685,2.271090151505156,0.01207905407847576,12.7
61.81038617486035,-7.378289475672874,376.43514978195105,0.9981881264373751,0.5989605312263727,12.1
57.99379508566172,-3.541832863328384,290.3531791556827,1.35997041309259,0.6179986304786953,10.2
62.65887861596926,8.502082996054881,60.990134187531744,1.0780961975867465,0.9557112678349172,12.1
40.73823912365078,9.44752897463125,9.281788203440888,1.4302078551368336,0.3285106055461967,13.2
96.70413165948547,5.1080359904905865,70.98139768803851,0.591401623821636,0.7912710786313598,11.7
35.725512177060885,1.9182598101822848,274.5403938316918,-1.9849456090698314,0.805795966143096,10.2
21.022308033802723,-8.014974869817928,136.96278820952895,1.1766441074581646,0.45573028666448445,13.0
76.16080214030607,-7.809259061563334,410.92108174723006,2.5679084315589567,0.7527998466928182,12.6
56.04983162681441,9.29193792361114,462.4264701750284,0.912429878890753,0.7016175210873127,12.3
70.84029774173771,5.186152044723203,191.5578832171974,0.8841691553197197,0.49169232697100196,10.6
84.72205794314957,1.9335417272984134,323.4960308633286,-1.8722700625283832,0.45548915947062507,10.1
30.090287029629856,-6.545271544147018,4.642512842308378,0.6847071897002479,0.3631503589518428,11.8
95.29676426945332,-2.9867769055938354,209.31905186644494,2.593236352590769,0.8582000379947814,11.4
63.57106675920739,-2.837168971655335,39.32796523469817,-2.007490405155946,0.8209880436009467,9.8
61.65448728199841,-9.32624025553757,183.48532802125766,0.8436470337315032,0.4603881307986608,12.2
61.0542396039898,-1.1806701678202298,180.26111211671264,0.18907734434464407,0.6888889066214956,9.1
94.01003446181986,5.789969643282493,279.4703123512773,1.6443496340390622,0.6266996966508157,12.0
80.51979406417674,3.7506292409625104,360.54279417705044,1.4792230119327971,0.6801839944984039,11.0
39.6783119299073,-3.073691170112685,266.71773842225645,-0.6175713914956376,0.07994420181798656,10.0
41.78708729900259,2.8688632173236446,338.37466982739517,-2.410041297462082,0.8266985226341672,10.6
95.68494585100356,-5.979846044117005,107.40585553556126,0.22476548079161862,0.9422663156179912,11.5
95.88422734974606,-7.662546440015641,184.66577863787674,-0.6547365911196978,0.1674858229599423,12.2
70.22948202467892,3.4895872186930905,483.49740138753066,-0.776337177272802,0.9712129376795615,10.0
83.91455944184902,-6.643268371490352,327.56833204573337,-1.789099997771053,0.914405400075537,11.9
38.76292118045945,6.5175740523383965,298.9794529933809,2.711375857811798,0.5546087934365086,12.1
73.04937387401142,8.935327100966855,301.9576001507383,-1.008867439360251,0.7177566114126381,12.3
61.53222094218576,-9.137920362441745,159.46994068386616,2.457469291643669,0.4168309451873685,12.8
52.89692276718647,3.9785175959605787,308.56119069940524,2.75638229028762,0.4481859938568771,10.9
38.67352078151069,7.796471196839402,187.8273254822138,-1.5554860773175276,0.008406809768359946,12.7
67.08038065112264,8.417526606804103,385.129016925422,-1.0145961789879527,0.5324255676074136,12.1
89.24003727096013,-0.6928545788386558,159.34476927559638,1.5031956252383027,0.7041165948325552,9.1
98.39595764265485,-6.7385914699050575,17.937276861424213,-0.7891828281789088,0.37105395119579165,12.5
92.21692694103608,-2.0081080230461357,86.10956051041124,-1.3705708434170123,0.5875435497208283,9.8
67.95545184398028,8.306767661004578,306.2974386312916,-0.963820316230132,0.7509561334244489,12.0
69.6441967640092,4.499314032710027,284.6297854080991,1.7769530771209574,0.3207165964939317,10.7
86.67616961206717,4.014669843726804,148.90234289357218,-1.3981589363637705,0.05602776541668553,11.3
64.22996085901971,-6.696875744500699,74.2059833191589,0.3348332170048929,0.4554275513445535,10.9
80.6257953927393,-2.9268035006418085,406.1707318201135,-1.3591636227710677,0.5559003942802153,10.0
96.23899866118654,-5.678565788897747,31.463565876262866,0.9890892448978068,0.3659478532060303,12.4
79.91674107745209,-9.11959204121084,292.72072002391104,-2.675207004630413,0.9498136659332702,13.2
84.11953464739068,6.888185266564154,212.6871370696693,1.0428241349830163,0.9141677296563316,11.2
92.22601835592302,-5.136992754381183,103.52105728399258,0.6479063177038222,0.34886357197993667,11.3
90.09810423431917,9.570053951341265,41.0068697595839,1.7480284965303703,0.12731862605640587,13.1
30.861802670375518,3.6216394810021573,312.3800599972896,-2.302443120834573,0.8216174823360882,11.7
62.703694840827794,7.843652192889241,198.11834571568855,1.0900719350641683,0.8275003917291659,11.8
98.61835918215347,-5.132995372801665,347.4509063114712,-2.6920437737707905,0.2610113737321452,13.2
21.025442107322505,3.995630952634011,26.62358359991862,-1.896279931783661,0.35136169040410725,11.6
59.56439431496598,3.420923029062884,387.6502285528368,1.303401216575133,0.12722668384606772,10.3
73.77662992069278,5.7037928990098745,47.21873082280109,-0.07485743387999433,0.3234510670533133,10.9
96.95150227203386,-7.541879917671821,105.12623311836988,-1.2781323437480203,0.07827775597633402,12.4
44.40988193983554,0.6502343285312744,189.7559952179223,-2.2968654205189853,0.5218744158611426,9.2
29.32293327175681,-8.69859044684804,209.88123982333812,-1.6740150748118003,0.1115316265356634,12.5
91.95915348437123,-1.049499898647234,199.03265435660649,1.7316980546166736,0.3008667873677353,10.2
27.854995079854284,-5.409263212121003,126.9312952925682,0.9710643875379388,0.38996276753269477,11.2
65.75172917308771,1.409837472761172,34.04770114911931,1.974901775016014,0.5314384278122324,9.3
89.15959037749953,-7.480861255793913,74.78622526200802,-0.03169768934804562,0.21777438398116833,11.4
68.80558474151235,3.5215736333351604,315.65351700647324,1.5927195871859796,0.004243003495275843,10.5
78.45561759697937,3.130233667543017,89.35117205826786,-1.2719437051242948,0.23192148439329663,10.7
83.2151792438652,9.952978011809861,216.83309174717235,-0.349588216551596,0.23091651218809528,13.1
73.82747553846795,8.433438044128657,80.22831373852429,-2.84461460725324,0.07273289129363014,13.2
91.55428159165086,-0.4559624901917321,333.3628605713327,2.7396498556013267,0.5274385745491619,10.0
66.52845104747496,-8.983054294148234,116.62903952889309,1.909620496518933,0.484977209199037,12.8
75.86598283752113,1.773203177357951,399.61358067026646,2.2004332217575415,0.8853349630821944,10.0
26.435658159119537,6.38481271918349,421.13674396232784,1.078967726868183,0.28186352055624886,12.1
62.33868339901925,-4.24818982077408,45.860794111652226,0.5317221186590131,0.548407551453384,9.9
98.08123635317705,-4.3813686191814565,410.20516877043724,-1.2275979023700683,0.7739156162685867,11.0
21.838192907339753,-0.1834914375700496,242.7697136340421,0.3712710974537181,0.587845094009366,8.9
41.21621005559099,-7.437644583000722,78.4839748974535,1.0908245425452368,0.24917412413395612,12.1
61.69130890601888,2.4984138816869077,463.5207414768154,-1.7503982359722132,0.47846147704810793,9.8
66.54514031462196,6.28808756939446,443.55409682092494,2.2945257832389743,0.2136473789716562,11.4
23.26106815539645,-9.89495933028304,3.830293521592254,1.1455298026237113,0.535852705052279,13.3
35.99628092323954,-6.7333170085418,251.31977846259463,1.150701205728927,0.501615990722057,12.3
45.21924798683493,-6.296266043070375,486.55501797548334,1.2348202700359874,0.2813419058730552,11.3
33.42674913835175,-4.995970007898465,364.1515902446274,2.372286598064159,0.04644586425124231,11.7
26.871047019879928,-8.79186381454241,487.5225349938551,-0.15126756542050313,0.9093669487106232,12.7
98.80140037841701,3.8153645691065226,359.0807121850198,-2.8332888064365696,0.6760678010953158,12.3
74.44844608199145,0.5091785795550088,115.52547801151498,-2.299720839860009,0.21743027445315166,10.2
92.45823062804843,0.2529021416063433,361.9165103496521,0.619168105170329,0.9407238092879884,9.7
72.70698697616207,-7.971272642751797,491.17654992654985,-1.7633446670176183,0.4551240544376982,12.2
27.26677608249423,2.3141773432067563,318.3790555688799,-2.7811649872497504,0.6337860060634803,11.5
62.371030790375244,6.003925584583975,324.4730279555129,-1.1458719351431406,0.8140698010703811,11.2
21.524542423141895,-7.21683996556822,364.3506704514547,-2.9254657572847576,0.9530921056257626,13.7
68.31866293189991,0.8652114910300206,419.31759717289805,-1.8020826267751013,0.5165665792656393,8.8
52.29564156783545,-7.103524412470536,86.41058940354246,1.068735100525374,0.7758229194772281,11.5
49.16378466793709,4.166809479093839,105.53173129621041,1.8741926777412,0.2135463814958477,10.8
73.10642732988796,-8.575360371415217,393.9427581754747,2.7614259522397386,0.9357875801554947,13.2
87.59625940867559,-5.862426738351941,456.0894526159549,2.8641087582923577,0.7721574432477321,12.3
51.114291912603264,0.9227859942420658,306.74366749913133,0.5958588663498059,0.514741054045723,8.6
48.18848899246976,1.8987388236978653,387.56230257912074,-2.380070726038526,0.8439309447663291,9.3
38.93329666398553,0.7222039910434468,50.18308752486328,2.8673181953198013,0.7094514830921015,10.0
32.49232374258855,3.0242741776700495,475.35120448484685,0.567087563840416,0.633468294699982,10.3
75.3359760860825,-2.969820266659675,225.72912676031348,2.7308302688139197,0.39864818319839046,11.3
56.89595559666393,-4.008061461133378,162.00784739807938,0.8580996636077529,0.906088175858279,10.1
25.989582964673936,3.7492399283347027,483.5684159731215,-2.8412605214824778,0.8309415632215273,11.8
71.21584970712034,3.0686821353596816,251.1161080625704,2.1389554897692404,0.21415160471178618,10.4
62.8360736436838,-5.264077998255088,75.12186668204262,0.4873655001972361,0.8411471592297329,10.3
68.33812295658879,3.0065692582002903,409.1933713633942,1.0367246731068436,0.912476471400008,9.9
58.91708241882469,9.819798915099017,486.11042256077087,2.8369637855313545,0.44672803986430376,13.7
30.349337522586566,7.239126328065602,86.26961844155994,-2.018516951555016,0.7418109367899937,12.0
30.21442820699349,3.9658017922896285,313.2809707907857,-0.7702747211459533,0.8372208733633218,11.0
73.00389729302898,-9.779630969597005,338.86090726846373,-1.4725600613091026,0.12514612535811864,13.6
80.41088656044045,6.566447662176309,158.9620815500431,1.9810618707135745,0.26589303409572984,12.1
64.56636776108073,-1.2531550737971493,18.53473005621836,-1.1893548458033205,0.493548488229951,8.8
59.94165932074584,3.24693602714847,60.376482855115434,2.970665232320407,0.7347147620762562,10.7
23.287478752078616,-2.741653244099764,286.5580842498829,1.350223384480417,0.472350981368559,11.1
42.04622028318766,8.8363847521668,487.31646545840124,-2.8327304861581264,0.9904113147799017,14.1
37.521159678796565,9.967376762729405,319.8725899649546,0.11710710870247532,0.09876044488530977,12.7
99.06438170836338,-9.363670369084812,246.78734656587613,1.2565817084358866,0.6649840880108832,13.7
84.25072192918826,-7.32511167989643,312.27930835140506,-0.5535477230719299,0.2692820675936147,12.3
24.072482439753465,-3.4581294196457897,212.44703989045016,1.463251409770411,0.4587598518869349,11.1
44.06111479740389,-7.581853107467788,451.67810490909704,-1.6240915658959738,0.17940276942012556,11.5
73.26830266042433,1.4237060565384354,425.736633674399,-2.5155602572542985,0.6598410673902844,9.6
83.83979864775975,-4.59027995202141,282.1949596568507,-2.858116062718164,0.6595345389315564,11.7
31.10051153033328,2.9744135256039606,456.3361354528584,-0.2571276716513742,0.1639327737588222,10.1
80.9002031490759,-3.7623036999585757,191.22223105021442,-1.0288462311139357,0.48975028766780004,10.2
39.57968056406777,6.944660777742996,265.30339358546365,2.3021278596740666,0.3352405014706451,12.5
92.89223655279598,3.777334563309161,448.9165036807555,2.4654297209693903,0.4790592461363745,11.7
98.52114767362762,0.10294129193043133,403.83975868736417,0.7188348290849902,0.28812589669589495,9.8
28.43716374284974,2.5450999243448322,130.4474566811541,-0.3597665680731308,0.5823294387018411,9.9
97.61953620502749,-4.613363468945877,168.34904860514055,-2.3506366465784385,0.024499866908765155,12.4
65.47132288322848,-8.444750254256812,396.52578453577667,0.2790774239549041,0.34351403712918105,11.5
87.64842401430869,4.7617554639173605,268.25485598280954,-0.6535701875293656,0.05495905840869164,10.7
45.695913269455495,-9.031335995236372,387.5137644705817,0.20570110142923603,0.33457762157440496,11.7
54.658345487573776,2.939603908294604,180.86324907821606,-0.5293111394109347,0.43178663150460417,9.5
42.4535558933212,2.562129858315066,66.91728694290688,1.1347842342750107,0.9063941724333877,9.9
24.11534525595796,1.7245237130262847,126.48162443744582,1.8879617073435693,0.6900841637517009,10.1
95.44558408181626,-4.096249481790483,229.74330492747274,0.6107357242173599,0.028643770039295968,11.3
93.07137448976081,-3.1077231231549725,328.48239632750716,-1.4899208057893745,0.038244821119088224,10.8
40.34450901106531,-0.24159299027926728,395.4295466828743,2.4181354626380696,0.4889190363434879,9.4
66.75343770839692,-1.238208390441235,10.581717450747597,-0.32487189653444615,0.6262097055910356,8.6
53.061898146245134,4.799112540733269,18.036211425120406,-2.098838516988242,0.5034434779109849,10.3
36.28536087292667,-9.282090342428212,44.59011222328962,1.7150185806535152,0.37881077500923976,13.1
46.47246215275297,7.152088027862373,157.07194864989572,0.049499816519686934,0.10416707628673771,11.1
21.680069291638688,-5.439731785063455,413.28100503715274,-2.110419970640314,0.7617156751454679,12.1
97.61723441966153,8.04715987145601,262.4039796379133,-2.2206148316119325,0.35311496456067804,13.0
29.670429472355984,3.3331183382102676,125.98692276360468,0.08752582672354325,0.010236667608447325,10.2
51.19372464768519,-1.6486363123822283,253.76230593107934,2.1207466221656546,0.649264016427514,9.9
60.18364647356532,-3.0275958443864965,195.11794368444117,1.17392130136097,0.6589870243006992,9.8
44.21117627124097,9.699017810026348,332.0768172955864,2.400601748322046,0.6739336246226217,13.1
35.323955398453684,2.154542285022888,385.0426962578257,-1.8121763495080474,0.5539015638862675,10.6
41.05931319123055,-0.6965033886249223,338.118664730679,2.4357965312807037,0.6862711335885747,10.0
36.26385198095778,6.2679827478902475,40.987578123907575,-1.6976448370641843,0.656815619750152,11.8
32.47324805850171,-7.708873696800951,235.69161515163407,-2.670779325675606,0.6912928144823142,12.8
80.07364575680057,9.393845211536828,155.2728785571027,-1.4505943607971035,0.9923840071715049,12.2
38.845304585008414,8.811416213748835,291.56249566100786,1.2367228766086988,0.8921087328710235,12.5
77.12551689928091,8.076754543354102,291.93265115448077,-0.12982499382979684,0.4592751799772906,11.7
71.28812665310804,0.051117741108148707,388.08757101476345,1.3003592454465434,0.5719701679093024,8.9
36.036787400499655,-4.611858074024862,258.8904575701407,2.844781888848326,0.7675981166346348,11.7
23.582034691589094,-7.022989109158482,209.98036075634874,-0.1711659711482234,0.24603752707263715,11.9
70.05613860405086,-5.9760765699206075,116.23472101916389,2.870100826739117,0.029346339431893687,11.7
58.20613910197398,8.401390017952732,270.1573545832816,-0.6207826715709608,0.14266542881919142,11.7
98.44255596082591,8.871075448679456,7.860627266211284,-1.0146266194066538,0.8803254950633557,12.7
40.3025751863717,-5.454865435345844,64.11395073171394,-2.9811670642326686,0.6023003376527222,12.0
93.3968743078418,3.3537512091316053,223.3841582283186,1.7490707063632618,0.9766490455758522,11.2
69.10531776845218,-8.547409360759238,348.39515912899094,1.2174329085107,0.6026429892467502,12.4
70.10989983339664,9.424136550233385,375.6608381163277,2.6316965753456456,0.06853990089967488,13.7
74.22310244215855,0.5331646026165604,77.29678808955737,0.16632989665101316,0.43390195020980793,8.3
92.2376428632194,9.00916717121974,50.073384161250175,-2.726532477978738,0.13547906720458358,13.3
93.90022644885364,6.130525079141812,24.355492252196186,-0.4532139665309254,0.37101153462438574,11.3
47.764260934405094,-7.529782095224624,287.3154506201771,-0.32042524144205986,0.22185250974010218,11.7
55.5911808446982,-1.0196572491043536,50.704705470441866,-1.9576292758747913,0.14293781587255416,9.2
49.07955186546067,8.904554792456267,215.33447620020817,1.4697092894901589,0.08932419216754628,13.2
29.578333074781753,-0.4591348794167871,327.01110862938657,-0.20070106714756353,0.8571641289003724,8.8
30.875076766586915,-4.777363481149452,238.00297180975687,0.09019895349601548,0.8215424775880842,10.8
96.81775633990686,4.729902113913443,387.0919149640021,2.6018065768475314,0.20996471861555255,12.1
40.136118116954535,-3.408958175925876,481.6528511898502,1.0043371445720304,0.023293701799713684,10.1
28.500636273406013,-1.942257707286645,469.4327293238729,-2.8406272222654567,0.017697707142833474,10.6
74.49706839617,1.7014807604457367,83.49129920642184,-1.9448339581976761,0.2874185131456276,10.0
80.04179424689717,3.7992182105480943,497.01268109839555,2.1030243000654254,0.3221574246713932,10.6
59.74778128664171,1.0300753099535331,10.261762856399182,2.7650347498756114,0.9384683917460287,9.8
97.83756440048627,2.7714983765741543,249.5877927028099,-2.423819235902803,0.7974901253042753,11.8
31.3555457014403,9.890313331682382,58.71146401956301,2.6111247853333115,0.8781693271658643,13.6
59.09118098998044,-8.50595079267606,274.1184046966792,1.6598286708803558,0.5881753360334897,11.8
65.0865299573665,2.9789389420374093,288.57607926551185,0.06433689621855354,0.5312792506887032,8.9
83.92045671982754,9.00178731470119,300.36900160035043,-2.336168129183662,0.19606162381410286,13.2
21.982116399341905,-6.260249350932758,204.3759696393319,0.966829434962821,0.10801148805410066,12.1
64.25942643551645,0.9369845502215632,294.4147728405419,0.9417830864655525,0.6609250917219868,8.2
31.69178349247847,4.897111257307362,409.1975042379913,0.9948325007447574,0.07175243763056427,11.1
72.96411754283136,6.43147133073602,466.38374017794195,-2.2921523131080854,0.15075671999088502,12.0
81.72773620924738,0.9108454846132563,380.1085264669558,-1.9035467904868533,0.44546946568425416,9.4
89.48779949291949,-5.936219050129495,173.0599154240348,-2.4125375531057482,0.14597725160193709,12.2
29.14964457832695,-7.90182679912067,113.9848501000551,1.0836964830479685,0.8363311138583145,12.4
84.21573916513506,-8.40065623763592,43.97398866658697,-0.10300497003868259,0.26579352760409014,11.7
20.340662855430107,8.791017559105441,153.75783565664713,-0.5284288016759553,0.6764821854839294,12.7
27.05638926984666,-1.6475149760927987,373.8265539111042,-1.6563100117475205,0.9642789733571432,10.8
29.077101861114095,-0.7140240978401113,295.94439145612034,2.113584181579374,0.22157249381979693,10.1
99.03655163119912,-7.404328501351374,462.5780574950846,2.730709737434739,0.13803061413475248,14.1
91.52942841365646,0.06916208866935492,220.3171251461809,1.4846560322734454,0.2974241155396242,9.5
99.15877394690065,0.7115375652222244,317.43345909155255,2.581194369743751,0.44016022165807156,11.6
97.54614038285601,-8.277201786224735,178.23455532851506,2.557806420081998,0.7793789300618157,13.7
25.848977718777554,-0.7576487640435161,27.23004963886938,1.4701892075810443,0.7420056859682129,10.2
44.575748171524836,-8.209386829461252,419.3585437598011,-1.124188339087755,0.6839271974891987,11.8
66.55114897787334,0.1339841910860997,274.84438675276095,-0.43119177043844914,0.6878504716955997,8.3
63.41181214947974,-9.593859308069968,456.5645757506138,2.1383316872099742,0.5123712967961529,13.1
69.9100592101785,3.3780191923471783,321.45028032663305,-2.249014155098105,0.5206068487067521,10.2
50.05523362330844,1.4707729244986627,340.63965093552986,2.6306486228556247,0.8984155171583644,9.9
49.55040557425293,3.8164619124446197,281.5884964992968,2.0754372407520263,0.22848924357490896,10.6
29.45200155284092,3.508114397268205,341.93970547448987,-0.539233080322914,0.8227882221157047,10.9
79.11300540495883,-6.586781685501029,274.55835344429937,0.8643221399683334,0.5577007046209308,11.0
59.87432265624769,-1.2833557617473588,454.05396514098544,2.4839979606875104,0.6546262736678962,10.2
49.05009872056574,7.230343161035012,371.9538371636458,1.4335732929829295,0.8028095328682245,11.5
33.95152731521914,-5.833665553431744,434.46307883144163,-0.03844947293520651,0.5982422264728173,11.0
87.52370799053773,-2.503552787701773,183.23911670857385,-2.5936975872466164,0.5881066616896524,10.4
91.69910204905621,-3.4683156601577654,213.25757802082973,1.1814337686726724,0.1561453917670408,10.9
79.29575083565271,1.0201313050795946,311.68120793210755,1.1851424156206267,0.6269017977876653,9.1
48.04555873535426,-0.6178976305617567,214.40296572835499,0.7683567904777826,0.5361458215708638,9.2
47.54063751669172,1.8079736517939526,370.08561621926646,2.099768568904066,0.18847946360425483,9.6
41.806218336542074,-9.831986867824302,49.55929706239315,1.9701114262034407,0.33704355832469535,13.2
89.08831570900566,-5.3258010802376266,16.79815606956697,-1.8137741935389293,0.8061042311665428,11.4
77.10294205086046,8.923635030694435,69.24822568392669,2.5354126444320535,0.6797367392546324,12.9
70.16614952663912,-2.761341228402694,272.1351605508519,-1.092874647590302,0.5196371642545466,8.9
37.19000363057995,-6.12803489696117,42.672119719015186,2.0228782175218667,0.6984236996783507,11.6
65.31175227571958,6.571957005167317,93.22948274239018,2.337708833706749,0.2805522548773578,11.8
71.44439702630541,-4.833285577209501,208.9859630466946,-1.4692268684256997,0.8295465597755041,10.5
67.14253179789654,4.438041861880482,364.13272491315126,-1.7639700672204979,0.5237067514170926,10.7
81.26004916715948,-4.326524173574571,432.3623853199692,1.3693686694845129,0.4686840520613048,10.3
91.33725674516144,-7.8290374113179,374.82260439085957,-0.12922606771331324,0.6879690396092162,11.5
58.62610972851303,8.792413620300849,19.224078227123464,1.3872616211562931,0.38384078206701244,11.8
68.16548308743693,6.71806752423489,113.99625882019909,0.1139164686926204,0.7979626251799707,10.9
60.242360572982356,-5.165142056041947,69.50062511662274,2.6911351280279705,0.051803184353576004,11.4
31.03030398706771,-5.168470004579804,238.95444543359335,1.131920267358134,0.3285729793756922,11.2
30.885465652921866,3.227285446420961,325.73056056392477,-0.7432032199961149,0.9898943979487608,10.6
48.15682820556177,3.518248044648896,285.4993482552814,-0.36429469256885927,0.3067556515605899,9.4
93.56561847832006,5.389096107603482,450.5581138944023,-1.7840983094593519,0.44741600655252756,11.8
41.27892731298006,7.8437077245798825,81.4255294807717,1.635777568334345,0.4030580503469623,12.4
34.16543774218976,-7.178781441205255,183.2689591142453,0.9539501829425077,0.5501032015967596,11.5
75.09143879965141,-5.119886153016582,292.70531079401024,-0.362132986567536,0.572601797421622,10.6
75.76583480074244,-3.6214387317620673,364.9092189007123,-2.4694135564502107,0.41656263982963326,10.7
61.603761086656604,1.7567109680039739,128.4948069838034,-1.1671787612689075,0.018612320105694358,9.0
43.498674076432245,2.269099853825585,344.93920427480896,2.6067911028762953,0.057740257206523316,10.5
43.851295380433434,0.6980457796609603,128.97217711003296,2.682197521161674,0.03714764735481313,9.8
70.93475634923179,5.161788656166447,16.66666318558141,1.2500906383642594,0.29046306074080586,10.8
88.37381524674146,-8.548420282912234,34.41712938551217,1.3259900538209273,0.21585749004640753,13.0
28.683912683993313,-6.787573757820855,178.09863068563868,0.7317500873674891,0.799314470421152,11.7
30.683403315455227,-7.979858804815343,319.4315350204619,1.8826565493615774,0.4147198053470176,13.0
69.10725779986649,-1.4223883944211746,226.96399040219794,-1.5991872624698638,0.4564642824667594,9.2
24.367450255410972,-2.0660893265209257,86.59968319625894,2.0124129127452344,0.22087359356759195,10.5
39.90159752538976,9.223176263390663,389.013430216386,0.8007226560537908,0.1204873756166136,12.3
87.1074657467006,5.930057944399243,378.2471300709466,2.2123743348134335,0.26642140177136253,11.5
29.926879856793693,2.3092887029602682,469.8633024032363,1.4401497876988874,0.6630529180334396,10.4
85.49029971042073,-3.6508885658414965,374.1376840570881,0.47234695868311194,0.4334463846300197,10.4
23.717682880619773,6.667050549782342,15.408403003611571,0.5343052503479457,0.8468166284023123,12.1
48.85874425691523,-7.499593310272745,433.660321484858,-1.4871154367134556,0.6750990775770235,11.4
23.14279115436581,-6.196278233550386,202.41397708078946,1.129422676096845,0.20060332708349582,12.2
69.59817302422675,6.658881301590981,65.44798840743182,1.7261683871320939,0.1705262945171664,11.5
25.518264993616818,-6.687717054900366,442.30055567291066,1.7522390648411834,0.09941601595755101,12.6
94.36430008935241,8.557367863186151,397.2471277095987,-0.3771639608528745,0.11204044463663398,12.6
43.7268011695259,-8.105452187780271,34.014734875483676,0.20048910377975782,0.3764087218388589,11.5
48.19756597473606,6.537448885155335,139.26434985128233,1.4189288169923842,0.3456298442839071,11.2
66.13353772627633,-2.6472148558965047,154.44275835546006,2.5855447526307884,0.2918150430044746,10.7
67.29540232651206,4.341577901856123,334.6410720850835,-1.063338636176301,0.08671831668686014,10.1
25.664403687082693,3.165789002757034,364.0996586500162,-0.1552854379712434,0.7713623030825653,10.0
34.584012761258535,8.549921828174632,394.75118686418864,-1.5712057610137928,0.014604847061176263,12.6
57.09359104261405,-4.447684210776264,345.5732708442624,-1.458697041178632,0.29558181162375896,10.7
72.8167191680699,1.6728039719203895,142.09293930292165,-0.6458226164549075,0.959694692264416,9.2
25.360050673639645,-1.749790764801629,190.3693786886667,-2.488821192643008,0.7191990676960145,10.9
52.907589706500744,-0.36348474136199194,121.44597879145635,0.5920984847909998,0.7305651664053798,8.1
25.69330420926052,-3.614000458855471,165.27948798923563,-2.319796054882016,0.8423244588447987,11.5
75.04125248976527,5.144674403232619,455.19687412218013,0.010142244796069733,0.20311388578197032,10.2
57.44849773800403,-5.982758543441258,411.7353896671063,-1.643255082094944,0.9044925522372039,11.0
56.35329565452334,9.819336840037579,49.870693211515494,-0.8649647030220073,0.18590985191767384,12.3
43.18388840902884,-4.790166719376874,462.79031718498186,1.5547248459788934,0.1298500703404032,10.8
63.9646620929087,-1.6803014068674056,212.06948182947178,0.2610628750774011,0.008137183117633229,9.0
52.99068329021982,-1.9045227454296985,34.15732025939106,1.0913594839239789,0.6843453801448072,9.8
67.95551805221747,-7.766384550455776,426.74588806747965,-0.7817430773041281,0.8647238565245046,11.8
27.164364386516795,6.971724695973581,48.60923289687508,-0.00405473501952569,0.309920563879296,10.9
99.35114042514557,5.209233350702327,273.83828948790733,1.9477426659244763,0.7387540777556212,12.3
51.1516536060809,-9.232352688894178,359.9077742595334,-2.7937774180851376,0.9322733572362227,12.8
43.47304439677761,2.0290808773412934,339.21175611852004,-2.4697292980836405,0.017897750553822367,10.7
96.36776800093618,5.081294436361411,483.6046096583538,-0.6634713405949997,0.11436714192288722,11.2
90.123399291103,0.4464954609252061,458.63409192699675,-0.3137711838747341,0.2025053819371987,9.6
31.244957215721527,-2.1931497403334284,468.8947431709887,2.0942159123160557,0.10891361560087365,11.0
78.73153488978822,-8.596539915700172,377.88825548894556,-1.6910605938132026,0.296159220038157,12.9
76.67752194666619,-4.557877666303806,216.28974203211914,-1.9592177854529444,0.8076252757313044,11.1
27.896870313414126,-9.200066286543237,437.22206020186474,-1.405026631552078,0.3268250083854676,13.4
91.21004964325093,-3.395803250165635,433.4706566709865,0.7715453293127341,0.49647841128533066,10.3
59.93206500143651,-9.903225372535772,312.68467859126724,0.4962404013455721,0.7815051486887571,12.3
41.91316075737162,-6.32484412992699,434.5686339675936,0.040883318184392614,0.8862900402566267,11.3
49.00103888181935,8.450659855415005,116.51654858971334,-2.2773747997144427,0.02591263242477393,12.7
73.2355157385057,-4.654082849263661,24.23581697636895,1.4654004081318899,0.19105421405664513,11.1
66.03236014379348,-8.527415354032716,465.9128054448885,-2.8967590479542906,0.4428934953341753,13.1
44.11191978897912,6.704640408284078,248.89166283443876,0.2513991313639825,0.4499800961237509,11.4
28.302099815786114,7.820330113612933,136.95901620343292,2.9229315898031327,0.36158948778986433,13.8
41.944841434736276,3.020008493564932,366.429014917135,0.39297155767718195,0.5751433406063834,9.5
72.09597276314202,8.863474192076243,485.2459127822165,-2.010424355620949,0.8375754017164164,12.5
88.9523622527774,-5.941626201947063,246.1026366205525,-1.4012733839662785,0.5711939189306556,11.7
63.13000785341736,-9.26894571478774,454.4591853784454,1.5060847927253729,0.2000226880210002,12.1
80.79516364052063,9.549853700996284,198.72557031189686,1.2561411620341136,0.18314864431189715,12.7
76.29991525189068,-3.001599292085773,141.66418609950478,1.9756478843149514,0.7632820018174552,10.5
49.14292579884757,-6.540011026923144,193.8486693465097,-0.564107077354147,0.10700437830907561,10.9
45.91369879877717,5.805828930572691,475.4722559523724,-1.8637722776211594,0.0857076542168328,11.6
71.37092878181754,-7.058813119363412,476.14129391921017,2.215253383587158,0.46101931015581554,12.1
43.903553076382266,-7.386206256998262,330.28273214663955,-2.5701546820703225,0.97374282703582,13.0
26.04510234676697,9.220586962563083,348.10682589531154,0.8238519758147484,0.7959496210222984,13.3
23.507630184421124,-4.683133161005806,166.95393968903355,-2.124657723475817,0.7130291415464868,12.0
23.152461581440498,-8.96280821744404,404.55408526086757,-1.1490584185687904,0.05354250373558345,13.8
41.7237631241198,7.609626047405104,11.90155903344614,1.2698152444097328,0.11806730920875275,12.0
28.605398688074057,0.25277406629266963,259.5454974952,-1.1197617005519769,0.19093259296167286,9.6
59.92345917005291,3.7024647535317214,220.33101731531735,-2.7565612761665643,0.4863768922629259,10.8
93.4861402459491,-3.6807337947387335,328.80592575629043,-2.2441152019674036,0.48364405277294487,11.7
93.95899634054587,-2.691050677171278,140.34693023755602,-2.3462791517770683,0.3044165377995016,10.9
25.383581076399267,-4.6760508570185415,416.8438537683974,-1.604906252447257,0.4134545076562758,11.6
60.25224667791492,8.64467351040556,468.8203259916069,2.911096732004479,0.49455732181610823,12.7
94.93469752134133,-7.947103796146573,71.9275856357467,0.09926190103853294,0.30188621261247284,12.3
37.04455229162782,3.633597557098174,390.53197106310813,-0.2534226910353867,0.7451732881124045,9.4
42.35084882914313,9.681206768805506,65.98384027427684,-1.5323090672036037,0.22701427742034475,12.9
72.01820895407297,1.631690354733406,189.37492849627645,-0.13286320899822757,0.47471384430857133,8.6
63.256299331377505,-7.154937486592434,151.8768144744636,1.6590290284418012,0.9935780208465569,11.6
32.40412072780938,1.1350722575163612,222.14861087638448,-0.1767468535641532,0.9160749842344885,9.0
54.657878006532044,-7.181761525184744,4.411098601819042,-1.6584491708476208,0.383108896086541,11.8
52.04120602343734,-2.054352556772507,86.68791886430644,2.505912876963463,0.28967899894897897,10.2
37.97200177280043,9.213960384915481,425.8013390279201,2.1349069138191252,0.3577523310865063,13.0
98.25763463268564,8.711434562167582,125.87304129389898,-1.758373967508932,0.02920257923693026,13.3
84.5184636175146,8.398630679830777,5.028608181114058,2.67443221504786,0.6790274044237825,12.9
78.02046517323785,-8.052976193787654,195.6663184181207,-0.13010503241167992,0.9448706186783798,11.4
44.79759109289915,-7.779822755222357,397.58224361732175,2.2692254281116018,0.276573196034276,12.1
80.27308969773514,2.993873446060128,57.400759741914555,-1.0805522493380257,0.2791024913154264,9.9
69.21340594067087,3.2301366939337495,74.8670422158853,2.2965443293119874,0.9579365907021467,10.3
48.211528833501454,7.950038529830657,172.6510781733917,2.105046511585149,0.3666528355451224,12.6
65.5306231320047,-2.8860273102894807,247.86149450423594,2.4260483056958417,0.860051305691248,10.4
39.945943244966486,-1.3970457345617113,131.90726905418694,1.3496557140126821,0.26225360198084524,9.8
72.56757591609076,0.9727246420472451,217.53713872618928,0.18223544828727345,0.7878219147281321,8.8
96.69957598192127,2.536236060564672,439.3928894618179,-2.3114100604109455,0.3633961670529797,11.4
39.592558512941395,-0.15634103163202084,364.4258384679942,2.671901901236218,0.51389873459785,9.0
76.39858565011622,-6.709865365243985,156.00142928302458,1.8999755176986435,0.9392258573911583,12.0
69.52865817189908,-0.5295676433244356,333.6046863173837,0.16039218729268168,0.11339835869247228,7.8
66.00866904631326,-8.004618172466957,252.94613925360036,1.0234750632490002,0.616526415906934,11.7
86.79781981154191,9.00088463847285,368.8999646985799,1.1501109487663435,0.6379183981575595,12.1
25.544027552571748,2.0660535519425043,200.1115867509939,0.32336559760066974,0.8712122953041028,9.9
57.2320197601331,-8.582811847903285,15.598652287880267,2.142845390775201,0.34855339099629923,12.3
65.12748822333238,2.3244410019689568,357.7315530667604,0.26316109781565267,0.5956535637694841,9.1
52.77615052346276,-4.35296064135096,468.02943368518777,-2.00522257370774,0.1954724807471525,10.8
68.43143207414113,-5.115677945038741,56.910689489148346,-2.3758438165452875,0.12176252524099607,11.3
65.10743366420799,-7.226142684790191,300.7000148364829,1.529750820021678,0.0445657660379406,10.9
56.11775526316524,-2.8961730450061403,26.441141156559045,-1.5359097881598534,0.6400525133875674,10.2
38.10385742149441,-6.665159480710054,29.346069108243277,2.264427116905452,0.2812141183804342,12.2
22.229943506805164,-1.5371298305421988,220.89697024638733,2.760022055296818,0.40354230984789263,11.4
63.815369876997956,2.1861326122513454,136.76545618042357,0.30212051463832257,0.65247005962257,8.8
46.44909844005763,0.9943011462143865,436.2054381594237,-2.7005150673985208,0.44375203765199644,9.6
77.8462288314526,-7.649279171264802,28.53783818065819,-0.5006967284542183,0.11946254726023964,11.7
70.78129422229324,7.1053745397233214,184.4564558985266,-2.9078866343379355,0.5517032508913323,12.9
56.4208027645667,0.7769885336145936,117.47828377829144,2.3016855590240333,0.8471603680166513,9.2
93.89591876657781,1.4273451388841707,227.60499960971453,-1.7508201405719646,0.4154383729843809,10.5
82.31408977083936,0.37204821899450913,332.4507152658737,0.7879345513171883,0.2335926470632832,8.6
23.277683137575984,-2.939908680241661,403.43697383541706,0.09717572738216829,0.9848551705102524,10.0
25.794247907105287,2.6143003809570846,476.6780124977159,2.797164249856591,0.849980800011153,11.6
76.96841491557359,-3.007856959278106,128.45926049722073,0.8632777584743074,0.7068932090131098,9.5
99.23350526176313,1.1707466622628164,24.533582041300907,-0.648608744319815,0.46015094254782074,10.1
60.64498793639261,-3.814667680693695,240.1340192430746,-2.1309343097231124,0.40830689344414495,11.0
57.34102478516169,-9.27845305814295,130.4190621578762,2.18495798131619,0.9141387646144791,12.9
80.75187675169371,6.622052273456315,160.17652541514371,-2.8633866902634946,0.4116789664116627,12.3
90.57939235505327,-1.8733906358137613,367.79154822514664,-0.542559599852658,0.43771426166460337,10.4
74.95934855570616,-1.599223320995744,441.61338858156097,2.043697415043499,0.47813922565793066,9.9
70.80753059758634,-8.405886644185305,72.62765548725636,2.51549134036438,0.8685795797504069,12.5
62.31141796414551,-7.587985250201097,302.63133276797896,-2.1930130565918993,0.5484755106222682,12.1
89.47967541092483,-3.7053531391238863,349.9229683479543,0.3939487693385084,0.7363309375647437,10.1
24.39280572249868,2.2908408693687825,166.62625355191685,-1.3938378087954315,0.687266733551448,10.7
21.57694231822368,-9.488370504564653,252.28774011749294,0.6315432413310362,0.08242300708177785,13.2
36.97466509085706,8.301383478392427,163.43552582508696,2.6592575732476913,0.6681604231156647,13.5
72.55909404285944,5.366315749201746,28.958904282938235,1.865477390898195,0.7750855594834577,10.9
86.80290663114349,9.46743816452895,223.6785616642153,-0.39822862612864807,0.9145360234571304,12.5
90.62079846455448,3.6734840739641577,270.50563338596936,-0.8262819539076625,0.766874740090085,10.3
34.74695667329139,3.1249408698884746,482.712631019721,1.334976777035715,0.01193356157694625,10.7
37.04852541986657,7.7612464124476155,208.31081299961895,-1.4021850491674261,0.1249200152380675,12.2
82.10827113234711,-4.332823407661959,268.94222871253066,0.08678662032073658,0.023637078793045108,10.6
82.25797287049338,-8.631295047201196,333.2375824772462,2.8314284551307587,0.05445816688195382,13.6
43.30254606348695,-9.971812665348011,211.82285609323787,-1.8109639791052308,0.3937514219245878,12.8
28.108612437599785,-9.800347089834196,432.3667635427371,0.45974968908461555,0.2675888849783431,13.4
67.39164719218967,-7.9611937807944795,162.04320755315814,-2.2063736778394296,0.7155756932427765,11.9
94.25342141521716,-7.030564009936189,344.12821531119437,1.831554529135893,0.27505421980895184,12.6
89.36342647545929,-2.6651926240275348,136.10615227686424,1.3310043689756688,0.8456471140842531,11.0
41.577612780958674,6.8164274476985725,312.2448586372274,-1.922282138892912,0.5768166516043275,11.9
40.8995144157348,9.016072881787501,0.5750288878202947,-2.529343603116158,0.4162564680314661,13.5
86.8767699708246,4.082904264634742,475.79273009106436,-2.2722753566601037,0.2130534327233018,11.0
46.764697581700894,-9.522945832875433,446.9374231153443,0.29863887830271185,0.33459040790556016,12.3
63.326345008621836,9.623633792875587,297.53783319198436,-2.1547353101450937,0.5685847601007871,13.0
57.87255449838959,-1.5026024876707105,1.7709550061477675,2.9502362727792617,0.5522188424599356,10.0
99.44686732551115,-8.117948141066432,452.35333900542776,-2.746570274831048,0.920190783505921,14.1
62.610164505619245,9.030968802259672,467.37947390975495,-0.44755591598468225,0.6217936759384194,12.1
68.39450855743047,-2.199390881239001,214.2457826843026,-1.9819262679099194,0.49817208098291843,10.1
45.41503418590445,-7.42321506071232,355.96604875366785,1.7584202985286845,0.059034390316412444,12.2
69.65337666331926,4.975373286957247,234.57934650000195,-0.17403296859171657,0.716957190822073,9.8
46.71268171755293,4.1089940834201055,241.27837231144662,-1.9146295220804026,0.6679888068742813,11.3
94.4486966794397,4.827576302246889,369.8175515393171,1.3423066538610824,0.7997288233138045,11.6
24.294134244195362,-7.817398413830112,360.88559803361545,-0.5785497485670286,0.6422914585690535,12.7
72.8611418251788,-5.878855441009437,298.7161525702918,-0.8024886087491736,0.6251019770748575,9.9
74.25343382303248,-3.3949141653417536,96.64098138833998,-2.081785497848733,0.9645503248459759,10.2
75.76885098185615,-2.8419982011409495,342.6060180709803,-2.664851639136665,0.4582327636922635,10.5
34.88627387577661,3.8946688808542014,123.73068992779251,2.4146812783970137,0.0998237974480437,11.0
96.5364249609827,-1.003323113491268,466.3910483669727,-0.6337335050768056,0.7149713343152284,9.4
40.482742584333266,-2.6708464925345883,358.6265395983095,-0.9396810335918833,0.26573367235505774,10.2
88.51364822545747,5.851886283932675,414.7767840799843,-0.10753618859684666,0.06449758739444089,11.3
30.338593171496015,0.09943809212032129,230.9198558408808,2.8123507174478597,0.18798464442079832,10.1
42.323522899992135,-4.538483108218663,202.53994682540255,1.4968203074044304,0.014700170116447198,11.3
86.34177143999383,-5.36413088670165,95.82315982525525,0.9782458425419991,0.11460102146372864,11.0
77.98473309107278,6.0077342710683865,112.57445168966262,1.1438010674156605,0.6475730797353071,11.4
79.37294888892075,4.925879232672655,223.79271480758666,-0.7466171283435417,0.042668021438299286,11.2
28.30629366617398,-0.7652617574233904,447.0598894747293,0.33651579695406486,0.37243506703981044,9.6
43.271852275702244,6.378646639898335,307.2297513273491,-2.3249772642585906,0.8624141329900742,11.7
41.30233856386887,-5.648514337014721,348.3823505909964,-0.07354629689971492,0.8433848982494927,10.3
24.155865033286563,-4.014821194982101,471.7313989603302,-2.0989382256703304,0.8244328290437991,11.9
87.39298547640827,-5.239111874205751,143.97345378287167,-2.57880092034331,0.41156052719826064,11.9
86.16246251476261,3.826615048762889,293.6409922989411,-2.573464006392318,0.2111977937909164,10.7
82.89969500180977,1.387824440053489,366.86904649785777,0.27552249627063397,0.6434725332946051,9.3
31.716790796291523,3.6685191106524684,163.1720679469653,-2.13778704666369,0.8754447420592388,11.1
79.1257123007374,-9.489972075630757,74.30763108867127,1.9665717122717075,0.19112068359847112,13.3
30.662835842261387,-6.713651365616129,217.58538037044912,1.9282528371980874,0.48938787675048356,12.1
23.674593781869582,9.078572786053563,85.00303111584928,-1.2136741871231636,0.9035480869576671,13.6
79.7869011505527,1.3283229135110997,69.88811172170011,-0.15177805754915097,0.905971350986476,8.8
34.5727925835742,2.0219961349749056,445.6208164266187,-2.7801692247494803,0.5344828031609731,10.9
56.15046199865315,-8.738581931101518,64.15285741003507,-2.4339488250275427,0.5692728641861068,13.1
28.090083825594903,-7.748061497029979,159.260465990202,0.5783729812698151,0.872880085654998,12.1
44.304323203459475,-4.478806361774186,238.49528745959643,0.0949613808264278,0.503896207599912,10.1
41.421167863864454,-5.318972788053175,425.5316694479968,-0.03032979360648369,0.48173079714891043,9.9
99.43825362623622,2.57986129578833,467.4638306262432,-1.1828248341876393,0.9039987070413317,10.2
53.10218628042229,-3.3933729026279513,388.85647599468734,1.1656168931978819,0.399091777351104,9.7
40.949845693742866,2.4874252766249754,60.058306268232386,-0.9511268109083666,0.1382017523821748,9.7
89.00300483047509,-2.652281112477608,371.681184838689,0.390906651461143,0.26923707274494024,10.0
45.45449510421533,4.537826024113503,316.4103627670198,1.5314534703844345,0.6401699710964097,11.0
40.91380767987384,8.89816902589736,421.96277992874536,0.5315706653885255,0.46581415287421024,12.3
24.45578380312101,-7.6039657883161755,110.48326344692389,-0.32867190620220166,0.9484849602434958,11.9
33.35251587038001,-6.44283234297605,160.36735808618823,-0.9620590971573488,0.6503326357902343,12.2
97.27445998276403,-7.194091401232341,298.63634526252605,2.0662727712101843,0.4146889276845923,12.7
70.9611171506474,-9.439327203458738,69.68127688241505,1.4154286746956162,0.8059365104270864,12.0
55.1286635608797,3.8671817468695213,309.6372165291747,0.3241288227246324,0.9812966481981087,9.5
23.066989601708585,-9.341948915063982,3.7103422109310835,-1.3938689021382826,0.06763882753894135,13.5
64.9354517446144,-5.438630912440643,108.26753658654748,-2.7004118858060933,0.005213529019790664,11.5
90.32609255387983,-1.3951287070064762,465.9333863236228,0.27591113755716545,0.7436949540664841,9.5
61.70404230477086,4.281601153726854,484.7657072865337,0.9055289692680959,0.3092980467748505,10.3
83.2290331765495,-0.6401509846666382,152.00351574571613,-2.7989233026843663,0.4031844050707417,10.6
77.96501955162415,-5.434176219392501,107.28530323738322,-0.33046968318131054,0.6396804616426587,10.7
36.09171708467551,4.673542063937013,33.272982432737905,0.1907176828594226,0.10265820105894174,10.7
23.974388640943324,-9.367007888788343,434.8312306000314,-1.915226038551687,0.14512496575535694,13.5
30.338258331493535,2.9429770514411793,30.662664310691255,-1.3485927097228374,0.0863472650088718,10.6
45.002597255504256,2.480538000106433,181.8193271961412,-1.1754988830256254,0.6726793442653464,9.7
40.54402543011156,3.7099096384932757,5.973120778954177,2.2941454432804367,0.10573461394235595,10.6
66.19493323511007,-6.5510024530064985,210.5045899291086,-1.659109517132879,0.35738195664321337,11.0
71.1008228916115,-1.8767182610548687,445.9680069643922,0.6887640762699796,0.7064213753076218,9.1
30.638549554392817,0.06345498211001122,251.41671749342663,-2.284576092822716,0.7925128089609109,9.5
45.32914186898128,4.0387713474694245,329.26587617215665,0.9004996843557809,0.2825157247603348,10.0
48.58662921325484,6.653297716722555,425.38599109315106,1.5764322978895535,0.8179158455184979,11.7
98.55425802109566,1.290770093266076,95.52060448021888,-2.3686886712735777,0.22348829643074164,11.0
49.860634397623464,-7.316632760612536,327.3135740885734,1.7446990105813196,0.7901938332244668,11.8
79.3558875844335,-2.5510111116469147,3.55470347078346,1.4714439506389052,0.34909115785675515,10.6
47.88844920974927,-9.450745083074034,301.4180480167582,-0.33466051882829184,0.07501370566696308,11.6
41.018016589289346,-8.9834561766394,418.119913795876,1.463949913759703,0.8007198877669425,12.5
82.88194606280702,7.390861502383071,327.7208959236269,-0.46693857979902864,0.7257041064962446,11.6
56.33836708783644,4.3491590249247825,484.23498646438804,1.686689833172883,0.792918700482394,10.7
62.683851747111504,-5.208835984215594,426.6531376169006,-1.1865311632486288,0.22252953988896795,11.1
94.37172223374252,2.846769216676373,62.47525197357623,2.721506672432813,0.8597492321461454,11.2
24.910008998823958,4.866536270373272,460.27484322112974,2.822687271787917,0.2513785492399193,12.0
37.517432972190136,2.016349733568763,115.08100900649715,-2.1457713236100107,0.7811339288005003,10.8
36.809424714193106,5.231980161837539,346.22489757086623,-2.0375053882721827,0.6257876678544406,11.8
28.328358353602034,-6.81362774127977,190.75045009228913,1.544501703227021,0.923069535389168,12.2
51.00365687915427,-8.832208934264315,491.4566097396798,0.15748916212568664,0.5204615522823298,11.7
70.60714131405686,7.719757548495963,251.63271439814838,2.3713244535069924,0.025538814415557165,12.5
56.650165732355745,4.510917104418951,49.50702243238781,-0.983592876418002,0.3084206686780494,10.0
96.76061952805432,9.643532360898895,295.04727546404,-0.3546564256180007,0.9409738937122495,13.3
93.7749099056706,-9.43877124961099,317.2519815887119,-1.2978398423747324,0.24854803423042493,12.8
37.11726587767967,8.84202645581589,443.49622726781337,-1.3050727658037073,0.03950159620417204,12.4
42.87768981896108,5.421138434645776,471.0885365687856,-1.770223576599531,0.8098464214472313,11.2
32.0487945022856,7.2528876054375,198.7591572159838,0.7071595277357221,0.2196737223154196,11.8
41.340431354369,0.695797929163767,20.877452404271747,-2.5852044302236825,0.1881523895275139,9.5
30.16197198420916,-3.142822260520659,105.12026320980894,-2.726203330875491,0.8044340826195185,11.3
53.14759002103696,7.502079413255267,241.15084584980917,0.20320446412688709,0.07758197247109588,10.8
61.552381805862865,-0.2100204779829955,68.72855796031129,1.899832730584719,0.8757086309300289,8.9
98.75139410598018,-2.546660600810746,208.29809476993648,0.034228771737792485,0.4922451450229536,10.7
78.98092783638597,9.087589633194824,126.08535263095727,-0.16213083452900712,0.9530897292693135,11.8
44.37520913748998,6.837069466258608,270.3720262792013,-2.1988332200752523,0.15248134209615416,11.9
58.750498349332254,3.0738207926357557,130.2192822512835,2.50640637130207,0.3674451366330217,9.6
98.10410971563614,8.146586928337001,10.852522452093949,0.9964838611313,0.8846013877240237,13.0
55.95957164827156,5.603555590350474,332.4759784870851,0.6023300169885664,0.4788090068442783,10.5
92.79167693839095,-8.153243064712218,142.74633556208138,1.646210449921707,0.1991601037046793,12.8
59.77108695910771,-4.137961625763915,95.2105110092512,0.6702584025651022,0.3457100662193958,10.2
96.95174312385947,3.146259876125688,301.22722234984843,1.435926312651433,0.31319189763378896,11.0
21.08390029448529,2.626375308903526,164.54169730515028,1.6689397891162612,0.23435780773651715,11.9
96.35995602415053,6.096955437299428,180.96602276011092,-1.0865844576737635,0.5746160742114275,12.3
48.84655883591564,9.22395014245184,485.09970807934917,0.5799119619588002,0.6419961185514946,12.2
64.72907945916091,-6.162755336069017,155.77921516837657,0.458208246989229,0.4457632142516278,11.0
40.85147214680507,0.5361938803934958,266.6195324537006,0.236002193039357,0.9794324382149738,8.7
53.968950130667956,-9.362822195267633,222.82958419597477,-1.7300499255241162,0.9585124280374324,13.3
45.65647345266464,7.203317468658593,3.3529612241799955,1.982746761424771,0.18039502440281274,12.1
43.818453903802315,-5.677339900616638,139.614771431899,1.9516715562334284,0.7107119150264842,11.4
35.83070217581847,7.030432561577605,408.98941696689695,2.767371263551243,0.30486283542152914,13.2
59.18238390964473,1.6809263411317144,257.9511170981876,1.2244362430717892,0.64560444655506,9.1
28.116848759479804,4.352690288978035,288.0913695005113,1.770110936450453,0.2708195030014705,11.5
38.03733094921075,-9.272813447567058,172.73265958440425,-1.0002148649117952,0.8139637230632287,12.2
69.83406366349222,1.1501084171285285,430.7233344232127,0.06336878471317409,0.5715020842809336,8.1
78.54995696844195,-7.228080242279365,153.08373011681203,-0.3784709683881502,0.4704630402014701,11.1
28.815814796958115,-2.9013460482259728,146.22995164062345,2.0762215297614857,0.11313283006334995,11.1
37.523584855755026,5.172112571783343,78.67389021929655,1.8929616369086641,0.991131022555494,11.3
55.71031994849909,-6.04234885961983,421.78940874625056,1.2061378190577559,0.08363433313616275,11.2
27.989913371707864,2.877108286766532,461.31674046440475,0.43394412820743167,0.5805742442926282,10.2
26.624294600018736,3.0891658003549,230.03847163792784,0.34631261914986844,0.6826056414933338,10.3
28.48130729926166,-8.972904668328471,221.51131423845138,-2.0415257745938775,0.240753091553071,12.9
21.779981120994634,-6.511718204991881,295.05128561022116,-2.861879082691408,0.6791003295850039,13.3
33.0349515958925,7.291136761661736,392.4771758337463,0.39262893622750106,0.19889374343061395,11.8
75.73568726536426,-7.498429309336238,186.51505754018905,2.634904979322517,0.10553947485235704,12.3
61.24456048670056,-0.030171565737802553,68.59393384026097,1.1173499786464864,0.2406679412609064,8.9
54.34021374176932,-3.258067517139458,60.10029193252403,-1.101175636777458,0.705515067878673,9.8
29.23607518118491,7.952274287739819,277.2584927574611,-0.01970609742271545,0.03187690565677159,11.3
39.543861890457215,-3.0096345337153885,55.92955598399263,2.4476340344883782,0.21434962071115216,10.7
75.28064411047595,-5.673999952267641,427.2478657758633,0.6361785505093862,0.3513361455235078,10.2
32.09082485377823,2.299106649899418,201.10345466760043,0.23527573263054435,0.7548216388120325,9.6
51.767669465110096,4.145044130035114,350.22611755367143,-0.6975617946501194,0.738868345962913,10.6
79.84855973339975,3.4375863755465694,246.833732218949,-1.2312599524371544,0.5351673843425951,9.8
33.57258446297369,-7.4818838021468785,340.24914026649486,1.4306105624163283,0.009633675252946117,12.3
81.86442182656106,-5.385812293491757,54.86185576161651,2.607219814216162,0.6076196365649739,11.2
82.66976818605856,-6.697165605197637,471.03447474547977,0.04977030329004739,0.656384560283703,10.7
89.32768316259094,-6.807415196969138,175.34206867284118,0.9791482879043545,0.461739289832955,12.1
73.82793123239654,0.28449098194572997,67.87018966601666,-2.74683563282901,0.3910614390772156,9.6
65.89483182527567,3.555298753310046,276.3815864788469,2.395946777539466,0.15656755512236642,10.8
25.001867631284817,-9.339920529264035,448.14788364504943,1.6917856061365146,0.7552731807616643,13.5
41.92782802413341,-1.3651479469696675,400.8486300758769,0.662708486696987,0.7109671944735841,8.9
38.09891491268915,3.3863137806467414,150.39552956945224,-2.224956874754428,0.7019559668147737,10.8
64.91717998824495,-3.5452047941977956,169.6302262009131,-2.396402369203769,0.8118704462702365,10.7
36.956528241610506,9.247852071055128,363.58207864999554,-1.3998267065566459,0.0244891789664633,13.0
51.06949597480026,3.7115995285968584,171.93130726570493,-0.9313399803107001,0.7978149856934945,10.2
52.97589963144975,-0.45976988339335634,345.45082795599853,-1.8862501157532108,0.9647231940446314,8.7
75.73328182238555,6.259922481836043,110.01812697381035,-1.705705568286845,0.5458897842429339,11.5
39.31373987402313,-4.723764730965416,20.179287811119494,0.09622182897649267,0.7158644998783755,10.8
33.20083861021514,3.0033550959384705,486.3906028052428,-0.77804002422282,0.7692470973570161,10.2
69.71205672970366,2.9913911649807794,78.6588186550154,1.0371576114625674,0.96094052713942,10.0
82.96489276651293,2.7413701962244694,337.20434893215366,-0.5193853438142377,0.26589810877564146,9.7
23.300431746022543,7.435029284462409,43.27209157288087,2.4302679719576794,0.059894653849733026,13.3
43.734642557639575,-4.590683358069856,66.78630503760186,-2.0021124808571376,0.8200660588946103,10.8
76.94075105165574,2.307624412232718,393.635061660507,2.4791390566859324,0.6515082101740266,10.2
95.26784521854302,0.31993805797489117,41.914118466809924,-1.5075107843491675,0.442050238702542,9.6
60.24819212870776,2.15116642910772,236.41149886674157,-2.845716271518225,0.6686191192635533,9.9
45.72068153120537,-9.184245762922052,131.311285008884,1.1213088004096745,0.22859729565344233,12.2
99.88671853923856,-3.5730680505238377,106.89301375420018,0.15753839890113763,0.29032039783884844,10.5
23.72518414811563,2.7067009206266697,14.46353128078698,2.0892270088414318,0.05353794989942373,11.2
62.55420514020568,2.705793959431288,36.59619212263243,2.7619756849671466,0.63630688429954,10.6
63.969332226787216,3.98265147827294,387.0008646017305,-1.4831126442192641,0.7966101895421331,10.4
83.43235367382547,1.2609579272507982,328.51891440481137,1.2199929339174815,0.8224019009274084,9.6
71.50722988350606,4.215500574511541,237.61902149220253,1.2762597437297112,0.16102726618351137,10.6
93.24157249090777,-0.039380459351805897,117.97908377236665,0.9292508440885769,0.6718325687747695,9.3
61.14820833674192,-9.156923862027803,144.84323016439416,-2.034631561673221,0.5568232322848788,12.5
66.31731776300428,-2.40472837902324,138.68085254463054,0.34572249403077393,0.3868766769566243,9.0
25.322749681583716,0.7175934974102134,299.56367840877203,1.7732260306205658,0.393369953054461,10.4
52.985656065952966,4.589217558945812,370.5933640886997,2.4406025826185713,0.6522108149145398,11.2
80.93156574719043,8.084278500218996,460.52537412037043,-1.1089897264422413,0.9455725885218225,11.9
31.133255882723454,-7.781966133244634,399.3328748740628,0.0571344061111545,0.8525924440260049,12.0
83.1648360525998,-6.977897993722313,25.742830304704924,-1.3003273946960963,0.9185415290124149,12.0
39.09827053539082,5.232704235895492,310.2459751649088,2.1340136939626104,0.15470820664840046,11.9
49.82446474174881,8.434529601256404,339.18844176118904,-1.088624456780594,0.829912156282639,12.1
82.75531615321171,6.480095388345408,239.22560271239357,2.299938011194171,0.36262421220592544,12.8
66.35166637051655,-4.010218658770858,398.9621458116072,-0.2796347997643478,0.9489158277506606,9.7
85.7505345751401,-3.8429592060115443,480.92687594228596,1.1695726426536162,0.6489750823987637,10.7
54.771648152814066,-3.6650466864225866,325.034232869362,1.9781089785399857,0.5053952733111136,10.6
20.386944023124727,-2.0663843977961953,362.2067492039966,-1.726921803495139,0.7577658552861439,11.0
44.24894138960035,-3.8807730010004082,295.8189460342441,-1.2173289239523963,0.7391178389047808,11.2
34.473985095679424,8.55911097593376,279.1628562856083,-1.5679870895182149,0.23783505181648334,12.3
47.80943926009688,-4.103157451068721,160.10164079480725,0.6187644845813596,0.39904136254891,10.5
36.50996711660216,4.068056269462518,418.5222119750623,2.4923941702246317,0.7260309863875761,11.6
34.15359076521655,7.32836671626406,488.45837031016447,0.33043251593693723,0.4019508655399202,11.8
99.34653028280253,-1.8037301960508287,72.53971336025661,1.5869805670332244,0.4251308013138809,10.4
38.86103872891275,-8.200256548522075,322.7998825601046,0.5638786087070731,0.5340901723579622,12.1
76.5470431849311,4.219144295431839,76.19662933832444,0.14708310045213402,0.2547980748386819,10.3
96.53546790207639,8.6350275444773,416.9337708992385,-1.6962607834836814,0.5650098767565375,13.1
71.04806127547292,-9.534871404364718,151.52834544191663,1.430848701317462,0.6522175079993294,12.6
23.361280470959098,-4.471190725516944,475.9790387625826,-0.48323553166599975,0.9257729541598595,11.5
33.101612847081824,4.555078429641878,123.7343444667493,0.7722567044000503,0.1592128127188357,10.6
82.4836409833182,1.1974219278697866,356.646413235734,-0.7045617115446414,0.6887197659287687,9.1
84.42530895486126,4.168598513740607,185.2555440303959,2.2345905811650173,0.021624645785047525,11.1
72.16795050226169,-0.4254709945361075,268.2680989000709,-0.4163788512615678,0.3054387904986575,9.2
63.446359845790866,5.321707868418191,165.2544591862536,1.822470960530735,0.7645865003514205,11.1
69.66207072471309,-2.3053709258410553,264.4849288992729,1.3692996957926713,0.5892610090347211,9.5
53.83101364975892,1.3156933428226552,425.96091692884164,-1.6286462554438124,0.12628599052800482,9.0
30.040952568555372,-6.9180913625418565,323.47700993392704,2.862355343789936,0.34806410194397175,13.0
64.03971913304945,-8.085012916467303,411.6707673575016,2.8189722263270385,0.6614246626562584,12.4
78.17177260892566,0.6388049517677601,40.008586509443276,-2.161950704221846,0.9199961015620561,9.4
36.51783041120339,-2.301407808285574,136.96458193841715,-2.599438180950796,0.6125797924269111,10.5
51.99704885046448,-7.188925945133031,466.9381400431098,-0.6651842317223995,0.14179794957172287,11.5
92.25164690575603,-9.348253065633372,75.1932203852576,0.053904242355822696,0.0027695976467054795,13.0
35.463111760866866,-1.7717187741122231,497.3014657384773,1.25409770589369,0.3900449902343377,9.9
60.48284263182016,4.38865321285858,346.13283871595485,0.846772660613146,0.27095444768622867,10.2
23.66113076940576,-0.34082435958568347,158.57487997145026,0.7108441705619724,0.13470529594671354,9.5
80.27061524807958,2.108573861018135,346.87825285016464,-2.149360698036658,0.36079014196165116,10.1
79.32492160163281,0.708887465594314,291.1957835135247,-1.115865100955085,0.5186572358040423,9.5
89.8074197387584,7.031840529291959,93.61579589640556,1.0084980210431915,0.928748636276111,12.4
44.47518352595209,7.325082234647507,182.69704747006398,1.8949077290644798,0.6635939459956157,12.1
62.07554217482893,-3.548320846149215,323.2395317380393,2.5998153707690665,0.8253036123774962,10.6
29.104258964372978,-5.616617008253824,467.12247843291686,-1.7163170634795262,0.9733377846311159,12.0
63.8539483170538,-7.964041813996596,403.9640603635481,2.817829165069031,0.7597529276673926,12.1
69.02166682557606,0.6526809461154883,286.0043258603826,-0.18450660319467937,0.646126275841259,8.3
23.124279159404104,8.134580043283815,279.3923711992251,-2.005407158029178,0.14023195118292264,13.7
25.598878832415703,2.7878231185335522,410.93776971533515,2.1358145333718914,0.06785800510828988,11.2
90.34463417632315,5.519039451451405,180.92433637896804,-2.4946897752682538,0.4246864471463814,12.3
56.296642120145314,0.3601552405693802,197.20524551940198,0.5340876426822114,0.09444639268665389,8.2
94.25977294517095,0.5897237307210297,93.17575463035521,0.8273534116558201,0.9367265111423849,9.7
27.855000137256205,-4.3210965010717945,267.973774796359,1.3782722741301097,0.36150054293958156,10.8
81.50279716391765,7.066183463698398,6.214943924766347,0.6241986800470745,0.1323930708224006,11.3
47.051373262955266,6.570621229304301,265.15714451177627,-0.8209441039451129,0.04424713974406025,11.1
74.07983087726976,7.986228260666916,148.18824045439587,-1.2484604700636155,0.04203145562820054,12.3
98.0726481327734,-5.95232858675717,305.3507361912922,0.5226147179703124,0.3963126338552704,11.6
41.00292917730115,2.5368021220310375,230.44426870500973,-0.3978756692597445,0.8982239671702417,9.1
72.16001390995118,-3.0601003357869816,4.058577455815726,1.1946248129232186,0.40266248278403916,9.9
22.0379521647624,-7.07613466373338,222.56231808834244,-2.3049273453852,0.020201835320105332,13.7
51.89380780045155,7.321504550903359,223.25122657932783,2.296691657644417,0.595103611103061,12.0
94.67930651857021,6.305818747786109,41.93229955628841,-0.9239158752297767,0.3154001619533655,12.2
47.25800815145576,8.175802529147951,139.9738429969179,1.610473962113553,0.8158351321920746,12.2
45.31601256435592,-8.430550163991509,423.8024079065531,1.5878153413038598,0.5823433278589356,12.0
81.63499523356256,8.76972228916788,130.40607919094748,-1.142744506376293,0.5440641586323932,12.8
92.8985422251036,-9.908114244179734,63.28139503002939,-0.3735982826239215,0.032699151473652766,13.4
56.41473065323532,1.0931088097434625,318.9372006492228,-2.40910316719677,0.9506715509554187,9.4
51.9138989158709,7.194768792202275,186.29151036130793,-2.1028525719982682,0.8258132016586116,12.2
48.21107935662846,5.091784549058442,308.37963534301673,0.8409903215722476,0.7008226906349851,10.1
52.40296075176759,0.325508406772574,287.70356621226847,2.3477976682620376,0.15028264593072838,9.9
76.92262112590512,-4.192277031817994,418.57813946191317,0.7123733120747788,0.5811125906889145,11.0
79.12329892601454,5.881610312895765,100.9116576790386,1.6421313435267368,0.7448741751707226,11.6
80.18334923295826,-9.811435102942315,195.4036699398723,2.7614468959343004,0.7039898253936077,13.6
80.81481012978259,2.453179491373694,312.3581510918105,2.6377413680662904,0.9298988661932138,10.9
40.396578716215,-7.480079626291829,466.72923395996116,1.1512038996077365,0.20947944033035137,11.7
31.062804558227004,4.200698065531981,362.2395752118036,2.060191965807358,0.3061797499895401,11.4
96.57723420825718,-0.03505352713759535,493.9497366099241,1.4134358634860416,0.6995259974658924,9.9
57.1191808027649,7.264107127577542,483.402162479212,1.6577456884167328,0.3473845434733748,11.9
40.239959050377145,-5.769708672907536,49.611939452959334,-2.4620057849888646,0.047965990953366955,11.0
69.82067461677536,-5.9762949793319065,5.482871376992604,-0.7563630517039059,0.0579935255971068,11.2
53.23576618326355,6.943840464173935,155.91976336702146,-2.820212817268515,0.6144045042460466,12.0
25.18205250783683,-1.9351802228341253,431.6925937156248,1.3174549820277717,0.18646234008879015,10.5
64.41470103293219,4.747038921421389,293.5503601988339,0.1502841155214809,0.8942544663766336,9.8
85.48491087485552,-0.7227886700575343,428.8967547781756,-2.709368012620746,0.7302411194181229,10.1
83.81491353223112,0.7542584708981863,377.9325666990099,-1.4289474433639113,0.4561843348796383,9.6
94.85963426104863,-3.1904973683192868,123.72246309109298,-0.9264037339039763,0.45349419108863476,10.6
95.88472206971728,-9.79678432919534,55.69935808871074,0.09736618340234138,0.4285115882773196,12.8
42.639508611140364,3.945574515434231,497.81738080555897,-0.06398540944316267,0.6494784593117288,10.1
35.7829480113833,-3.514275462501515,167.9298338216674,1.455643121638584,0.5958884522595121,10.5
66.26316580575866,4.498550826660248,346.270953615931,-1.8594505598451336,0.8959241068625757,10.5
78.84905260735567,5.835735827564035,62.463902214070224,1.7742675144190443,0.5888929034724152,11.3
56.628152422401634,7.58057750698676,76.53654341549182,2.469168984867733,0.6086597201415878,12.3
30.482847471984318,7.415419232156793,425.080033197829,0.71706708523205,0.8881657702499599,11.8
63.104436739587456,-3.0306720114099672,9.028503062322002,-1.979760892909673,0.8982800778835516,10.4
72.50099719215783,-9.779049078934928,247.6962295285393,-0.07054393554926897,0.8096739034440281,11.8
47.69900724566465,-9.849715026931642,280.7735828578847,2.9212599217235278,0.3768267712514404,13.4
77.6636566773779,2.296060618389273,148.87166592813068,0.0018491162023126506,0.3473451644779012,9.0
93.25077170452194,-7.794529630493228,33.41895521652316,-1.9018670564344982,0.7692268875305088,12.6
57.124745255336165,3.1047278161831002,329.3117274663652,1.979815334563754,0.16044236609164508,10.1
79.53300978531324,-1.2142340090503811,451.74354726610676,2.780158129387873,0.11172770253020281,10.2
32.831450458575986,8.188399569685952,366.6532259949244,-0.6365086890057281,0.29595625908329304,12.1
20.907092947345795,-3.077700312988771,491.74918308906024,-2.2114252808927226,0.01610714483967257,11.4
78.10605606623957,-1.0439680095268589,51.657326175714005,0.20108855719868313,0.4035269968743005,9.1
42.556601800192425,0.6934039959656264,241.69644794721412,1.4737080259233757,0.2070590522048612,9.3
60.013630932704096,-8.351967389196407,422.8822066619577,-0.6206528389531618,0.9592591339551764,11.7
50.09511021250176,1.888322326892979,433.79716022040105,-0.47761681562941494,0.4827574336208209,8.8
27.536615696197053,-2.271198848934775,196.96782369832943,1.7812811343625201,0.24338702319695393,10.0
22.341495298754282,-6.365843219950051,380.78455693401133,1.318422306104348,0.5040330422745054,12.0
22.85431066568414,5.070137776816566,252.32631542954408,-2.4080718861040937,0.29746065423238477,12.9
57.33757218393764,2.351352950715949,300.4196009366204,-0.8946074345978507,0.9099264623325931,9.2
63.08169213302,9.539721782479482,223.1802154215643,-0.4134140295332118,0.4664659587939355,12.3
86.58357447206117,-3.8832783909916895,210.92588338239736,1.2238399404991647,0.3021399061051163,10.5
21.824336432213,-7.963630642226455,48.3253854270615,-1.8589808100317153,0.47383247884089186,13.5
52.503199764506086,2.0629737258366205,291.33209262466784,1.224307141337027,0.08122116099311527,9.4
71.3208903500905,5.191194044861653,464.1823908040302,-1.4921189374539539,0.7126466496116101,11.1
29.20970904350635,-7.609745936220229,318.9844804053466,-0.3941078154398667,0.3120181457611906,12.3
49.247842459567494,6.801707482153777,317.42117597220386,-0.09745575048808197,0.8528880632673237,11.0
95.80388682511915,-6.351936097515032,412.6798808935165,-1.7275454430451498,0.6607127107793563,12.0
37.02129538378597,8.780399784310266,375.4241829768855,2.926142575550095,0.6936859129946817,13.2
61.465230331185865,8.176516006406672,388.6085174268609,1.3627100223195745,0.27462019934153525,12.4
44.26873849712212,7.188629225943185,140.59607340113462,-2.310257382885727,0.28877585871787537,13.0
60.820310894806376,3.265691519241951,335.28438506320646,-1.9185806622595416,0.2583077995555767,10.0
27.46228379307756,2.6640006242222203,382.81249293657197,1.3739215404213967,0.6871892665743452,10.5
75.68878499547998,8.339876528893065,122.23587432140398,2.4876378322449613,0.8251112695003824,12.8
55.071326105490684,-2.647434242842013,27.81090282277954,-1.4594237195418278,0.4453986636427163,9.7
66.49560651666513,6.870396521213177,272.0328508160219,0.9206590283170666,0.08933538501884886,10.5
43.75477163112028,-7.363948837883861,361.6553757362884,0.002755586407684696,0.46510673297450766,11.4
23.257467962610416,8.281304380074943,57.565337215847165,1.1114076252852723,0.9868400366181371,12.3
81.72710796528041,2.0512499501078594,408.42230907517825,-2.5957181271276974,0.9953494196848564,10.6
66.51592169000044,-6.332542716946456,178.57250128536774,-0.9783352371500085,0.9721327536005635,10.8
51.12222361790954,-2.612878160933054,346.9971478377236,1.38861999775545,0.9506133159204331,9.1
98.19285383412776,5.841382024587979,5.563241211610171,-2.544205756957842,0.05520391192801244,13.0
21.96850976734239,-3.9690334060438754,394.02398276718384,1.9272939901766906,0.9820832113253273,11.9
31.75227924150863,-7.006546890881992,361.43796035067186,-0.7136842738623899,0.8336535650604032,11.3
87.65118641618655,4.1818062502719435,439.8352087590394,2.349279207759899,0.0053404457701213826,11.4
70.80480608853807,8.722596049460254,313.9699165625438,-0.12352381870226736,0.3325736992652686,11.5
38.9771917236122,9.087811380505947,439.6616492731278,-1.7618272018651195,0.9850529921422636,13.1
29.707233835877112,-2.707325850857842,72.57474171142469,1.1225483977304274,0.04370914581035956,10.3
96.78566481425284,2.0457540452389935,167.1652465990392,-0.4310722661090187,0.09090179517107322,10.1
94.56008807087605,0.17163343995547464,317.0337909318229,-0.4776244958299163,0.26085701902778136,9.1
44.1539306041704,-1.961719312944215,123.4060037854906,0.30643373030995047,0.7519810397819373,9.1
46.06795493049293,5.960967853541767,93.99598751264959,2.9675826325303287,0.896719223928577,12.1
89.35758609325576,-6.537820344691925,71.03836792290069,-2.177711275511233,0.7997909222849848,12.2
69.2899922900223,4.387879992322386,96.79773897899896,2.160694515123433,0.8208200281117252,10.7
60.27902889587538,3.9729097472480728,90.01584412821146,-1.1384095224000663,0.7114313718479094,10.1
41.11393037250258,-5.900349808159948,69.17987285258026,0.7157458658844931,0.5679164595465788,11.1
40.56226313023484,-0.30669269913552455,85.53334233860427,0.7512799561378398,0.008351276087816384,8.2
66.3309295715184,-9.867479186089714,23.373028005926056,-2.1871961908702895,0.6839424420983341,13.4
63.91317194799392,4.452871925759027,370.31399779717987,-1.8060968614140165,0.614311694581991,10.0
94.41837631712873,-2.3945654626644135,82.13238207340784,-1.9290471737275836,0.3068082639430696,10.5
69.11072340576044,2.5364499513350847,16.558382675928296,2.5653147658784636,0.3465245508668744,9.9
45.09173511349286,-1.539647406713211,141.61254412199975,1.2385971735703754,0.6817247627612233,8.9
65.01262558930739,-7.208143896927468,63.319522976459986,-1.1542878451151182,0.015309299119568132,11.3
41.71625377577271,-7.7144988072404175,192.28013289318392,1.777001964914879,0.09138808737855397,12.4
69.42422792344703,4.439532981690109,89.47890385518275,-2.6101028848656975,0.5929434925236509,11.5
35.29470643500483,-5.879168484716395,195.17692404028747,-1.4220759269416205,0.06642251656620235,11.7
64.67011075293505,0.657725422793284,378.95581659178606,-1.979342547255765,0.2641377704745269,9.3
55.37710013384047,6.5295855991645375,460.3685917344374,-0.27716571315120664,0.5095244767203425,11.3
72.49511804629358,-9.278969111289006,208.31830186583622,-2.819763943450058,0.6781209377297535,13.2
36.58631807225467,-5.533456808696013,184.20505525567125,2.8000779722014446,0.9120802437804517,12.0
81.27566264083256,0.5755704618159374,10.940715801182055,2.2020467009551226,0.3555209670574666,10.0
47.69419634276932,-5.563319246612844,486.8977278489211,0.884901527941528,0.8167314641461487,11.0
40.136037662464624,-9.399479383931384,31.87978210539255,0.6374986637291098,0.9319672780583732,12.6
41.59762655706257,-0.1328501059167344,357.9308445954769,-2.0258609127349443,0.5017455424944873,9.7
33.4410550165158,3.014157285090139,411.7180759515713,0.8718792022870883,0.84142407348059,10.8
84.1689467215651,8.818772542611747,46.070470555842455,2.184261544737172,0.4776411965631828,12.7
34.451266463385856,7.947708985744018,225.60271532421027,2.179996951177996,0.5393747157099104,13.0
36.31109387532753,0.12049308775638146,204.37753981422745,-1.396988396170281,0.49671325331155947,9.1
88.65974494632587,-3.6004558624062533,317.1891937893949,0.5966634249171312,0.9695519010246092,10.4
44.40778571933202,8.39119958356418,246.6519812508991,1.8661707964193877,0.6860648282183838,11.8
34.783475004012736,-4.817093392096108,426.3596086195447,0.3208820205809362,0.3029020105011886,10.3
47.68584167085908,-5.47390939983337,434.75454810758015,0.31004331486576,0.7493541792910869,10.3
24.01093743678083,2.4670503654817075,165.75603246236304,-1.646953810565013,0.31184640606480196,10.3
56.56062179439897,6.217644284105287,49.05601656097386,-1.681449610237662,0.4768937444326403,11.2
83.60682335050285,-2.7220548428697704,16.20260699710635,2.5676573353318384,0.8524945001914256,10.9
57.771612542254196,-6.245323692888518,330.46124873480954,-0.7900675222355784,0.1177652947705582,10.5
51.883837984542566,9.488773940731917,151.08719299282052,-2.807654324401332,0.9735181797710387,12.8
99.63368659886737,9.252355383716328,196.55344665340596,-1.3785268745694306,0.9572521240853925,14.1
69.40317661640563,7.915181266569327,54.041126027245035,2.6501938062648422,0.1790238119289087,12.6
38.16106837942124,1.8346352551238958,393.21614274686556,1.3755620129616455,0.22340076093668138,9.2
41.97764447427596,-5.046903387223695,485.67898755168403,2.127032984475931,0.30932305643239844,11.1
75.36652819848483,8.46549392412037,394.91485988013306,-1.7660769696526355,0.046072083792642715,12.4
78.59415954562317,-8.681102995560458,202.0263206102092,-0.6112670017049928,0.6129358565609632,12.6
22.062409188294296,-5.678684727722693,316.894078749698,1.1493199905502482,0.3838311725426772,12.0
77.8120284392375,6.311801905473864,498.09186459944044,-2.580100562978531,0.15601302851980436,11.7
51.01500678646615,-8.637969259284272,54.73958406796564,-1.9417189639514871,0.23642308595993866,12.4
48.01517654069097,-6.454077246509913,272.19975990419766,-1.7632526227670602,0.7245101798342704,11.4
84.1178061251751,9.603359301638786,282.27577254983197,-2.527202477365915,0.7275852366947702,13.4
53.76836483146527,6.463254951127816,0.896095012859699,1.9372134614755838,0.6852074376783117,11.5
88.81384988385138,-9.5681387756659,282.27486159642183,-0.14745379438136563,0.9854573243530074,12.7
43.22731187907765,-0.17314786117301928,26.7379623138827,0.7963907877206742,0.8529227922514224,8.9
80.16873619355948,-1.6368329750562758,214.59030620495872,2.123635678403616,0.0498426733045404,10.1
37.180819234055576,2.9842838543562067,319.158037375641,0.1914436740748462,0.7988314147424322,9.8
71.64903130441203,8.579738596754886,77.61694410993414,-2.1228703710094696,0.28443237561521106,12.7
78.81718970704985,7.880971681613886,487.4225276746805,2.3155938764723185,0.7734331583078153,12.5
85.49455578897334,-2.6531598512742267,321.4962932385865,-0.38109817073971186,0.8704211606200544,9.7
23.021358263576104,-0.5986656642366324,354.6775815619012,-2.686579784941973,0.0673789187000351,11.0
41.11894366560299,-2.7640715575796593,69.93176910983784,-0.665859907067119,0.9201683233747163,9.7
80.47698183867118,-8.455294933184781,428.90893764322453,1.489164428117391,0.6915367211124209,12.8
55.101996951037634,2.7574475591824843,475.9895796714718,0.6609244426912109,0.5158796628163937,8.8
75.86960782749992,1.8337471436882602,258.1359699990345,2.3861477903934185,0.8313357256997472,10.0
84.97027729285203,-0.6407173385240572,120.75061065044362,0.9549509327132197,0.8328898918070834,9.3
29.656287429044383,0.07318663834164241,427.8810322720136,-2.017409564429271,0.3135141134096935,9.9
59.30898900203296,4.448002647014128,276.24763240370083,2.1749835539992066,0.2745116558330766,11.1
67.91660749449227,5.912638282630931,40.73329113844332,-1.3629046320180862,0.5847351205048751,10.9
25.97263497440708,-7.008870741864173,54.730189470167886,-2.3249481306596596,0.19096315016492127,13.1
97.58937283976708,-1.2387030243556634,362.9586041057966,1.2017778104227244,0.5616146404456165,10.7
80.45919436594107,-5.138506730549404,322.11924908531023,-1.6411659276154646,0.3204619717682149,11.2
50.80696987442404,-3.9318243322414688,159.20030956598762,1.366858393309701,0.7784073071482843,10.6
95.7376233050677,-9.698319910426655,84.68666714685492,0.02390092024970869,0.2731397570661067,12.4
54.45507994581327,-8.4184817944794,101.51150136216607,-2.2600536521979873,0.7711604804547214,12.7
36.01727821994362,-5.67581933178827,27.82250482987586,-2.3567553823149314,0.31294789243283216,11.7
35.7969155474411,5.615112319154562,47.42544434944318,2.006532049668337,0.9463658498775205,12.1
35.88883708856151,6.310386002034022,359.2921446885508,2.368158675394799,0.32982930561351553,12.3
36.44508682059951,-9.410969119218082,199.8315779768538,0.14710739852982924,0.8942617121362668,12.5
77.34554427818401,3.5068105676348083,398.12788823085754,-0.872827952257957,0.47462914564255454,9.9
82.679934607732,-8.41369780031558,119.95224949157141,-0.7626408816107091,0.1297349295576281,11.9
31.84103732053923,-9.817600176585529,155.1415183228546,-2.4365038701797603,0.47421776887398126,13.3
98.15744027550704,4.154993481187573,318.8280931992892,-2.5700090936378217,0.45161539140029905,12.2
79.50941048093704,0.35914826986476456,482.70774288627484,1.172706430079324,0.39662850384154913,9.7
84.14490699549846,-0.0018501610604602092,218.25509186400177,-1.2576382933004326,0.5555078160594301,8.3
33.5783286886494,1.9882000858196864,362.6202116360666,2.7896743681241363,0.2687540623873622,10.5
37.47155944195869,-5.561379296991477,408.82300535585176,-2.0849166151479523,0.7557938929168406,11.5
81.16056865397127,2.1227089025199337,108.56597922389061,-2.6606035241547694,0.0342219586568715,10.7
33.67894501603519,1.6557709086768906,190.71849357554805,-2.581252172524813,0.420538006410185,10.7
98.69703319464759,-7.798362944999447,289.19357062144485,-2.5115580327462395,0.5939455321298914,14.0
31.816987939310728,-3.2918056348826807,155.02650744349327,-1.6798332610875197,0.014202442151209915,10.6
40.810384369079024,-3.706984440544727,466.4571671825896,-2.1245451662598347,0.9240296309286337,11.1
72.78907675308834,-5.693297481225665,410.4894260064351,2.8553973629336262,0.5027456946681376,12.2
81.6389223105835,0.7829438920235496,140.98302800489475,2.1196001222272196,0.47354733236101,9.6
47.783876686393285,8.784116958054959,44.989340087423166,-2.515875238578852,0.8161324181588765,12.5
90.53498368738049,5.3976255003808244,442.31590597275664,-2.576535344483679,0.14338019332449703,11.9
77.36065296958273,5.321332877111793,134.03481227439033,0.26261895202267427,0.9948389253840931,10.4
52.452463342962226,-4.97081783600933,136.72243414020184,-2.867554810747749,0.8927758750330265,11.2
46.703476884994686,0.4051712355267547,236.13495667669565,-1.799299774098584,0.6827087747912232,9.1
20.51225759774253,-7.799114095407804,301.2757041827447,-1.9811168485843373,0.5441402267240383,13.1
67.98235591538074,-5.574207327182579,356.4081706701849,-1.7579471163248326,0.8043656626208365,11.3
83.01923530530058,-9.378327627894357,208.66884065111458,0.831856762357865,0.3493919866750428,12.5
82.88624086677704,9.200489378447362,409.168603381775,0.7947555989215371,0.47161523512924863,12.5
41.447143206956376,6.921752275193093,126.28661450371919,-0.3003233550346165,0.9704450398143198,11.4
66.14222098550734,-6.934713977848441,351.45066525231937,-1.5024178268741193,0.2986539338285996,11.8
30.447176706591534,5.554244444636929,405.00870371069095,-0.21859626852552694,0.8886559018122394,11.1
47.5335642141074,-4.498485934744714,145.37133461918052,-2.8910461883662055,0.5145764397824895,10.8
63.65981555108438,7.953386801567785,324.12841063206673,-1.0217216961037257,0.10751821874701994,11.7
88.50541587468739,-1.0397177476757413,391.02351024466225,-0.996270318516606,0.9483075264680574,9.4
89.4265509323988,-3.1659534284056896,473.87708020641384,-1.3442175136356995,0.4008992471306192,10.6
87.80988159219558,-1.3904943894722184,132.10039112598494,1.0865212715897927,0.7384495750665497,9.7
22.43702805860032,7.737455425958714,223.99942032844626,-0.6445249184601973,0.562294440961277,12.4
23.97627782302866,5.7978488341788985,121.67368233664261,-1.6979357191343065,0.1846601591828989,12.2
45.7200451098724,-9.20955272487209,485.0661640416121,1.691959164097729,0.7286699873279933,12.8
91.05746303040327,-9.68627025999605,92.17180521495617,-2.56622635626991,0.18291606535861005,14.2
49.47728170174558,-3.473840332877094,167.49290534557488,-1.0606666278228467,0.3185904537802847,9.9
72.12784852803783,-9.51988566322148,78.39039579374851,2.9970273310094546,0.9488822615972076,13.6
89.45502765707778,-3.795960262238511,371.4722919154787,1.4597991520032005,0.22982775009717016,11.2
85.22169265480828,-6.994758600881705,229.44780434106792,-0.8613338828907762,0.02039525623495919,11.4
53.80542088485042,6.682561022080986,356.49982708370135,-0.3110560230596775,0.2919730181004043,10.7
91.52397179531269,-1.4329132221573992,34.36817509007412,1.267116175889921,0.7895690157124555,10.4
82.53046353366022,-3.9601023167947584,202.45154348215172,0.4016302883326439,0.8141884190070424,10.5
85.17132893580583,-7.133445229096351,87.05119024544861,1.1657876401190128,0.04513210552297786,11.8
36.669118692355056,-7.178375860959623,156.6867732360107,0.052654321741886,0.7152866845102201,11.2
81.66740036633885,-2.4031578326064533,12.101253584914428,-1.163884616850726,0.5793606048298651,10.0
67.19128084432265,-3.5196887458333537,424.6066907789294,-2.547559149812328,0.6201713550592814,10.6
79.7713926677525,1.9933433333053348,100.43358092773074,1.622477924127102,0.09274691729588869,9.5
29.79559477654835,-9.766082621646648,275.7329046480473,-1.8251828696246812,0.4906191898735993,13.6
21.564345469391704,3.3683908395830304,354.8396041203149,0.2632482380121779,0.766789442146144,10.7
74.35746802251126,-1.9964673998406788,357.0782589426971,1.8328472208896933,0.6467304995468605,9.7
43.97230516071935,-4.07739881456698,158.62973453501638,2.4898127551286358,0.0013272293333566054,11.5
81.52660430262566,-3.206761684862906,460.74211220359285,1.0031084605338947,0.3917880980839358,10.1
79.61910801074269,2.8693921834937424,301.5382279927764,1.3998719046806434,0.9156605077679049,10.2
30.896046599510882,7.053398392377904,302.80129302116455,-0.41880541867999455,0.5581199973151879,11.8
59.74053189546568,-2.139102961751,379.68801233853753,-2.537846162132955,0.425243032531886,10.2
55.68396955525489,7.2241842212586,481.80253153500485,-2.6917316632286736,0.09885305632872232,11.3
99.63357419019668,-5.07256125031514,95.64154086441296,1.238640309094091,0.016743442118453244,11.7
93.68618286265772,-1.9122120123510449,188.1442488282189,0.38252765028220903,0.5216507832072834,10.0
54.71201874846122,-0.10533996746786123,194.84861438450574,-1.346238486392282,0.49468132160434153,9.0
67.16931794801778,2.4806171395240213,450.601430489821,-1.581216390305705,0.18694481090727166,9.7
68.76448815282149,-0.8850378950711217,212.58238992480273,-0.5337713318381692,0.34881808956658034,8.5
27.806680171074618,0.10051225246701989,9.270325701485726,0.9253987484928161,0.8462730126043193,9.7
80.56983000026197,5.011807897255636,417.67985830966563,-1.2988446634517632,0.07896934283112922,11.5
46.65579592882943,-8.331310677840548,244.41945507580087,-2.8230652782304086,0.8516511989406789,12.5
65.5791198013462,-6.730399312024571,306.036812430639,1.9446355214722573,0.312060347024526,11.7
43.743232850236325,-5.915896312252984,268.89331924347,-1.531125197789271,0.6398905654628696,11.4
91.60061534718533,-8.633880651927424,262.2562498557669,-0.12288486231164342,0.3895178834117098,12.3
49.04961001648586,4.7145965525920825,497.00373505772484,1.3400288950301755,0.6403877176587759,10.4
80.69478683797753,-0.46536911782087387,323.7346431496059,-1.5778048703413217,0.2904208938157199,9.6
53.59286751496731,-4.916421874410233,201.32396089851002,-2.5445978753684226,0.20793007903126537,11.4
45.3086420331218,0.0243779777376556,7.546100194584959,0.9408356209154274,0.8119604762953437,8.4
89.49445059861057,1.5849399058072944,309.93307013547275,-1.199944829889467,0.9745494027770001,9.6
44.0586102813117,-4.865082540649963,420.45579211145986,-1.0703464670263927,0.12639054593502186,10.5
80.14780798721094,2.2046719385133926,242.88578337618554,1.9533002298496074,0.09457504627703395,9.9
34.758851230947315,1.3764789529315387,325.10735505121687,-0.29428920567036254,0.0007957810330246895,9.2
33.33199938831659,4.100501334528284,462.47481900771555,-1.1672808024311734,0.163774479032876,11.2
39.47077003378352,0.5598440005037002,377.9187419851007,2.499633422022197,0.34954273014646575,9.5
49.71917467397357,8.332618392122797,269.91500528680047,1.9944229591824758,0.8629202658539336,12.0
31.333329929230906,2.1125549905992855,157.68023840230362,-0.982103480700216,0.978984894108351,10.4
82.52297610669982,-6.833029685737742,162.28282505063174,1.1906176836952405,0.8307392186673274,11.6
64.03281987037232,-1.8701039548123184,230.2529436705577,-1.933331818514123,0.21662295395092068,9.7
20.235768481395915,-8.61155785625108,80.58265506083917,1.8262271710848612,0.1898070853447288,13.3
72.89295145256216,-4.028726621439707,157.19713772821225,-0.5433658025594559,0.7106015045769822,9.7
22.325563247204727,8.980779555051967,44.17977729782341,2.3902115739394274,0.576424516253516,13.9
88.46758106601885,7.785372176803186,398.71249651897256,-1.0270879860980715,0.6014979924829191,12.3
34.63677065064124,-3.229429243429429,15.074294813423371,1.4834493250768404,0.45364636072462694,10.2
72.74469083355133,0.7344265908740297,99.70418283463256,2.464676975066931,0.36788733578036736,10.0
82.97178616927573,-6.436638012320799,86.82037675042076,1.6468518258153395,0.7762786290765212,11.4
40.2995964686628,-7.593750619891882,178.37975405382295,-1.8691920145243053,0.4060377741048429,12.1
47.0695617914674,4.904224185749532,382.41753849826785,-2.5695655567805455,0.5215723000094834,11.3
55.93516622332231,-5.231999975019059,389.4965684157608,-1.8399093555922628,0.0690830207190869,10.9
63.499830440163265,-9.05564881141718,110.25630825134397,-0.31926512356677605,0.41537166443472073,11.6
85.20795227899438,7.208033199285396,142.5794726828763,-1.8415717700785719,0.18274960493233738,11.6
72.75459141823382,5.284441278003889,229.36922348351573,-1.2804608402745872,0.06538341536058645,10.8
56.41982093324722,-0.2579701845431579,401.1454972793294,-0.6269697479322369,0.7173858025761346,8.3
47.083927388541525,4.730697926127137,384.00851981959954,-0.8303756245136853,0.8965111617899564,11.0
72.44566213724755,-2.7199643120947092,420.5213934079266,2.7244554407304946,0.14511917232265925,10.3
28.791440663713264,0.7410286933050649,477.9258608924278,-2.5915158146342616,0.7282782860410688,10.6
67.01924309428998,2.3323160782257712,160.42634473588103,0.5076552676577242,0.9197644366101657,9.0
29.294949366791254,7.72780045434714,487.1020784543126,-2.765037576120272,0.2972856305044086,13.6
96.19059555754275,-4.027897347830023,482.59891327005505,-0.6201420622708911,0.8485852119124712,11.2
42.86290717673403,6.563336607648029,148.705926769374,-0.3046796448938931,0.9238084915449787,11.5
45.20451260649172,1.870458733160401,400.11337824927426,-0.5820503985904462,0.28202915531986406,8.9
54.0764334651987,-2.7410488469174643,187.9536267156149,1.6591772566237593,0.15982335379732127,9.6
23.909677042762326,5.185919158024161,81.50916327455093,0.898561721440287,0.4999590836886293,11.9
70.0215121364831,-0.9658358097818223,198.0673946256404,-1.4052713297752741,0.4797419575038262,9.2
28.232183443440427,-7.777608485716721,13.316509597496417,-0.9815778959147101,0.02763931972914646,12.4
52.09672325972993,-7.8289380453972734,249.69460965423045,-2.737585280511321,0.9197851945909631,12.6
45.43913349697827,0.7914945921940859,43.39566178129595,-0.8171636644188025,0.8929247768044175,9.0
46.85358471273076,-3.028257317200243,438.301818743483,1.0102335425430242,0.18884436198421028,10.1
57.31758313737938,-1.3822420134452038,490.3255864186154,0.5477372239221099,0.5006688758181942,9.4
41.1576131141028,-6.503790507692093,183.8668240112773,1.62739451093476,0.19909233284230832,11.8
79.79485804402717,9.708957334152164,168.4114896660623,-2.7333741804600677,0.522694526586488,13.3
36.00382410330714,-2.6583174910248335,473.80417224884087,-2.075507774092086,0.9916555313443326,10.3
66.16574496247017,-5.143607717161962,170.73726651433614,0.9954984029900773,0.9044472189712167,10.4
86.4595468605202,1.1317899139759007,55.280774345180525,-2.2769334455035337,0.8455104583830172,9.8
27.268575161626227,5.921101019551022,322.80885396436224,-0.4951801459915868,0.30176751233621224,11.6
74.04792723254857,-5.084198343450401,77.400265417014,-0.5958018337812696,0.5209279823698969,10.4
33.20374193710339,-0.3114608288693095,384.17574303334277,-2.0014293941696124,0.7871395091387946,10.1
41.7157140444851,-6.672881788094164,219.39998779467314,2.6046579508290506,0.8632189283657042,11.5
43.42002429281134,3.2800825292301674,352.8159529630176,1.2636865872161689,0.8670973619417843,10.4
51.003408861653845,8.912552132399124,18.103605344234218,-1.914014330384213,0.3237590917983588,12.3
85.6206944620918,5.589991538944709,312.02701265752006,1.6230489831085508,0.2309620566731988,12.0
23.27348964150694,7.089367457705361,280.7206892638561,1.6612939078546685,0.14663030579244596,12.3
23.766397361174416,5.746085919331925,344.8598038114591,2.0634797422626328,0.8724728994443552,12.8
25.68410904769161,4.1095671214770295,4.108569959855202,2.403156411375953,0.4255251899042011,12.2
63.578192147203374,-5.661807463849349,411.92373744874135,0.10004601185720263,0.3357244540698202,10.3
45.24726823180538,-4.66878820213636,393.9944883748077,-0.07895450951413041,0.7549476019266238,10.0
78.47431370004514,-0.041695895681039374,201.93290312417972,-2.590436588186069,0.9588814486064859,9.3
36.06896003235079,-6.325877106318394,160.22524450233428,-1.790696083266673,0.9265430173090102,12.4
20.537805217965204,7.140486805032268,89.86591861836828,-2.56921821255653,0.2719031884052904,13.4
71.06130468371961,4.291000340581853,3.6351057970253065,-1.6744164253161387,0.7152736538619454,10.4
72.0006965018813,4.11269095313224,291.37904026302954,0.4761452882496684,0.7996486667129721,9.9
76.21690679114077,-8.057374021969503,137.63689061336686,-2.0093131508227633,0.29106935606500783,12.5
33.38887318086733,-9.418731076009148,352.90399404242515,1.5911272575755255,0.21461195022539092,13.0
90.76991471383371,-3.6023964675250593,46.79080106840028,1.7124056779250942,0.8542664604640822,11.0
22.21093634642621,2.693681173351834,171.97877637158948,-1.6176918882310718,0.5076816427449679,10.9
86.33640098269382,-8.454598059662057,188.67357380628408,0.8313889815351518,0.9611095955193523,13.2
86.67687102034827,1.070473034569881,469.44746360385193,0.9316337917896087,0.8424668912418455,9.7
66.11601040794092,5.867955873297927,309.7810848489877,1.6275698247233121,0.25310407635920973,10.8
90.97758635202084,1.1327633491538673,384.01122158846727,-2.219715776883922,0.06416221331189553,10.3
79.76892125756548,-7.662899206151749,123.26257961748976,-1.113852992238332,0.9425243901920151,12.2
40.533167166859414,-1.051703769717312,415.01069797584347,-1.2940960524753935,0.7259632947114104,8.8
83.20486902362995,-3.302620766775455,326.4611326314205,1.6536759992395638,0.9599359819202108,10.5
55.14327646286769,-1.6522818781680488,346.47252725837126,0.3268678067204278,0.4301454350837409,8.8
86.98574022746288,-5.206826129442832,82.40000000062159,0.8696009314016586,0.07430802581314233,11.1
45.86085993740441,7.180715960358064,268.4798303701595,-0.4997380668980229,0.35149795159357,11.3
57.86784119483335,-0.40376374961134687,226.46472537892865,1.7373584501779549,0.677057859770294,8.7
27.84952822724975,-1.638419997468164,343.4333674082865,1.057705399120815,0.8718880389029221,9.8
20.134487841574238,-5.980572591363309,350.339093642892,-1.668889511038953,0.3091523054956228,12.5
75.2641163144199,-2.620382718007697,131.16844492499985,2.588203915994261,0.8969162239609075,11.1
33.02315603506968,-4.591908835281542,235.13065457134914,1.4282562689649128,0.28644831894797684,10.8
91.05767188592358,-4.014306770319241,220.41081811759705,1.4202313303682068,0.5452028575775147,10.9
32.21692730990968,-0.18743436119290635,413.75405536011834,0.25644460651731826,0.1872216404876238,9.0
44.95331425437462,5.5032773485853745,245.83638443845456,-2.989187425572149,0.9759994196842507,11.7
55.27663572723863,2.004002628817233,206.73658758825948,-1.8564529015369797,0.1630392537748705,9.5
35.74208952591875,2.0503262332078123,289.9436905950244,-2.2846398392089706,0.5191983984234784,10.2
73.0883208062173,-8.3504921898791,398.1376256926117,-0.7575706076804143,0.25547314249472275,11.6
53.09913985789297,7.608162983914621,287.1744889755242,-0.6794196554492222,0.28100656563315174,11.6
56.125594857284426,-5.281762253311635,210.8829739088141,-0.8518558366148938,0.9199442817327285,10.5
30.303887661286815,1.188188706192733,484.87426432176153,2.251193685731968,0.5305925732293607,10.3
94.80888886288251,5.629109056871172,233.20595706003905,0.8258745799893061,0.38436273619806993,11.5
87.52957348157408,7.046901490236603,98.3096448262622,-1.0209657716016745,0.3023413304184641,12.0
89.5846917992468,8.832489436667615,98.83968450737824,-2.0603685928062325,0.2708619804983541,13.3
45.64629947079758,-7.421586009896785,393.6859314108424,1.8427100573365927,0.7535139230589506,12.2
51.01440807555803,2.2899112909036425,400.54651694543855,0.1849027521381288,0.12784792621447116,9.1
85.21318613680451,0.9832875942500259,287.89162565822215,-2.741234831057726,0.5634421778482323,10.5
20.971542061637287,-4.240274273445365,80.14639554941616,-0.8150867189029567,0.3797969715548345,11.6
27.82246781843522,-7.644066530789432,165.78516407366894,-1.142796754992406,0.4666846141038872,12.8
56.71119707866835,-7.228589340029079,201.56492597630805,2.4992769262323975,0.31010285030250984,12.3
54.771708232948185,7.2100339193258876,46.23890532578528,0.900622340464571,0.3832778213841336,11.7
57.32148172030311,-5.520344519710669,50.35405879811011,1.4989538266723255,0.3555778840990528,10.9
79.0598509576532,8.204103061395859,346.53203911929694,-1.2853781908442796,0.15739975536543316,12.4
26.614223565385984,5.399068988676909,122.10733661632273,1.0585185374320423,0.8905623213372479,11.9
92.0680450777171,-3.591863392446597,184.7628890920436,-1.7176552979797406,0.5578881566700471,11.0
56.85372992199622,-9.924443553750805,258.14929746733145,1.8013552895740599,0.9878684866784593,13.0
48.30780702304242,-1.3010531775647376,374.74920176243137,0.11748850674879696,0.6337085048148915,9.1
29.436483712370052,5.3823281721500855,182.01686511762838,-0.5965196989343307,0.28293208257462577,11.4
93.9322528242752,1.1016819123648691,138.5570869901777,2.517459435995706,0.7109169520307912,10.4
28.66519310220303,2.4773329007521045,315.5114622620815,-0.8945896274764449,0.1280174452934384,9.7
47.83996976593349,-9.847505598956284,139.0923088363127,-1.5950872484171625,0.15627175098620116,12.9
67.5317391303966,1.4212717703496374,455.44095098310106,-0.6374179320625406,0.927475920358335,9.1
54.571643847702596,7.506591218233318,278.87089650135374,-2.4221585981914657,0.20196089030148823,11.9
73.6151750951806,-7.550001325541851,79.264377949883,-2.501732094200661,0.3987768284701442,12.0
20.04043669691958,-6.605691521626844,115.48874199079123,-1.433067662783391,0.9678646686396303,12.6
81.90753794194961,2.794712354258305,292.3136637662191,-2.7591331900735963,0.159169908902984,10.9
71.05030490135762,6.132792828024918,337.95596084523044,-0.9914695966956915,0.7809956791984554,11.6
44.14240268448522,4.964480783619097,270.50967361059054,2.7896080442085536,0.4456701190079503,11.8
27.434164985320038,6.783352982965582,5.733390491349355,1.2820760617287483,0.4625846924835869,12.3
38.03226941530178,-9.432379159644137,410.7102108488026,-0.11964913527830312,0.8867788795980589,12.4
89.56719002887192,-2.473733512162344,214.4447280395027,-1.7144481392064947,0.43705537323822286,11.0
89.85213398869634,5.828214045608105,424.14970178693636,0.7649178165243775,0.030609292066454796,10.9
46.93105722935172,-5.338774206961379,296.1394674587257,-2.1182410990390026,0.18973426443041297,11.0
53.05388643359238,-2.3068650123671253,90.65337501572657,1.923860465821332,0.002152349358595207,10.3
98.95799914389944,-6.170651993251637,190.63693665946246,0.850939508474231,0.23256160931909475,12.0
75.21592195969535,4.4634189169651535,182.8524097527413,-1.75698073427623,0.8398009512184865,11.1
60.714271501683896,1.8356604880530938,463.9868443846537,-1.3710418937364555,0.48046284749783064,9.2
75.99170153976222,6.449263640596374,13.276195475108665,0.107026181452333,0.42872227300495813,11.2
97.94189962843595,-6.924862207207017,159.1037199013044,-2.268893864613162,0.2379049869804214,13.1
50.659999301247744,6.269018359663512,258.8558091482874,-0.29337909225015846,0.8585694220042348,10.8
54.76491407390644,-6.442313057747144,278.63957511501246,1.2017713542775565,0.7001235862921753,11.6
44.96965616981509,1.4033351059707897,470.3796765285352,-0.946387133106823,0.27569647598510283,9.0
91.94261798394618,-9.965052069125036,224.1756686408035,0.7677462070216041,0.31143669739180013,12.9
89.69164160772657,0.6220047149261418,389.8026939157982,0.21718738626720224,0.4051306987693777,9.1
55.41594887277065,8.984613705814894,92.08172669844045,-1.1833969827769728,0.15161819962730372,12.2
27.19933814921849,1.6980496769276847,400.8631711200725,-2.2835548272428037,0.5180583721120172,10.6
67.174338831119,-9.0238418179691,13.2971840843486,-1.3480950786295163,0.18742461070744476,12.0
83.98623406932487,4.70118004818927,418.69194538769744,2.3060967561332557,0.27456142564174657,11.2
55.19218001644611,-7.696885406304759,55.604434033794945,1.4542307677519117,0.21913937718947396,11.7
69.76956812103947,-6.807441910621776,201.0074287959656,1.8962305453962927,0.8747513798358146,11.2
59.0830206570724,6.898529649911936,213.9077616780386,-2.3120632387393014,0.5780923134265795,11.8
46.45652253792165,5.624851668123794,165.4939975085426,1.3432088375604412,0.7335797749725524,11.2
24.701871114406913,3.6787044332326673,59.04487635811856,2.108360539708304,0.727775582824349,11.2
28.45211481692841,-9.17611444137634,117.67278546944515,-0.9909622153589908,0.07777748118802341,13.3
37.98037126202598,-2.287291169320767,176.83659836481502,-2.873058087655104,0.016168699522480345,10.8
55.97543237180429,-0.6780031825878297,425.4950838849361,-1.912908014507636,0.38410075647724484,9.6
60.65697029036002,-8.492068732807184,464.231876980192,-0.7711078730079777,0.6626241938210041,12.3
97.0948980936704,-3.405684940096516,25.637391772767636,-1.9411037902449826,0.49270627171833303,11.2
61.493396829691974,-2.0317230391416192,363.2009000459579,-1.279561578192482,0.8775044561306511,9.3
74.7727910002256,1.816855231918593,298.3916148533283,2.925849115877919,0.5094129470910513,10.8
58.78521508170252,-0.5658061950163429,230.96466126184862,2.7008495017606666,0.12533248820215148,9.1
43.38643610534872,7.529604027540255,449.1070288163683,-2.0781920423190368,0.5444063607512979,12.0
58.32431390029032,-1.5558658790655144,228.20262278816338,0.44550841247435713,0.5134739414963849,9.3
21.042992031424497,3.252944472151933,247.1687220236598,-0.3887219368283006,0.2529077462004693,10.6
86.57439352409182,-0.9848605509338544,117.57207542742687,-1.3792707924039063,0.19874369506180456,9.7
54.737990569381594,-7.340242190365334,79.8611767592255,1.9501228582431134,0.4730203862918865,11.4
63.33844790843318,2.9560981667179185,489.0506217227519,-2.9648006249749064,0.021718220934788923,10.7
28.4610105320957,-8.233365320021717,376.1523288255643,-0.12050917118509608,0.8248699837749415,12.1
70.56928424625345,6.055203861808497,277.4019028108658,2.0376461239841817,0.8368846097237556,11.4
62.904864372018366,5.222257568347031,50.43090323279159,0.8679454859062905,0.7763110534599319,10.1
82.23422259901375,0.19494513758743892,199.82444772995538,0.9280566019446983,0.6703866055628129,8.8
56.71980591482959,6.361437479471835,282.7276022609541,-0.2866659262558935,0.25129634432832937,11.1
20.738296406890314,7.691634102924382,447.1801889982538,-2.021675190243987,0.5527986388201704,13.4
24.33697667239894,-0.12801035516920223,334.4756491375859,-2.4222980508267575,0.8708679176408165,10.5
52.5661868174036,-0.7085155861358672,451.18287076455647,-0.42457486657777377,0.557866276102617,8.4
25.58622231033595,6.717685954088029,436.5572477763599,-2.4404894701294824,0.8608580981131578,12.8
63.7961358711008,-2.6703501570018995,233.12866668741526,-1.1821192685490234,0.08621258207075588,9.8
87.13453909021915,-3.307263367695901,24.72633815920222,2.1300908347702716,0.07006792411186025,12.5
94.92293089001889,-1.9220727839622302,426.98560972184526,-0.17980070111938273,0.9994084261172627,9.9
53.839500715802025,1.4748814191882786,106.69752365191232,-2.2479936930896303,0.2283774989894245,9.7
81.64927310582017,-7.316227333023413,359.47859989196365,0.33705777931426617,0.7361404691644038,11.1
38.52697828036084,3.6929201373523206,455.6283939783054,2.091274862429408,0.9719420187015634,11.7
94.77192432036385,9.81508019197442,386.5861756909954,-2.24222152835563,0.43835551772796844,13.7
71.54168851692631,0.2975348796360713,290.7696717663545,-2.019407739794481,0.5629346700892395,9.1
41.4133347283877,-7.056692435920153,27.730962240402114,0.31192367465597526,0.8899434064624137,11.1
57.16583632901701,-4.825485494347877,483.0276414746238,-1.4321310092152637,0.567053663865424,10.3
85.80884618090762,-7.896788303640707,492.36709790585525,1.4250314341401111,0.4955577987831349,12.8
42.21125057855973,-8.514392925246648,203.58122885699538,0.19528507969762465,0.998935220702162,11.7
68.72111115701065,3.862388761818922,92.91264608579591,-1.772783964574202,0.788710597077607,10.8
95.50753928202869,-0.8222343050506957,8.183691051393605,1.0833775941227008,0.19732261815336527,9.8
77.05215746440331,-9.423739162208147,87.50993770850646,0.9513251863511338,0.4221445499277946,12.3
27.664020996591702,3.094707363236207,428.80012296114273,-0.010398324347135723,0.42200199758831836,10.0
48.825873733129214,-6.663046615767383,466.3021580408421,0.5255558435666874,0.7623796131984001,11.1
39.09965613874984,9.426474716278875,185.63449444509828,-1.3915079878038437,0.858960303154149,12.5
55.946780449492344,-0.7981745941659657,161.1773749647067,-0.5999417621490069,0.23833105670411847,9.0
77.40017171606185,9.35771759436648,326.20211168448657,0.1454711114385141,0.02650634747796443,11.9
83.46662078669708,-1.967111264590116,456.9618432523109,-0.6653628593549445,0.8335920753003103,9.5
72.11776307637996,-9.888937072256592,156.65841020686744,-2.06145540953561,0.0815051938143232,12.7
86.5280887116542,-4.684698540475738,246.07054708396547,-1.2429294183070987,0.9476998384372352,10.5
53.252386666916365,-2.2441299874417853,211.93342204398013,2.5475442502253003,0.8149419722412705,10.4
73.22408020747322,-9.68733406534712,252.24856128899648,2.4099385508964515,0.3671259654637772,12.8
39.59474150685766,7.976320245470642,480.2063018119261,-2.6638535761727486,0.09959024642820691,12.8
79.01512207144947,-1.915231879537071,97.24382024807949,-0.3690649953077072,0.3722663644736772,9.4
26.522860104393466,3.127019683730186,105.8034650997014,-1.3423071621058558,0.4607092755026295,10.6
58.88225072772806,-9.838547205417356,123.06365211211534,1.9150277864565481,0.5154920592693721,12.6
62.02007525006648,-5.888682015282683,250.53640855298016,-0.8774011162834316,0.04641967285238591,10.4
49.29758591401416,-9.684509450934879,160.77634589672985,-2.738753005494972,0.06357609648952167,13.3
61.04582998171915,-0.8229187823473687,20.135011911128984,0.24218419062014718,0.6114230336075415,8.0
78.05080009933246,-5.139629448141747,153.60040245745387,0.06391908822373171,0.34480911665234537,10.3
43.07622878341476,6.219883141283233,52.77788062233657,1.0547003759694,0.32234912900324,11.4
60.50062063194438,-0.5339489612084876,481.8704169579184,1.2418731854382141,0.8777082283539771,9.0
55.620593866877506,-6.283057922928719,99.01063954862266,-2.4694612083775542,0.01237390230788471,11.5
85.02733401675782,9.58971467510067,295.9662253086741,-1.0526378305749773,0.5242164444032422,12.6
60.99774955523695,4.528409543711589,82.46332999553613,-1.049910477308453,0.6987223558917028,10.6
73.74774011538129,4.786817483188406,397.72423701752393,-2.2298439755858697,0.08361587913848245,11.1
23.756875738148153,-6.117304998762922,189.05208385622234,-2.2411373105109975,0.5845147605167028,12.2
52.5570504875986,4.294309985258893,231.08171979156052,-2.2728404086016063,0.739502382117073,11.2
98.25818763246436,9.66281508998129,140.05052269237035,2.323948538108131,0.4798065911147249,13.6
96.05908105177005,8.084286819814473,214.88778532952668,-1.6118111745647985,0.1643712183763396,13.2
62.889068073083706,0.4629328923273217,379.662955841847,-2.2485982388716828,0.6729735001104452,9.6
95.77238659283653,-3.0462397260473173,390.93241326857844,2.582770921088043,0.23272342013746738,11.4
79.35498228137769,6.942652042648774,333.7847738345165,0.6422846385956484,0.6017488684987656,11.7
72.75193288828979,3.9283831264636433,222.10320775094462,1.3704852586636411,0.38898635982935337,10.0
67.54807348198189,-7.506578974210947,499.3723975680345,0.2708606412139334,0.6301249567898828,11.2
40.85003494112512,1.335103027913826,305.92416778820444,0.13228084382192495,0.1812064823024866,8.7
20.942297097305953,6.127284560045865,198.21358694833629,2.771320691701189,0.0483870682368881,12.8
38.52591019197278,8.703124378000862,74.88207679972186,-2.58472394188725,0.004986784866589766,12.4
71.40701315986001,5.241112200378815,132.45416273711535,-2.1934419453098313,0.5571189944012069,11.4
65.12110066762543,-8.505921513181926,460.5357355745931,1.643624999572003,0.8679108566448492,12.1
83.45879647593685,9.160873166242897,37.49968235258283,-1.3807404258414515,0.16038922474448725,13.1
33.15634058816136,1.5284773653194463,387.7159313900233,-0.6950863937964114,0.7115812627501066,9.6
73.42164236794375,-9.697176501600008,458.08837196236857,0.4225824912158189,0.10165329497781639,12.2
30.893845026699527,-8.299847904481046,478.79793518296407,2.572449892411165,0.9353181648162511,13.5
84.10090011538442,-0.08081022961718354,70.9484560545125,-2.7338730592181526,0.9309000319145379,9.7
70.29598944827475,9.055341542805483,419.1892934722364,2.7384726736471956,0.6544484528198388,13.3
20.017417155408577,-4.602415488502105,5.1168111406148515,1.8382641615562871,0.5329243015671122,11.8
41.66782746276045,1.7530555388445368,51.22122128283496,2.4626448539122663,0.8432270625253792,10.2
28.826753452340768,6.332869881560953,408.12336812416436,-0.3443356627838714,0.30573492353294784,11.5
35.169216699277186,1.5587789867082833,348.2389524419151,2.2443763132977983,0.9848628417201057,10.4
24.03853617854253,0.711747469201331,449.26455224792284,2.9277353324418947,0.5848294483815428,10.6
52.0373534541849,-4.713387050721369,363.62994128289716,-2.581796153658873,0.2536374812452241,11.6
44.6077751177708,8.386793564231724,437.4915411793831,-0.9548808776656781,0.03736149372659736,11.9
37.025434111523396,-6.014329642122882,397.73070608359075,1.5464150799999992,0.5948789698904924,11.2
39.17044198393199,6.386728929963951,186.46285364714825,-2.9368833043689793,0.5953089114872544,12.2
90.61907433138276,-0.5325659320958138,12.059021456228002,-0.31219442973753075,0.7227415645274134,8.9
28.493271539407175,4.331686145418171,117.86637020671043,1.8288788037524437,0.11466688102814648,11.7
85.96263317551951,8.450241574444636,322.829773182891,2.6450040450802366,0.22245871919689542,13.2
56.242126351711036,-8.583907948985232,37.90383655797097,2.4810526932756236,0.011470243168068661,12.4
29.184614015011867,-3.70622398655601,176.86688877760326,-2.936358507034573,0.18856678933691395,11.8
76.78075993729581,-3.145632585067519,370.67997094205833,2.0554152252950146,0.38366397174497113,10.4
75.88077635801162,3.3980672314236564,11.022272782681974,2.0275100922146088,0.744024830398284,10.7
82.76100378556961,3.23314061908901,17.79524607739874,1.742312489824842,0.624728201183509,11.2
81.17070306489603,6.148838937027204,121.16630113858167,-2.478099712746708,0.9214155877446266,11.9
46.51673323867651,-1.2703754049438647,135.5580062282763,2.7411911392018746,0.5165951269015613,10.4
72.38732236069154,-7.946874784441434,342.15828851830366,-0.1583992771312186,0.11649789751920614,11.3
91.03026384803547,-8.418331926647154,311.7494169763383,-2.9630116311496284,0.9107527795183809,13.4
52.5555513543636,0.722403590110881,51.364270412194216,0.549030714720355,0.05024751885185619,8.8
35.518382884301644,1.5910338520058183,401.51575149665166,1.529083121726381,0.03509228925520613,9.3
51.64259678910398,1.9839358113906016,39.35769258569627,2.6448890847267243,0.9280503818854795,9.9
38.57547668027861,1.1296570082898771,251.78130804253922,-2.1798621592058094,0.14686284354213364,10.0
60.18313077136276,-0.21500398264920761,96.7281043275266,-2.2735310475656707,0.28632310635002767,9.0
86.75895205638344,3.7394758342060967,180.3742158311053,2.722828472495979,0.09497463930417438,11.7
96.48373889481613,-1.8113627252281344,178.87405014869506,-0.8440057059351043,0.43662130648019515,10.6
84.35811724761525,-2.1620729617853023,343.6037759210586,-2.2986626797571024,0.3491949636312298,10.5
24.11846142302356,-8.94507037377901,24.980270120075588,-0.03925177168077898,0.5514072509414385,12.8
83.03672804904126,9.295450795265015,224.39995212854691,-2.52167709311664,0.467958152551988,13.4
75.04220504367447,-7.710569087076722,164.28288653107649,-0.31244031998972677,0.8492263014962387,11.4
49.476926246030345,-1.398267265046357,15.128890098892178,1.5370491956808783,0.5913918988179488,9.6
66.3691252665765,-4.70672640192209,143.09896745201755,1.452784732091093,0.04572041515429526,11.0
26.905709304970074,4.894636374712052,192.4627080960658,2.6898114453910056,0.21144197367892092,11.7
80.98259176533705,-9.481025716705979,173.3147431641462,-1.4013211513690877,0.8634468403724544,12.8
43.40742905254053,1.6861655069300028,341.96136845516185,2.8061851220606506,0.7865828655301947,11.1
69.23006149879757,7.437614049989982,94.40453428393126,-1.7255025707337903,0.8430517032160265,12.2
91.16928679195664,-4.599400404011902,116.35605438092655,-0.13880699430690502,0.5095022910704637,10.6
77.52508366444883,-1.7060067789876943,235.74791650290084,2.164839041528624,0.013232084812694556,10.0
77.69942492905827,1.3180474254813372,454.06648704769606,2.5045460530059316,0.9806380344063702,10.3
78.20761729998642,-4.7951232913666235,339.2457516462828,0.00921061813991475,0.1964436242541261,10.2
42.99287177142609,5.092165541930804,147.03437377928586,1.212243373518647,0.4453187383291578,11.3
66.63230819934242,-8.90347968420145,110.97615401193434,-1.8816727485623415,0.1557333445475032,12.9
73.23323178838862,8.516602699517378,182.52428380693607,2.0227468733589093,0.8404741858139152,12.0
26.96305654517852,-0.4497279417691207,442.2001927949835,0.7718481208974959,0.32220709286677207,9.0
29.57585114867551,-6.772584900359284,37.07982772690743,2.5049912787264876,0.44838283168502113,12.4
89.20351613160835,6.72850158929905,378.5038146484783,0.5427983349606471,0.48813265319832155,11.3
80.14292927780477,-0.9831479546788984,44.154124986902744,-0.7729394547112767,0.7409791091439322,9.6
24.224541993702722,9.151486789850395,233.1784219861466,1.0409042028591564,0.6944448320436165,13.1
69.42152466169426,9.853843360043857,35.95793236771916,-0.019004278977599043,0.686396985107328,11.9
57.70496796925333,5.3852060839887255,19.94288181825882,-2.1345869501534254,0.5231448097979504,11.6
47.30232495421287,4.509851497140225,365.17308093009973,0.12985161046992477,0.37129478019572026,10.0
59.59905545916755,-7.1109288223833484,489.342942082392,-1.2357324161924568,0.2826130466307798,11.4
24.59581878242166,-7.842760731169158,88.31168433592008,-1.316058892048253,0.2925790750047649,12.7
99.40153979934058,4.982796369434579,73.6583157447796,1.050576168476061,0.43915041450841696,12.0
69.56146923923649,-7.577251472213358,38.8218984028092,2.379824084743519,0.6305071293027183,12.5
67.50496809467697,1.6910095373837901,28.795534620493115,2.9550198539486177,0.07597643691112932,10.0
56.6451103732836,-2.2132643170133655,410.38054482736254,-0.20957200576374024,0.16774798048433637,8.9
63.58216675428559,3.000147053386266,356.208748771328,2.5172096091000826,0.13275638035566772,10.8
36.93788919356869,9.236687239997764,260.2297147209603,0.1967586305535245,0.3767414931655624,12.5
92.85262449571911,-9.196788760830811,227.68957372151544,1.3659747064378793,0.9855514264417071,13.5
46.218296134890025,-4.401632868160592,337.95227757504125,-1.5707943729885367,0.4176650976594707,10.4
21.254122017461412,-5.1190876559538045,100.84645784432877,-1.0827250310837444,0.6333132095496634,11.7
35.331342220968466,8.610925459125315,215.79064542223293,1.7806584404048467,0.36805903772571735,12.7
30.9133483715405,8.235417921627672,27.739568448629903,2.4105957335709585,0.18663088153009044,13.7
48.23554801491609,0.7171229466945981,94.43536985042583,0.8597126239295769,0.44786042720459773,8.6
77.88930392987788,-4.909864676053923,12.646902493027579,2.3842449074206993,0.5315352555612765,11.4
76.2737464267488,1.781435658055976,344.9583916668949,1.1658763966848964,0.23005170511676887,9.5
52.38938662563996,7.277124656946157,373.2525241236749,-0.7069091702567247,0.7185745865686578,11.6
28.722326930643256,6.999748079514092,452.35397654281445,1.066906121767265,0.46462310761908665,12.2
79.79165366181313,-9.721959663922974,391.63873182953085,1.5834378991826759,0.12370385681645779,13.1
95.61154239152627,-8.210780034835452,346.89487049273043,1.2726910046155613,0.6094290425190914,12.9
68.33793737813801,-5.999721174430439,285.4999805428713,-1.6315104651823908,0.6543360903919397,11.5
55.388010444678464,7.528332816439601,498.8372904692751,-0.0975439336595616,0.7230360598671419,11.1
69.48913290601683,-7.182611544964388,338.34477678786885,-0.017008303566812266,0.6556140514097082,10.5
92.32756646244256,-7.718321208242189,218.87307521273362,-2.7834554595632683,0.3811121119844617,13.2
81.65574309807731,6.192020891055876,411.8033140831306,2.9693756626227907,0.756488920553877,12.4
30.89815094467025,-9.757024663814576,389.71560656760334,0.5277302790486615,0.05168718844080111,13.1
82.20294018563396,6.418465663464886,270.71214393292047,0.7882194551610673,0.5028369306848965,11.8
79.63424285818682,-6.484920932993519,112.64739296509386,-1.4614084199146298,0.8205400493814291,11.8
54.970493461883976,6.451448096517062,407.6478214929984,-0.44990061238021495,0.923760889548156,11.1
71.18033241820113,-6.712754220008361,168.45072976004442,1.1019364551664985,0.28201262982014974,11.2
83.19429516212534,-4.253075554787773,71.06653725729211,2.397612246876167,0.8358193201626278,11.7
89.52197940429791,8.00227641365397,70.25954621317815,1.6348760772449005,0.14842458361418254,12.2
81.52059291884575,3.6816011830170243,341.08518459538027,-2.2859086625367993,0.3766065941138047,11.0
26.141305548737552,-5.5152452868484225,143.38702140749888,-1.7416758401857035,0.4947081347497535,12.1
62.182039884280144,-4.7424737748110495,250.25292242933344,-2.408929949170771,0.1880027838039009,11.0
29.716048716016445,1.7056157047272862,333.13517018911085,-1.3371821156735282,0.5231781243610686,9.1
84.89338283461177,-9.777719903681275,253.6124117229792,-1.3512901471975671,0.726663289111458,13.4
24.64428682923426,-8.156484686193286,238.062845740344,2.404905137571232,0.23816714874997302,13.0
55.711785450482836,-9.64880892386984,227.05480606001316,1.45947075453038,0.9364401794685744,12.6
45.281622198680594,3.4618186728734734,169.70795050277172,-1.1785210690384673,0.1325558464721457,10.3
90.85156501819532,8.530519393942978,173.75357200263701,1.8103914313543754,0.2547220161716036,13.1
33.57652720094268,-5.377511749195434,367.6542637727641,0.6041233488145874,0.754586989797736,10.7
72.42263582094859,7.090121592715114,150.16647309164745,-0.03810991860061108,0.9272424445304734,11.1
94.34197650943904,-0.2760528555980102,193.48974371533544,-1.875520668041646,0.7538459926914584,9.6
83.46947117703792,2.8544220510461713,357.23852224938054,-1.9211340501198126,0.5645298069883041,11.0
88.85514364761833,-4.860004222139851,258.15098810502775,1.3015990542649032,0.8544286765447209,11.3
47.7836767163558,7.816660219799651,377.4726296831376,1.2038822242873648,0.576014268417054,12.4
78.45237037406002,1.5191566058815393,398.7208966892383,-0.76843159027253,0.7131315508210826,9.2
67.8518824799838,6.213908475720636,113.26785894241925,-2.572847526650861,0.7081098354830185,11.6
49.22176130382094,-3.3995993827257003,369.31973841781473,0.06434156558735893,0.25202714531092696,9.5
90.80143924519112,-8.041791735589607,428.7185461602452,-1.4819353863880944,0.4743525783892747,12.9
90.96016752146585,-1.6306087948356414,13.612694728145414,0.8126913580982076,0.23398725051619385,9.7
69.30983788622763,5.815495522271124,244.7918029646886,-2.552938853861238,0.013092548835364148,11.8
54.745172903534936,-1.4459981185398103,110.6627192352072,-1.9459477659608388,0.12703990240558127,9.8
73.2046743140925,-3.835426163475417,224.89171476371968,2.896490021050221,0.5054442196662936,11.3
60.083577513422604,-1.1586750998200053,218.69313974750776,0.8889391731415013,0.2699061525701488,8.5
67.41804580771058,5.338789180722214,376.83146639536614,-0.18201673017436848,0.6006253509831759,10.3
76.47657343844253,-1.1350035164353933,346.65705414821804,1.1092923483625592,0.9453966734123946,8.6
68.84412600249614,-8.466239763779665,254.2656145457125,-1.5501066529027379,0.04855405558425718,12.5
64.91719261990545,-0.007641971502019729,93.14105370960097,2.983907594049226,0.9753249224262522,9.8
48.893299947639576,6.389967092766437,131.14201393796847,-0.30944124168208464,0.47584661920742033,10.7
22.899530579053575,-4.02718995889511,65.99028776270404,-1.9201091486434025,0.7679461701967825,11.7
45.249211014518444,2.373959431135644,383.68414207406124,-0.9427019664356902,0.43924034334544615,9.6
41.931318102262274,-0.005245945585684808,478.1692785339939,-2.7187155687908775,0.5487433582369097,9.6
60.75581352878173,-4.385375877320826,180.7162548482563,0.07153081399705341,0.9243365510183946,10.1
37.73837423446696,9.021680256139128,104.08987300649342,-0.9509738269909995,0.696668005081396,12.5
61.87040215625805,2.222923457948138,441.3768442060809,-0.8887610560169605,0.43376078249866845,8.9
54.29428142377254,-5.780406240223912,128.16944509949317,-2.284550785167054,0.31291434899896853,11.4
80.77379249558368,-0.7481140128675268,67.93026532542406,2.802645968788008,0.5399421075121958,9.9
96.78632182933052,2.4728926843992447,107.19603705425357,2.0431009187017457,0.05018351158561074,11.5
57.35400494975067,-3.927862061353819,193.4781423070161,2.976341625547814,0.2922114588811846,11.0
24.626350810249058,0.4546586643663648,89.11708078222075,-1.0928349309976633,0.6010613645344915,9.5
35.85356862075947,-3.1934099978755786,485.94933551220254,2.841594829117409,0.8381872976490056,11.1
26.363337139659315,0.27193748396684114,422.6358598203882,-1.7268634914174352,0.6963512093203339,9.5
34.12772430502288,-6.709061136188121,1.777675853902927,-2.397506828493521,0.23605769595519388,12.2
38.07928313363278,-3.9523515070639608,96.08139823034584,0.5937439320161562,0.5993322945913035,10.3
89.62426518830989,9.428159702581073,118.06085218075762,2.101826988385998,0.11259193804624201,13.2
52.102794031568926,5.16657191916314,241.99101534574257,-2.5956289705661053,0.1832233065651926,11.0
22.603240199467713,2.917912974005823,10.127591649226165,-1.7027367171603291,0.5168257956481046,11.5
82.36497783828243,5.806470397788836,42.39234668100145,-0.530978489145709,0.1619559257685964,11.5
55.95380761608158,7.038346162431527,409.625826263646,1.7183173635367606,0.6759652869222338,12.0
24.10304763089983,6.3888844810018455,454.07400112636947,-0.5076918347408821,0.7681408888597004,12.5
65.40598312173842,-7.655169876534751,459.36725561299613,-1.052916876995214,0.6523906865307905,11.8
55.84921905780362,-6.820441307876068,140.61245126629174,-1.5336143347586577,0.9457482107177438,11.3
43.381027506557544,3.391320682167313,297.86065684571696,2.4603110364050345,0.862133282380332,10.5
41.32362032096484,9.375150323056335,229.02660601160747,-1.2064934616317955,0.41191064140509415,12.8
73.98155729971539,-3.1167275236570013,433.30005069102197,2.0442670239088754,0.7796105137065803,10.4
87.46093797819353,4.6654693997621735,225.7947532513962,1.4635767820649193,0.48953892133290977,11.0
83.84550905282413,-1.6295362082851579,464.0487234590464,-0.5273630094333424,0.733016591872457,9.1
60.87559413271552,6.954403330703588,259.6878013538604,0.6877209141877705,0.6628476940319697,11.1
79.68464829906313,3.221131125138786,358.418108651665,1.5736706649374073,0.2774604632071851,10.4
65.84831406430266,5.0781638423099,277.4370110414718,-0.016707337814984236,0.5380360170681382,10.2
93.12432198218973,-1.8687833672284562,176.71340511262463,-0.6593616560276954,0.3288879674084595,10.5
46.03386040233964,-4.513376260349591,47.48099172228315,0.9527131898417891,0.6530168689967828,10.1
29.137513406718245,-7.486211097629747,135.03706063697058,-2.549228592614114,0.26876324713163624,13.1
67.04913055575773,9.97117474907849,398.69358851224257,0.9104159809930135,0.910209796422933,12.3
94.68329681270214,8.803455767806067,132.86821366352896,1.2947949136801675,0.6802493871334114,12.9
53.769935051922495,5.850196411128955,74.27806795161219,0.8166141757917957,0.6769614910068996,10.9
83.52187067396103,4.251663774564809,330.58442359989357,1.3422141271072618,0.7074975447054775,11.0
86.60124999479875,-2.380542680564175,23.01985765362491,-2.479388101121863,0.47993582134072565,11.0
51.34746936312056,-4.779638174580452,94.38231406663743,-2.292323513209903,0.644030272609125,10.4
21.697493148715836,-0.7540878186101967,267.7476176283975,1.6972344713870635,0.17293202417212206,10.3
81.92524429980395,1.513528391589542,183.38266465761245,-0.7770564502170125,0.24049722881215463,9.2
75.56251301904373,1.851830398760308,478.8837056572105,2.0644129846678076,0.5462879312512956,9.8
79.64750164143834,-6.349372721547701,497.2157299667016,0.17020760157234882,0.18001421761048308,10.7
68.97273921644364,3.823170311171328,301.95432398749307,1.5624779798387447,0.1362598352452995,10.3
80.91884033963521,1.9260001934839632,377.9097195032374,-0.3190309667939366,0.7512450067750752,9.2
58.44693094658279,-3.174911171744079,433.36941368070785,-0.2990214285474808,0.12839632700640158,10.0
77.80910604232407,-2.539707860651845,362.06818121469746,-2.1330219408182325,0.35175366181522816,10.5
98.66541915944961,1.4203338270747885,373.4435123620775,0.13148351109428535,0.7438114503604136,9.6
53.005708056050096,8.957856411402588,238.5919296224307,-1.3266389140548875,0.9040689218104733,12.6
78.5769435256472,9.12957922357386,53.047793169511856,0.8687149479131593,0.07669597750709944,12.2
71.37150979016711,-1.1601692546674833,42.01193809442883,1.8721886109046109,0.26814047772680505,10.0
44.06218811025653,9.997366944664478,266.4903704443463,1.0574354236511603,0.8447398715057091,12.6
50.54838084879985,3.742423011847082,277.21550405664846,1.1430458966283403,0.21751995170886684,10.2
51.97821905446199,7.388731415162585,462.98770045027226,0.9741739268734082,0.6537673240702292,11.2
68.02514210282595,-8.014064237824936,482.2718351823699,2.5876934125320528,0.5283667042504853,12.6
67.02879846234211,5.2334940551542015,418.23780697352265,-1.0746992225117757,0.006850875542310897,10.6
99.8251355947714,1.1234911526050766,478.76357053149945,2.273122902246298,0.766819366361876,11.0
39.110607731280595,0.974875357081002,420.9132105868001,-2.7735434885568133,0.18985554551891337,10.4
24.111010351171764,-8.329609004372479,360.5855192286841,-2.0724533897748225,0.3092015434910593,13.8
41.49461792472199,8.34907213889511,227.07007083890562,-1.7109266486196038,0.8694840878768632,12.0
94.4977051042759,-3.590112532269025,362.3650739745785,0.9164946053952896,0.3380922925704096,10.8
27.892258420512526,4.698378878175024,66.08609682954453,1.3455534365303548,0.12364246920300759,11.4
49.10047189035866,8.482196877500758,152.70672188526729,-2.2049080726636356,0.15219239529538864,13.0
93.25141677637664,3.786601083136267,425.73076720606616,1.2827074443342585,0.8412368652515397,11.1
71.9134387175128,7.6143621236112295,391.17679471692946,-0.37661429147254655,0.2925395593399672,11.2
83.29184419337136,4.465819596368604,434.8940117572543,-2.7492676080564165,0.9586734178899249,11.2
52.33682608438011,9.288477021183212,35.783410911987836,0.1155854237355225,0.14882221349156322,11.6
36.03793008077393,-5.390505734209638,19.45981645632716,-1.9478395643137558,0.5479775114800686,11.8
40.61115816889342,1.4512976640210056,339.2562302729567,1.811939844398145,0.9980239674698884,9.9
55.5667653791268,-1.2403748662243803,71.97249190022504,1.05347145105533,0.9945762476276027,9.2
35.59954249997603,-5.440754518351751,489.4477676741232,1.1092655584139752,0.9846626440355922,11.0
87.23357380543641,8.616193323283152,193.37166173461495,2.9641794354116744,0.4213965288024264,14.0
91.26140650871065,8.226642431348065,401.88061699997735,1.080771433132048,0.8880708152128184,12.3
46.14357949757428,8.326384543872795,416.76046575748103,1.9482203197617753,0.43038243490347017,12.0
62.63929379922483,6.42771453508044,94.50784079234754,1.6144465329943953,0.8585036806423387,11.0
27.922640294465175,5.924076062051821,355.96797368570424,-1.0025956522162884,0.9895209436754973,11.5
65.85780550979314,1.1383257971608494,154.06429702875323,1.7367429023781904,0.17988722370879995,9.1
59.41230095737499,3.540067595356449,20.163268517875256,2.147420579577714,0.09756114418487294,10.6
84.700135849522,7.864057188297203,152.47361532170655,1.6088310864144946,0.05438478368127275,12.4
86.55295285054235,-4.7140326258492244,303.43880500273315,0.32004362087271776,0.7203653593120003,10.4
25.76122186160915,5.922831634214006,169.98381498454705,-2.098209355390324,0.7754912238980803,12.3
83.10995611215633,5.8774386406641455,321.79843771373277,2.0562049837306766,0.7291400746129929,11.8
48.39489779577906,-7.182125150240113,27.107206527674233,2.3032454696707463,0.044179762135806766,12.0
78.20681398401071,4.256559944302856,482.36501924816736,-1.6237042498764458,0.43802052883066167,10.8
94.66429417964048,9.905531192549503,166.19928279280037,-1.0582394045573305,0.4111688935353227,13.5
67.21957115425087,-3.7374794519624093,144.83594670247996,1.3473566436493831,0.3732553411654068,10.3
88.15860561155228,-9.127280418366492,150.21120758170719,-1.7344113537850303,0.9771425047263148,13.1
86.20182156218009,-1.2482312967151934,243.37049873590183,-0.8021259385097137,0.5076949518950035,9.0
36.28248394895735,-3.6673655573964714,76.77083025543918,1.769958860138379,0.3689547814565244,10.6
56.05396590890054,-2.4046923923597134,367.12534021811206,-1.2622083714768932,0.834221937278507,9.6
22.115551037412693,8.451759178247656,156.73936130432077,0.6828004174035125,0.4465422513513745,13.2
73.28337957174229,-6.454229069379515,228.6713633921077,-1.432703236469992,0.531060628149259,11.0
38.82637601525741,-2.631253454497074,270.8924367906611,-2.8687121216428766,0.6534163194165499,10.9
73.58953318558102,-5.211437833386528,21.482831444862903,-0.7666560967131502,0.35158991902601877,10.8
69.68103500011621,8.42610669633163,119.452857989865,0.39094165760664046,0.16599006007454498,11.1
96.83320166030816,-1.293493676167408,40.478229999429736,-0.4803820927960314,0.7375118916644005,9.3
24.272401147260734,-4.919596133533539,479.00361960661814,-0.8304686847818523,0.8781652517688329,11.2
91.24750368916668,2.480932499407615,398.9936438302668,-0.8208959400705163,0.32061969128795553,10.3
95.72201407913502,7.263209486525831,29.279200418641572,1.400510719454572,0.43071091797349015,12.9
93.11613929820403,-5.020207759101904,27.658877812094364,-1.5917960856701776,0.28495294185400444,11.7
59.9129270205033,-5.3337750355469655,421.3063519085947,2.7256927078917608,0.9718488915699036,11.5
27.10788822067218,6.328997244876071,199.33860253981655,-2.344849157001138,0.6232003878709537,13.2
67.99608699928599,-9.29104907258692,185.022930802979,1.776361463062237,0.21977253026460708,12.5
76.53084839913106,2.0324688560536366,116.05334163534803,0.4824016763796819,0.32005997479083637,9.4
27.7091688832445,-8.649997440277662,393.4918127901369,2.2646781829928395,0.8445513973364404,13.3
59.10654587419635,-2.8605686927796814,12.241687927690204,-0.8827492481443766,0.5857279257198588,9.6
61.095592565389374,2.0491310352472247,104.20022486370306,2.959346782379167,0.07233212299315794,10.5
73.50773809847192,-6.652783033720253,155.04156168257134,-0.3196350149269773,0.4025903655333888,11.2
21.03554256596272,6.134824555353134,151.38375718139713,-0.22199964543906692,0.7733861662070632,12.5
54.76171060239459,-6.235189625371911,249.1659538305861,0.6763015186732373,0.5699743449855796,11.0
54.8879117499566,-0.09656263517305064,311.4540119708331,0.9651298753055642,0.23933942066499614,9.0
43.251038718777046,-9.304494765932125,93.3200166481306,0.5915015590800659,0.6611052743000524,12.1
54.14266386972069,-6.781094890768832,308.8660702987969,0.0704840316919837,0.8605851633568548,11.0
86.69587889868791,0.08552647460743401,7.959535918422523,-1.6440301249184766,0.8375150604850863,9.2
32.31011609279464,-6.789367517766025,251.56422264030397,0.514719595449912,0.2628788042950668,11.2
74.88184992029093,3.6577303219475574,215.06757213043875,-0.1656379094787752,0.5786699894944489,9.7
65.42295491500013,7.648365610774647,349.5448100419784,-1.0214099602012612,0.7107976898483293,11.5
53.03708295025238,3.260360817829085,39.32003257868849,-2.0539581882641826,0.9338395390640443,10.2
84.33994625879731,-5.306163454577408,15.528909987692963,-0.9892847279019987,0.3855603624101054,10.5
86.61052916566612,-3.5854854065706316,282.8450713938563,0.5297391929405246,0.920305975350823,10.3
45.16968847932682,1.1197664506429703,245.39259611479252,-1.0775995612529445,0.21108954417333325,9.5
72.68869184345797,1.2805304598821188,262.5114583655334,1.3332783530580592,0.4831391541308838,9.2
37.55947869991217,-1.9377860232299842,76.56912857257036,2.666744863263843,0.2696772801331404,10.6
87.98866177624384,7.530160685977883,276.7798558013577,-1.2320136564609856,0.35066866582614964,12.5
56.59323988736531,-0.34682193036418596,180.81531594611715,2.612999061847052,0.4386403660658482,9.2
97.64824507939107,9.465780943188339,312.85681840111,-2.0714733769016505,0.34331412833094666,13.5
95.02778295968957,1.2814362444861143,23.744158529255987,-1.5411745476357779,0.9139142083849503,10.1
61.95126305253535,-9.829058275469293,377.7820666643679,2.2193213606943445,0.09343313269436682,13.3
73.33453369675664,3.658440016490207,258.10045489704186,0.012912484876822283,0.6290232662472515,9.5
97.27431144118809,8.574669398375669,427.47640295663564,0.00643951590559233,0.9389498799328843,12.9
95.48617733861512,5.913937187016261,445.6968162001213,2.355447463213764,0.33062084621774446,12.3
55.453526835769,-2.9309720658225764,439.6460433186366,-2.8019930926417196,0.4936543255875967,10.2
28.481280661629018,-2.8595237310571386,60.14766691470802,0.2737452763374657,0.38147224705696015,10.1
26.045170272090168,4.366071303092387,5.466943451476358,-0.1192721023137997,0.4800544741747971,10.8
71.65755830576413,-4.929434388839176,449.49159773253547,-1.6778024409590773,0.6031859668433155,11.3
47.69741644435017,-3.53293265795984,78.40699164814824,2.196663677699365,0.3535490326214572,10.1
71.43140804039362,-9.437794914503197,295.08411148451853,1.9141639139391406,0.7873566457964598,13.0
94.78944930395875,-0.2519299952867229,415.53183181141054,2.2299396883874056,0.3126119725142492,10.1
31.11789968964218,-2.3986086560545195,378.7734598971297,2.639871036759402,0.9949147986591029,11.0
63.2312070655474,1.7383586014088621,299.2105847574203,1.2326143905774014,0.16671947562427025,9.3
24.13873517977498,3.920335674713302,163.44034062807472,-0.033473897086712334,0.1596040981055199,10.9
95.96460074597127,5.613333062968893,418.7484411238167,-1.1890809961379856,0.7456117254003197,11.8
34.41347428667801,2.834269351426176,326.8578106642524,-0.11039120754456677,0.41186476814410944,9.8
26.7296745126513,8.710386865563567,18.616093865078287,1.7903030794977326,0.3158504491181361,12.6
30.979677102184525,5.789482872682875,15.947041428943153,0.2880012762223938,0.5373827225954334,11.2
96.68532907710127,2.1062674544851685,225.3806650406751,1.4215051414285869,0.4972982677375395,10.8
67.92325791205866,9.950271528768504,112.4718027602159,-1.33906541033594,0.37832744617728586,12.9
20.574727929414678,5.822246041495447,385.0817308043346,0.8924425246564853,0.24546355440325862,12.2
79.17535634105872,8.415404428528205,327.89546553554607,-0.6701070189210365,0.8405748369752014,11.9
48.22758799502139,-2.0331423293192685,354.22231746356533,2.915888363376892,0.34293130456132015,10.6
46.314139759497564,-1.1218776562818498,355.44313922930223,-2.1155793434294656,0.47838099286501157,9.6
72.1593752999438,-3.9648767099150213,332.4941394174144,-1.4006215908169992,0.8803982191514585,10.4
65.6716866630637,-4.660293747070574,41.0468116367107,-2.5691113586625463,0.24894806290116134,11.0
53.33442448993403,3.424495006222756,191.79919831739096,2.310217493131546,0.6302388300836237,10.3
54.33579314141558,-7.424988663210279,309.09330643241725,2.0651852214893323,0.11926480924177263,12.1
88.44614342132391,7.035501687861256,435.9157775164216,-0.5410660221709129,0.5645077747505266,11.4
28.420837346342232,8.499601710587761,155.0487530304282,-2.145481456936027,0.9949078069018922,12.9
33.115193716532104,3.4368384166978103,410.5639762130083,1.2868115310905486,0.19129321435893576,10.7
29.951275271433417,3.200928960786115,495.01503296643637,-1.2316872284921816,0.456905122034442,10.3
89.88332083362515,4.693732092289531,411.00804671027004,0.767150800759679,0.09458050282334396,11.5
66.66587484312416,-4.191763580760963,276.2315944627353,0.9493848824197451,0.27727742464953087,10.4
87.25732160921933,2.566864554299702,9.922941739265001,-0.3986371816183194,0.6289620083282638,9.4
24.978034291195517,1.194483147570553,405.15188539225784,-0.7243683682873705,0.8326215971410083,10.4
41.288000208849816,-4.792791135190855,26.72441224900812,0.6123753144884354,0.062325355100521174,10.3
83.82735598471797,-0.4730016744086445,136.04207455279905,1.9783917137563458,0.7759923090118083,9.6
21.950350479858393,-3.494727466807359,192.4427962722201,0.4358583550801356,0.29653944301268176,10.0
66.92918112180007,-4.158640693359201,114.95115036662446,-0.74652775971551,0.5294136068209001,9.3
92.01522521880597,2.2054280850753134,51.822455572622104,-0.04933857795019314,0.6440131444380531,9.7
27.239843758821287,-2.8262685507929675,470.1545777551874,0.13038309452968289,0.010607463670331385,10.4
26.33585485632281,-5.737848920054052,358.30166775391547,0.6620183265983552,0.5836245795417838,11.4
81.23426708155023,1.9576887638005473,303.11006505756825,-2.390753082425012,0.6390938390979213,10.4
97.7359017591198,7.94833303321548,203.91470199509337,1.0144772382321108,0.1283081990348618,13.0
73.87305420430422,5.33208092095817,263.2019301822549,1.424122798480771,0.9148331255282406,11.3
58.23316557801115,-7.164921543272933,414.33528686093644,-1.7751692346132635,0.7605538795454452,11.7
67.30140500219315,5.267537228205457,23.388048062107924,1.159889500507652,0.9458374271676592,11.3
60.56517759886228,-9.04812883696865,26.09073954749436,-2.694179784104018,0.36372728042131985,12.4
79.25910294207299,-1.9155051427068752,211.32304441148725,-2.905920979626848,0.16898914422442357,10.1
51.82690992119881,-8.939328961857814,53.86111457084064,-1.8918686899591948,0.3315114801085314,12.4
21.093387335247485,5.146081681434131,421.38887251211673,1.4335896036165376,0.6397085415559697,12.0
33.67634671999163,-1.0103548572842573,293.4160737032453,-1.6838256898038366,0.5340027652589553,9.7
46.485784803677575,-5.502141642601135,32.32372247379628,-0.7448511206952064,0.7231817790179512,10.5
86.11683932113819,4.676089960497247,243.08083567143214,-0.14073024853126448,0.3393336655836442,10.4
20.98501085132397,4.001419394740967,426.129941381061,-0.11889784269973092,0.5104640909794357,10.5
39.39749047112209,-6.665423735907739,414.0937425574573,-2.874855295214673,0.5875991626436837,12.0
40.59845883530386,-0.7122186873683116,481.3292553045761,2.0807145724018863,0.11318689149068728,9.1
93.83455116430271,-4.0428171163337545,161.23917970944174,2.1081772049188743,0.8088681053702294,11.7
39.438689427861966,-1.2762334878420099,345.39044793185946,0.6539260519003949,0.22288224231994846,8.6
35.72183154875107,6.7313157221409305,182.0218318770627,-1.5062275508714242,0.025068434636484227,11.8
27.492439895358018,7.335057240804311,266.0432027247164,-0.3814949820127165,0.9260182537792768,12.3
71.99067456658365,5.503528968510006,388.85566490403085,2.094717374663955,0.525882322801255,11.6
95.3708736809463,-6.904435730385183,9.22230419270953,1.033264594034633,0.5193125061098015,12.0
25.17432506759154,5.5743281020370645,387.01855383357946,-1.5437605436581334,0.762129141152762,11.6
71.6156664812406,-1.410470568641502,3.6531103689582123,2.0064709173664985,0.32313435895699305,9.5
42.149610666582184,-0.5736693493045983,64.84714121136109,0.4840903746968124,0.8501691744221044,8.3
55.08470689779763,-8.166549390714868,387.1256614161926,2.047652742867557,0.8274431832262684,12.8
38.44209096619583,7.419744144557733,366.9217589623838,0.911688307606088,0.6804349842058132,11.5
34.1197695399389,-6.899226375480785,27.229549231187534,-1.9175868449997069,0.4044588819936633,12.2
21.633612180939394,9.72888925877745,184.2999880162992,-1.9625115956343657,0.3692937765311026,14.3
78.8056439542309,-8.476135801339534,94.65763500782903,0.8746210368739145,0.870439484722311,12.4
68.15938921962808,4.878601938532629,266.16176977516164,-2.440499300820613,0.36485677044570597,11.4
67.63709806067035,-7.672952720532125,23.787672320722653,0.15881845931534544,0.5005073778208718,10.8
45.35346129211135,-7.230424915086802,446.1750780534274,-0.08417332873275107,0.07758931536412683,11.2
31.293514064412893,-9.23735053735712,51.63605848211106,-0.6737216512885595,0.3912136175955043,12.7
26.656524848706855,3.583303827778998,38.364946355354704,1.3569641020767564,0.7896657018881651,11.0
25.830338507132076,-0.8193550701704861,480.77713542043085,2.9916263182006313,0.42822387781473714,10.8
77.65567511878692,-7.656882288722972,70.37398397207917,2.46816960603506,0.1680870714576138,12.4
81.32421671798078,-6.6429362851439695,206.1759826010945,0.21432912486164835,0.36475483567302347,11.0
51.364271551688944,-3.013094646689007,391.6783746734942,-2.3807668553108456,0.5012678371097876,10.4
62.75049652816034,-6.283474841848462,252.17693295265124,1.1514784327695322,0.028116890507666525,10.9
96.17071718807638,-5.865879917049814,495.11749424618205,-0.37993649844391175,0.5624257246729572,12.1
43.77807651471176,5.648528080291735,201.5792767819371,-2.2649112028026854,0.7434543051740808,11.5
24.04431417779847,6.057920755247821,208.26810115395966,-0.36697053226062826,0.6157127515517224,11.8
94.50293775244984,-3.9507412251026093,130.94675570596053,0.21794953572308673,0.7876418673175343,10.7
20.33707521769859,-1.692628091396637,331.3546799240649,-2.1793415605731825,0.7224804649785254,10.9
85.58765503610888,-6.90843994025758,213.68724175794372,-0.8319027283066065,0.33146259996487415,11.6
66.87647285540802,7.056941875464595,348.8114969963242,1.7083275882481663,0.3596264569235226,11.9
35.95374235284758,-0.8179303734087284,212.0923590442782,0.05859216609952789,0.3607224762202811,8.6
96.12357321994047,4.987971825020747,131.23430689065663,1.6070606421405795,0.7081103161598782,11.5
55.04438883335662,9.078044774928888,17.603277251170667,-2.274376405258578,0.5014849634864766,13.0
63.80955948278106,4.260643602859508,122.97580224883387,-2.8985760986160862,0.7201043338494975,11.5
77.15838966513974,1.042163414262081,172.13200444702724,0.15866173750515689,0.0013537593330733566,9.0
52.329283106203675,1.7274763818404626,37.24716009159551,-0.5153745065544806,0.5105261301439517,8.9
65.76989609899427,-8.690651746890373,461.856002933212,2.8236235297540837,0.8908194009006782,12.6
95.94514894395567,-0.24107743955120142,336.81205669949617,0.3834309715875377,0.9875575155093984,8.8
51.261575773062106,7.855798959100081,108.23128316120695,0.42756900824455357,0.5822163246789661,11.0
64.55548739041105,6.276474524178667,54.33991528149051,-2.3222812684429677,0.8263003483303673,11.6
91.50824609246166,0.12727824665426013,140.04850062794094,1.9333753176043675,0.32828829598058695,9.8
62.84680959529838,6.676635922329272,257.70847347867226,-0.46885705160686086,0.4862207232925412,10.7
81.89602298265856,3.4602981854686305,326.8816267289079,-0.4513272984683345,0.08680691830321141,9.8
21.700372335692126,7.671391572695676,154.79429755756425,-1.0784846966788328,0.45785825424229754,13.2
21.68760089545338,5.571787290151704,235.5547162700723,-2.210171093821377,0.4930582367124078,12.7
55.20255048261143,-3.237602653500378,58.38513503683507,2.979779787487491,0.06374310286137475,10.9
85.64654721106996,5.146398069952369,224.30611006912,2.868417367995707,0.7522176535496613,12.5
47.76452625221572,-4.477029878760148,207.2942779648329,0.09543455061669848,0.3683353494993321,10.0
98.19112650358002,6.2624760909266755,60.383544604786174,-1.9506776310289768,0.945720072264704,12.8
57.29478960425346,-0.9300959415329544,214.99216121330446,2.996872684789901,0.6262399521280839,10.1
46.943248940852335,6.225533890620049,0.5405729124042247,1.7005310008054897,0.26168382622368114,11.3
70.87967273898043,-9.647973705103519,468.13690351311214,2.4686199238016373,0.5764125805834447,13.1
78.66467576112882,-2.6746624443757288,69.17474930133483,-1.4147499159193093,0.2388916787650811,10.2
52.63094191738867,1.9055543696449835,469.9593810510893,1.0735622221835799,0.13718508878808755,9.4
77.0093403440703,-0.7773871007997748,490.9883248355837,-2.774270824406382,0.5377508756952172,9.8
28.148665607502856,-2.9171834982620766,394.5979013675216,2.372390469961946,0.20573303152584232,11.1
42.34442911726394,-1.5253316065182787,373.4514583521282,1.7364941175531703,0.7828753703569273,9.8
46.38094613366302,-0.9576343141380903,84.46705120909992,-0.3058678584012271,0.859873392893063,8.3
65.04652114276682,-6.867937667207857,318.1802324909181,-2.215814997291532,0.030970090232850023,11.8
67.81701578316061,-3.4847083795645073,446.56558102435775,-0.7287200094214548,0.334665427002269,9.9
32.57467438493081,8.494737678177454,275.78251613952295,0.7053108421578438,0.518714342572941,12.2
96.9483596090957,-1.4177781024437426,197.9503626064895,2.4039641571113437,0.07590537110596984,10.7
50.02667049366145,2.7273670997807624,217.43853747385694,-2.254483192069946,0.41308366581802314,10.0
57.13031794728395,-8.863845582596879,248.6087390790937,2.1053220094541674,0.28877409616717487,12.7
27.51781957523015,6.418092781369388,464.842847448493,1.8151667192488814,0.8455484941255527,12.2
61.88701501661139,8.951493561789682,409.050866797528,-2.223383423344696,0.29307346793763756,12.8
34.129026676230225,-6.466441267470955,248.74884124706327,-1.6709470536526694,0.7528340381712492,11.6
97.325633523953,6.250639100872618,339.91058120304984,1.0183573755717292,0.7849777836443652,12.2
39.107785648761954,0.6279447012550428,113.15041991513003,-2.1669361231962956,0.9834425369401188,9.9
22.71434243137671,6.001896426799021,132.43929443135784,-1.599637434933532,0.3269644886687538,12.6
44.49211024619828,7.430103154470025,307.60287890291016,0.00987954303821903,0.07665026503483485,11.1
82.21122092870357,1.334146103034314,490.6982765588737,-1.9426690565172504,0.6821012557285819,9.4
57.99417969194088,9.010896691211773,375.61178169491126,-1.743892234471257,0.7866428886630231,12.8
51.0430748205959,3.831824771663154,179.53786435701124,-0.6114645880120975,0.9705845496362947,10.0
48.352923152082646,-3.8014000776968366,330.5408400205942,0.9106304489289165,0.15493444040256643,10.0
45.7397901084951,7.8288153904712985,143.024980073638,-2.33633122033796,0.641460259851677,12.1
77.8588604735086,-7.082560960875666,358.3969424877388,-0.38043468254079116,0.9329793944605506,11.1
30.5274836058912,-7.977827512822149,210.22107923217376,-1.6958846240746235,0.6931532002825013,12.8
68.39714935527753,4.898506958561693,105.68396484008125,2.837736341284865,0.29848061564945483,11.2
61.484794636730406,-2.340418779373179,230.66788772990492,1.433333391050036,0.20247995185923262,9.5
97.66890024245667,-7.294010259570314,176.89289001765718,-2.116262861339032,0.5362925638783161,13.3
29.40134611518877,3.2216597194653716,193.46152214625428,-2.5002411835524248,0.31002048652992353,11.1
81.54108916924031,7.253486881000914,321.9961403458827,-1.777115758515889,0.2118578128299523,12.4
63.90374989404815,3.4101393626716074,261.22860677679506,1.6196808411511725,0.1377571209728684,10.4
61.546169354334424,5.47893583538573,220.28995689844405,2.6825270594597086,0.47092921701969936,11.6
73.75085189524539,-8.35392601183223,48.67450115963362,0.2534996009606907,0.582517721148896,11.7
35.165239425845215,2.7525364142201205,111.01618287202847,1.8036128074795403,0.14808915465699568,10.5
74.75716088529279,2.8450898843954864,77.98600889399509,0.7116574912020441,0.19682781212802547,9.7
89.97427179227336,-7.3230753677810245,345.99060380059126,1.972754715039465,0.2059462626041122,13.0
39.876908524513084,8.284483219051829,306.4849204829205,0.961341384916885,0.02647615961262817,12.0
75.9431296263729,7.096238286248056,169.41500298689965,-1.718901599932032,0.13977594542181382,12.3
76.30090197167314,0.8487691855745467,267.5775142677499,2.5844005595684134,0.02616655784930655,9.2
73.25453533892976,9.853508885311324,43.724567585599395,-1.2658828567488885,0.8343988064984015,12.8
31.13489487591103,-5.787853228675801,382.067189997805,-2.2505121976359805,0.3006915675254773,12.3
51.11469497103726,-6.8676015403265485,423.54991307368795,0.15287015897799971,0.24202360416574176,10.8
76.45062815748886,-6.0998286724131345,88.14535384655042,2.8964743278697025,0.5374787057398316,12.2
20.101683247939448,0.2707524616580219,480.96964656316317,-2.2636712795092553,0.7221416253808686,10.4
22.708457807599977,-8.846700780231922,271.0851490089197,2.4245119927547183,0.23534424629506656,14.5
28.920096996631468,4.305293123969022,393.1429489691917,0.74287203082672,0.6036489841793105,11.7
69.95822474425572,2.4131814875723183,375.726105992511,2.6378869265677825,0.13981944181423323,9.7
59.68457279177439,-3.1608310873377743,54.31416022351049,2.248141101341429,0.6878844488977147,10.5
82.19705395655949,8.459428099887688,74.38336902140513,0.2051608253461561,0.0603340304550104,12.4
74.76771256600526,-7.020355398896143,56.35093473107777,-1.242433098868461,0.11017692090486875,11.4
70.47059226447362,-4.588133736940341,98.84809905253606,2.705848401001,0.43014314240772733,11.2
91.83085304419605,-7.423508295555883,35.06288013174586,0.9300064473133709,0.08825216870372199,12.4
47.794265593359945,3.985384767523545,156.2568277278082,-2.7159312495736163,0.6084862685751747,10.7
52.33595894099284,9.2256405133189,202.99137589274312,1.8872190510946893,0.7234795237362532,12.9
78.88399129944617,8.143762544241298,72.83289377306556,2.434605617082517,0.4154109727761919,13.2
96.4109213717822,1.0058859165649316,85.85390112582014,-2.84065486206874,0.2575979402513672,10.9
45.640405946176315,4.917137893046167,269.9256276330218,2.1132283344500458,0.17389680130465301,11.5
74.82520953636097,-0.752204834971721,46.47084651905315,0.08365728580212384,0.939341720063663,8.7
80.21534852759522,-0.49642625457191514,338.51899428475474,2.136734697807886,0.20288795318741415,9.8
77.68737028384922,5.922257265426241,416.25610887957737,-2.0764559847351536,0.2168887884059154,12.0
58.72744796058697,7.26553438576795,454.7802686379719,1.2656107245444908,0.44820697720287617,12.0
59.576740723559055,-6.036322551042663,210.79482910584164,-0.9673439128491479,0.11312191144892048,11.0
82.90952022567168,3.239738442040757,117.27619583514142,0.7594725116195238,0.17922334347061042,10.0
22.51639062964001,-8.329627234796684,321.125526974066,0.056395580592553785,0.07363495323375946,12.5
52.469501073198266,0.44596564825865315,19.802344255533843,-0.42924430689239923,0.22659686959806447,8.9
60.09216994864589,8.028971256530482,215.9406855183621,-0.4205299782606611,0.2674838098430241,11.7
36.70505226549048,-9.757032645585959,95.0837780521832,1.501771840802948,0.6925091537096467,13.2
94.47885452385592,4.560162905191699,59.86861762088685,-1.6650569294108786,0.1052586163380641,11.9
90.20582484282828,-5.949139438548889,173.85599263841172,-0.23912050520300454,0.8345618473476183,11.6
78.26665593155967,-3.849247109977134,472.6929412947415,-2.5307896670966468,0.3618992112581336,11.4
59.910128017909585,-3.243357826504245,184.042852125828,-1.1074664159158456,0.8930097822296278,10.0
84.58462785053655,-3.812862389857976,174.9287636016402,-2.0278787049197193,0.6252180349695324,11.5
92.1182740275116,-4.118898396956075,353.4758185594886,2.3052780050855572,0.6814282255721522,11.0
25.227753891472588,-1.7896620434882031,318.2287567873246,-1.5324899079488796,0.7299440594983789,10.5
88.27187672399839,8.542458921054703,217.68594704472372,-1.652911959993438,0.1329417902923914,12.7
89.22224152810296,4.2426935427311925,127.73284584766593,1.6414070346144856,0.4263105375713768,11.0
56.14731953556981,-1.9865355925343593,77.78866499137894,-1.4573582367099498,0.6193918714897881,9.6
45.385644552520375,3.129185919379342,437.4996959615071,2.6546808657972303,0.33156813532649043,10.9
90.76450761243952,-0.31333355821305986,43.843845246678114,2.479893182420234,0.5316372607033281,9.9
37.673525135342445,-2.4749385689169596,367.4176293205693,0.6910470475274222,0.7089250219444818,9.7
69.5724494234132,5.475196440723561,209.43074717358107,0.35276019530925407,0.4063694154935906,10.0
20.432425064926747,2.8706023894485178,217.9341884745618,-1.3761699366867288,0.7599411499555105,11.2
81.97518009565827,5.333015218097577,280.8922209823644,-2.878447716810604,0.6183892674165902,11.6
54.61476588226755,6.003399714333764,44.462253079436906,-0.6052457492031857,0.47952903240246114,11.0
44.55209225632335,-0.6822895467691321,497.86862539650537,-2.588961889370064,0.09532844212684477,10.0
68.02615961233776,6.2215317459313475,138.93903126800473,-2.365406923252303,0.5298531713397573,11.3
74.76891716867256,1.1142378057622953,459.04094715143236,-2.9363492743026214,0.41027533320999166,9.9
94.29774883237502,9.239977445756349,350.313629795607,1.5188600142446216,0.8555354639382753,13.9
82.600789284804,6.91214051054628,333.26755036552277,-1.377899614400533,0.10377165411438982,12.1
47.77303703302919,-7.936442970130879,199.4981091017376,2.9028432810630065,0.9566085443544732,12.6
91.77861723626567,0.45335410602110393,386.7103647428343,0.08818078293091336,0.8718794478376483,8.8
26.801765655514647,-1.975421916041915,479.8188261762227,-1.0657237532348702,0.6607843111062512,10.4
76.71502751535272,-5.7912590271471975,145.83002320792977,1.0438831459018942,0.7311860677164446,11.2
77.9680403617031,-4.405838831496931,306.7607161777435,2.5704299422303523,0.10569084393559158,11.0
84.74664341612984,6.394074839230875,447.0364996428091,-0.20334412695943538,0.3935318461828313,11.6
93.44142416369037,8.829573487653,274.062497200321,-0.2972186000075263,0.2459959552131804,12.8
99.21605424910499,2.2348365085288417,286.3077565914811,1.262037558351735,0.9532435228560658,10.4
65.37855704130668,-1.7990960947280534,284.4835858777276,-1.6728797021933828,0.6006614830875809,9.8
55.169403566298996,4.741872345169835,333.78206943139196,0.9135881831633013,0.6554302575414798,10.6
54.85842178493604,2.656680912996009,127.76028849756865,0.5955206038646912,0.26759521460399505,8.9
21.401028170095486,-2.850607863492682,44.01020434833519,-2.318244928916827,0.6354660372512543,11.1
56.92389753344128,1.3233855210364318,116.15271322086285,-1.2772557965385274,0.10738916049306624,8.9
41.32835071056128,7.339716938222612,138.9696188316362,0.7962435665599479,0.9526701458390191,11.8
41.06191997265416,3.345549487069805,253.25854361182954,0.26969582385523694,0.8520186470656774,9.9
29.37100117772463,-9.776705347324778,192.78366990549634,2.3199868928735894,0.717404050451232,13.6
71.98956661530605,5.465454229337809,299.0594507171912,-1.0409079216884052,0.23951701125757086,10.6
41.104197447339494,2.660303670514079,148.6949153946015,-2.7996150717670014,0.615969236814908,11.2
63.80534762227579,-4.063959137323763,135.98418711290645,1.5579881854480178,0.009361570118612939,11.0
59.69912696087447,9.925235710892665,132.33857159076183,-2.2638286395828064,0.544323960191783,13.2
75.94609825655013,5.461720771652141,121.24913640009744,0.35137276500352055,0.3249446979228555,10.8
49.44060924342467,-4.8997781936826375,403.44508693588733,0.6506551214644958,0.6209952714062892,10.4
68.53604193832746,-6.133113201916367,243.99672108172237,2.5639205000414993,0.7101214318465535,11.8
73.1330916801121,-3.729728654224158,126.52398511798218,0.10963075498579844,0.6430252181329293,9.3
96.47899324659232,-4.5889687371246595,168.22794876744618,-0.7885541178383635,0.31027043359360995,11.3
39.42119802664485,1.9524529224524123,466.4280537223844,2.9378526115875943,0.9484257754163002,11.0
51.211701801978144,2.06337127280041,53.551256851231464,-2.879499090272721,0.7916198515638224,10.8
44.49400452739538,5.398709088351305,234.60489664728823,-0.45520960738722493,0.05428073786479226,10.7
38.307882818732836,-1.5206094593797594,196.1903525283416,-2.533128434738657,0.44945540487846247,10.0
78.11619701968532,-8.662961724075856,413.29688496532873,-1.3048467194660414,0.6513651473553693,12.6
24.10390809780644,7.553705274279089,1.1982965389640832,-2.6243875482944192,0.46544779654976154,13.7
96.75938888610185,-6.882405987465178,42.00555904336339,-2.140695769558718,0.8925712655412664,13.6
28.504117228531296,7.866676124131903,435.33994805769726,-1.941097225105789,0.157842493656839,12.7
73.60319669671777,3.6471628675207377,317.23796295605274,2.1802313275246217,0.3356489453553778,10.3
95.54872263942669,-0.9878279868667121,357.73141885648175,-0.742107069904943,0.3219439298776329,9.5
80.1215074085615,-0.04773284010294532,116.6795338685066,0.078746968617871,0.509546638170728,9.5
87.83824067712753,5.150928737055159,492.49722602854825,0.3779929753890441,0.027812305133282034,10.9
79.66733010619862,8.76574882454684,175.96446411781946,-2.1253389757224785,0.38776607138928143,12.8
89.63165768441398,-5.907511857568282,280.7643382748101,-0.3064103575837329,0.43175778461229275,10.9
44.08932071636044,-8.032118259299763,103.61261628976648,2.4798544083979364,0.3972406311442205,13.4
91.32186627560365,3.0296058485065593,246.84453108929856,-1.5469657310028722,0.305826226616404,10.8
74.73499579914747,0.2688398097439997,140.1329557192919,-1.607310353058029,0.3506401073937063,8.5
25.67867027391425,-1.4430673505491676,491.31582396274683,-0.22947591665249512,0.05516149385234148,9.1
35.11772147622321,-4.224899265443007,198.39270634508765,-0.7780246332704968,0.861298025342668,10.7
93.31226582843115,-6.469281008918957,45.94753358286718,1.0276401462555054,0.7908663699699363,12.5
32.58949943097186,7.417448733077677,313.4712913721183,1.4236728843603768,0.9776345281609482,12.0
40.94023565729878,8.237688368510728,391.77678854257164,1.8121205211119813,0.06061741564854972,12.5
62.071091372955394,-0.0036289758265368732,356.62069906453536,2.466758763667541,0.733322620256159,9.3
30.14765728893151,8.135313913305502,274.4216914769959,0.19287008562373398,0.5695084629810233,11.8
20.507410824312792,-4.111515577985838,324.60969393291896,-0.32078013701818087,0.16351250914531257,10.9
99.01477075284204,-6.94428926308662,333.63541035691657,-0.7274801762425094,0.38034171260557315,11.8
74.54096297616493,-3.8251113073598226,38.48053044422234,-1.9512953497525631,0.9014134193159278,11.1
78.13182304285749,9.125996204214857,399.0582144495495,0.6296292043726881,0.0012944534370207261,12.2
35.93351148415262,-9.751917269324986,302.6943839779946,-1.051445864600305,0.04198651121096786,12.5
31.35061511460077,-0.7548585225095898,394.1572752254613,1.8295055849767916,0.5047430723621376,9.3
41.584058208603416,-4.9782254341112235,161.18570682950661,1.095486159071318,0.7212287479867834,11.3
94.45638708218685,-8.548814301486253,320.699899673335,2.181440775955174,0.6939713840221893,13.1
50.01081350134819,-0.1833876882101304,325.1750171105488,-2.726168914463595,0.8368136219499434,9.5
77.05876315921051,4.186075449757711,307.2393424093461,0.5376694015626624,0.2970992930729085,9.9
80.67969541592032,7.905551639511682,294.4492602633441,2.433947651395542,0.17517949659484744,12.9
84.92927324582692,-5.911927549484057,356.388752880585,1.9597361180875392,0.1363833164904571,11.3
43.115083750200284,8.533779680916687,20.814896124583093,2.3253231580147684,0.6383748799871055,12.7
83.62080816506055,6.842573481037036,14.717078525540995,1.05669199381183,0.5418545430218942,11.7
92.50158822508003,-1.6487972033655183,488.326009898554,-2.1349553561662367,0.15589082951497957,10.6
67.77735830478382,5.879305584438612,26.879057885768166,0.4783642825752006,0.3865546216977924,10.8
83.78648527013671,-1.696322610989057,217.19874674375188,-0.4253383974542313,0.7873134774751434,9.7
61.95585146046529,-7.288398498172821,110.5561401537834,1.5725779404349236,0.8166977613740192,11.5
74.98841325863893,6.7904573274128985,57.69702460648557,-0.9221080016583483,0.4652413153404299,11.5
38.909583708541234,8.489575601673572,5.733726444827614,1.8177208645785612,0.600735451228661,12.4
63.76419341747643,3.7623013334800497,262.2503857358949,-0.4335416688926301,0.11038498628741567,10.7
23.79700571791875,-3.5208772201824923,34.56639000578304,1.310495948657885,0.15306991552880322,11.5
85.72317902730651,-8.46832536605314,110.13693601636776,1.2888136653787043,0.42918457997590453,12.7
38.31553423198751,3.1697431723330354,408.3412808902379,-2.6574390163665838,0.4334172605569244,11.0
79.62004704638218,-3.1946394282140256,158.06981853971368,-0.4587820837185381,0.5830989685972028,9.9
50.07468922346891,8.287795793079294,59.18455350576901,1.1639930623576884,0.6661385198051185,12.2
71.29151948111668,-8.481357296401095,479.1339886561922,-1.7234131915610609,0.35918098582870017,12.5
42.5424181578278,4.395385525211225,476.2123076254055,-2.2235902500143085,0.9574223706373868,11.0
32.35804115784223,0.3326731947475441,438.55077804180763,-0.4180749980820897,0.0019350842657064327,8.9
33.56955208043371,-1.033605525275334,476.3450688308144,2.161613633527117,0.6609588806814741,9.8
58.3644371083561,9.012767797414977,230.4496039777762,1.8729775021048471,0.5216398672692392,12.3
41.95878558319197,0.8015596840551602,33.81921784152908,2.2182432041522535,0.8929322435536369,9.8
93.00287468007556,9.104290013454793,9.312047816428915,1.8773046707841337,0.03185084041501329,13.4
75.41263871626059,5.8543900211687205,387.22755224665013,1.6228986385657143,0.21332422119490957,11.4
88.64460363789999,5.17522295565106,127.58046482140028,0.9457409204370566,0.34028082965304407,11.4
58.9458835216194,1.6090911686153753,407.6954662579767,-1.6491175004081269,0.3069290402850873,9.2
26.39954363341363,-0.8535842554677053,346.6731206743631,-2.103334459733224,0.083023422818026,10.0
33.69887743920759,5.151954870679216,433.6497612131815,2.556168131095334,0.8575065785712624,12.1
50.81247471297605,-6.483700295605324,357.74597286796336,2.1861575093712764,0.5320809596954388,11.7
73.80561748728596,2.074972805101643,494.0813744965709,-2.319511029056173,0.07516114438919574,9.7
67.02529277608502,-6.6811210219903305,76.17763583312993,-2.570978255322381,0.5080373567048655,12.0
50.76370692880377,9.958587599879078,431.75144498445485,2.1499741916997586,0.30551818086611815,12.8
26.286075612696862,-0.3668535017790564,96.17627426330982,2.9452752477977846,0.5538886250146741,9.9
42.041019752981654,2.7509809509721563,119.74248144285177,1.3450863382433615,0.9266304292046995,10.2
65.90334075958256,3.2146337711648876,299.77376076590383,-2.6318141364099947,0.3468562079556271,10.5
34.41995981809949,-8.519788837957787,262.90826747346523,-2.0835218987164206,0.7157739048202136,12.9
97.16757537998915,-8.669990614322906,365.7426432286127,-1.5823006642273068,0.34640552526129964,13.1
29.135214629792053,-7.5737960691764705,377.7911777544121,-1.913754097624106,0.40839759834211686,13.0
38.89137778829186,1.9386139526636885,17.07637757485947,0.14217232151115589,0.7625903839626705,9.4
75.46296249504519,6.642774617531167,160.55603216965437,2.616163979127127,0.6075244443626199,12.1
98.96737627132394,2.841133867488729,16.580417342330456,1.979560146364908,0.042698242589527924,11.3
62.354256576073716,-2.387660008435752,56.18150918374787,2.2138974081157476,0.07626596960555065,9.2
84.13318758957683,-5.845366497203139,25.69040140938278,-0.2597935786522063,0.7285011709157928,11.0
68.47789804824995,1.2725238541909398,319.11279720942116,1.6047253547572708,0.26080437909307597,9.4
24.39512645849712,-8.800668850329226,100.0469985253758,-0.7270848233135596,0.8456321739103158,12.2
61.250467553001116,-8.764514075363564,404.73013907241466,1.7796703461057817,0.9384139206470693,11.9
31.14561444634341,-4.143866301167495,322.6285130516189,0.36247205096304924,0.5626587926841523,10.5
46.10583764129465,8.14110170522142,240.8810615889583,-0.25977626139660703,0.5546309539097911,11.4
49.89899451211458,-1.2046069182671602,9.178558014287685,-0.3431770754906376,0.722166022003171,8.5
79.90257280858344,-9.103216189534798,284.15622775429694,-0.192103055476033,0.5147552462602637,11.8
39.38509686659175,8.091136837275489,190.409441004668,-1.9838500075372445,0.6595083927295117,12.8
32.42125615110197,-7.540945551356999,193.56118164830553,-1.5305606811056442,0.8420832864866828,12.8
22.804114540206832,-9.938905863883038,11.37614133319259,-2.778690503180678,0.20976783815888955,14.0
24.879136029581346,-0.18504277990641071,37.38920427538023,-0.19475651336761812,0.5852336419086633,9.1
86.36421114426645,4.051885449506392,38.75962427402852,-0.9746214895974474,0.38376875312629344,10.7
80.7765073940086,-1.396458547950978,473.60106374157846,-1.663591195789083,0.6621454405575791,9.8
63.182802295377684,-3.5631785801474596,447.8983321074015,2.7833105962850766,0.4122611153052774,10.4
99.03425319344254,9.842385768330043,418.81693877274506,0.20372316714981942,0.4224237674222051,13.7
93.24485862083496,-3.953055890149151,395.21358338356515,2.372398264709303,0.43218093643157907,11.3
70.97958904493466,6.863516710957981,413.7840318992195,1.1264248081164467,0.16940476092193357,11.3
32.28359641563578,-0.4837254800596362,375.7404976301477,-1.4340179014401009,0.38706585516497083,9.0
55.60446072539287,-9.416446906701797,407.6376548053671,1.3322653095571164,0.30260298048584344,12.3
99.74258750404152,-2.288461399407698,273.5282222539171,-1.2997384833343086,0.06840916995447488,11.2
82.13670359411714,4.136751659298508,24.820979800751154,1.9538653677158173,0.30879679551020167,11.0
85.07907321803334,-1.7797229246558999,294.9076451363969,-1.7900757989776306,0.6402218091159262,10.3
74.5207059610033,-8.862295738741274,329.1538948202764,-2.6969003617775846,0.07815407360003734,13.7
47.69705774228416,0.4284177248727321,372.6526088262315,-2.6501662205385914,0.7584207249741035,9.5
93.06073969654615,4.106434341487702,163.94855387792185,-2.4838430454826086,0.015493461677131726,11.8
59.402841799924374,4.338071344176946,233.477997634384,-1.312312226549002,0.1694688371808467,10.1
33.66400817539802,-8.27792900774709,329.696998773102,1.2661690244977883,0.6723475700672078,12.9
25.74589527071593,-7.1949701797516585,285.5350225332172,-0.12927515674549728,0.15661923178961412,11.6
62.45118078619957,7.687935986179472,68.58504836141339,-2.0750120410951185,0.4729725005504317,12.2
89.31257576103985,-6.613301579549926,365.0561967231437,0.36860161431604954,0.8935076577823584,10.9
93.87240894070541,8.421522587848138,287.78413773552126,-2.6487490678474535,0.9792288647624866,13.7
82.21664782921623,-9.148247003160346,442.6012623208932,2.863402076292351,0.6333491044405695,13.1
81.87545725145078,1.5122188299366215,0.9553799378681505,2.490278314995863,0.45765923007663445,10.3
70.44714406672195,2.404881841506869,453.33832145440647,2.296404640467835,0.34434216210497526,9.9
85.78038314231578,7.306886090330011,146.38234609516104,1.6736149397117979,0.5792324669273043,12.2
91.01059261115735,-1.6109060592856181,480.0442830502948,1.0848808404258836,0.7631109792310864,9.5
62.8982360167702,-0.37818634842097687,419.72951618147977,2.3919740251135915,0.2193592379588748,9.6
96.29251990031476,0.9641097273577195,449.01141353931956,-0.717265228641387,0.9538392847331175,9.7
81.1295469879692,6.902094283842644,413.1722785580581,-1.633804056864922,0.1294785828754278,12.0
28.269465794284756,-4.407762815540557,290.0445612675718,2.0096697591124437,0.9619343011786093,11.3
24.748599752913137,3.673582014756766,220.83962604178558,-0.6528797369866259,0.20385041405715443,10.8
74.25617200704775,4.946782098982069,44.89350113564572,-0.10129122912778943,0.8593657737738245,9.9
64.2809200835256,-2.6706428903354507,12.507542018910023,-2.305160360837534,0.6470399763639311,10.4
30.611524254343916,3.592181624859329,48.55976274819162,0.6159273572080344,0.9840548096793014,10.2
59.66951585851887,7.202774246724545,129.63083451195644,-0.6623165958647155,0.8363134348444655,10.6
93.29362745713654,8.149883624975235,182.42462375940093,0.132841010312152,0.24479535818382459,11.4
20.79258281911276,-4.201517314690637,351.65873420531483,1.3957569300101493,0.4164965503790311,11.2
37.87816967167866,-0.3689214788778479,348.5699535143513,2.66493809630758,0.1933307103557257,9.3
24.44709664595912,-2.8700326592784364,344.11044131366566,0.9033196333653288,0.8154925976938853,10.7
22.2039169352251,-0.6306277778845697,33.78288403946767,2.4946730633327032,0.09153878242118985,10.7
65.53533472140296,9.762952991575332,218.60248876960165,-2.3234640661055757,0.8292233195004015,13.1
29.190141888623806,0.618153671644027,139.35533008698914,2.7540285769362516,0.8870373784639263,10.3
64.44002518434728,-4.502944622769959,260.74221691515913,1.4907103173455747,0.1191375760097485,10.7
48.795682764227344,6.566453327373367,237.19842957486014,-2.818108345092024,0.5316007539874877,12.4
23.38318343631741,-6.243186734683228,226.5321256329288,-1.4230770780374398,0.8893485282073371,12.5
28.784649518903407,1.9077149568635896,445.0317309902229,2.020537773496244,0.7054853635938092,10.1
29.792776307004072,6.055520425246858,284.43623969402637,0.40280499826124494,0.3707493672876798,11.5
57.716247240830356,7.881856977834666,349.0818481778731,-0.6547017505516131,0.2911426035033473,11.5
65.02568852251197,-2.766105361064481,182.37960641300933,1.9243561336761097,0.10462282163760162,9.3
68.77136725045534,-7.592880053865747,73.26837285155096,-1.9856137797701967,0.08740758924165826,11.2
24.25380215934969,-5.337162122046733,211.99767124281894,-0.6014054547162919,0.4327355859838311,11.7
85.30818149080713,3.500557667600603,254.41019891510368,-0.58760694258926,0.6890287260737239,9.8
74.12637246957962,7.345295085130399,311.988472306437,-2.088951780892482,0.2710097894453186,12.5
87.10292050179626,-1.2810613230168961,482.632372498094,-0.2504971471893045,0.8653775149619849,9.0
45.52902646687221,-8.348853387085837,187.31868473801134,1.414242504064032,0.7444073826460347,12.2
65.04589811056381,8.381235530525409,449.253390984029,2.318454769119204,0.4830805290003649,12.1
89.44905849813671,-1.3077337456704186,124.52333026314338,-2.9480094750930292,0.6456838949037448,10.7
71.02441575753483,6.571677869956709,120.11676047844271,2.0114336153333507,0.6114646049952853,11.9
50.03452805232538,8.027544483429246,133.10838181126726,1.1281272247429621,0.6323112076835381,12.1
97.73245122153428,4.031292665730531,156.8403248339675,-2.299456402441697,0.3433001488523799,11.7
49.66726170068249,-6.582554047495755,70.36093117307534,-0.05026775971922781,0.7623183911694748,10.8
93.69958068363972,4.03349856192561,317.0374819748312,-1.497100628502894,0.2287724049209463,11.4
71.04884694922717,2.300941339007519,133.40620504825966,2.9880102663242276,0.6148431581790533,10.4
23.076054563627267,8.046508262821462,26.360201179219555,1.1224644366956502,0.6292386007374686,13.1
53.810906587392644,-2.2686692568705364,15.318038922391143,-0.5175998179165617,0.738669456065809,9.4
40.73607329857562,4.563785312777938,266.42265815491146,0.5530066246121552,0.49685121769260565,11.1
65.9128006827307,6.363210483038692,50.3361365260408,1.1887035046481609,0.26441756201547495,11.3
65.43053103509038,-1.4803910804590608,413.70121374762755,1.324761927634901,0.17127620981696912,9.4
95.50938470419314,6.567707994925577,265.8206898089416,2.3762570656417257,0.25489823172723636,12.4
43.95348535106366,-5.462736264968912,206.6036097204349,-0.8224375367398804,0.12143658830467274,10.9
20.549482805687063,-4.374513972182248,499.6331174610123,0.08031561838512058,0.5127424580631043,10.8
82.64751711624452,-3.3722541855919204,226.7443404676352,-2.6449246099132058,0.5974101164292357,11.0
86.99906200636512,-5.273154863352918,499.2915691899359,0.9033266590876199,0.36971203332991687,11.6
73.50514891248373,-1.4536506079531275,348.0264299314454,1.5578344934113835,0.8564233796678005,9.6
22.685651095692858,6.734219648292445,369.9837616375287,-2.670249726873042,0.6964051934043367,13.3
88.4677569320264,-8.597263110557279,336.7329081231001,0.12216027428485798,0.6338893144163006,11.7
81.28239725481322,-7.765865761344257,418.4112938106016,-2.877626783471194,0.3491049064331849,13.4
58.09820558123086,-6.978905471997523,475.89962674136996,-1.176868571317098,0.17910181381341728,11.9
60.68254673928572,-5.657558049571851,77.9308806486148,0.3354042652618707,0.4560303659527417,10.4
23.719928557790926,-9.453225699565436,481.91195531413666,0.4669166612489306,0.9282690316736438,13.3
25.181423895201995,2.4953263626992097,186.08532182956432,-2.043609840500516,0.6458478180492314,11.5
68.42254546982274,-0.2536588677460401,196.9152178678959,1.9459905966067987,0.2124048179537784,9.2
60.759753648642814,-4.374383327277305,247.29484077378427,-2.3457521571974005,0.5124038704022504,11.1
80.40864109737687,4.65767260148429,295.04116707307196,-2.513458427600721,0.2626640012835706,11.5
90.98374009485039,-3.180743162756439,63.781056095433165,2.7506143682500213,0.8103037709713031,11.3
56.19367461247484,-7.836753948168617,140.13335241469616,2.3710027944593053,0.14991464361061901,12.7
21.39598941775266,2.0122931867930696,176.55327672614285,-0.9633921256102629,0.43412777092206234,10.6
30.482000815181173,8.96063736999957,120.12638486091609,-2.216947388154324,0.3919854933941951,13.7
40.13660025295924,-4.144549355623037,93.74700396712815,-2.5002398620441393,0.29476781994636503,11.0
69.45770062985821,-3.820497902516453,219.32174159464813,-1.99212435023933,0.49485512468559867,10.4
85.99965802570117,9.585327789127568,410.75165966245373,-0.04692815299654285,0.9333806217902669,12.5
68.1759576112639,-4.780094489159994,169.14002580526244,-0.19989769845668404,0.7683858623573583,9.9
29.45498597431464,-2.5867688566238485,473.81122479692664,0.23434786771592853,0.28953494274378,9.7
71.7776052332637,5.494418063448691,445.90702534416204,-1.7952383935612077,0.9786406496203041,10.8
64.47940039262696,0.6919648114898926,167.23682721217386,-0.0997794714828002,0.05497015380907688,8.4
86.03983389526299,2.4515728896926063,465.5723718953712,2.2799152051401226,0.28305494199292636,10.8
85.77311053388769,-7.8827512191528175,215.89783417879295,1.9023758163945779,0.8314993742006154,12.6
62.34219359295247,8.684979864638514,444.9789655031974,-1.2803564260372855,0.7397037601983368,12.1
96.03073272224174,-6.567986655856785,416.74827623280254,-0.20389653107598216,0.8544043749742304,12.0
72.45730207018953,3.6415602381887187,223.1980819822414,-1.1780661627633315,0.1696690591620963,9.7
69.7652286035852,-4.844630793894506,433.5737795028753,2.088842521285293,0.5697147067949069,10.8
48.90381730500877,7.830071083047468,372.6854933258882,0.3354372091888074,0.7662511521644629,11.4
93.81038621691997,-3.905949399840112,252.08672263519017,2.2782061613294315,0.3241415100109838,11.5
88.01487521391601,9.876013932724831,172.95970687790407,1.3908852847031543,0.4629759014393825,13.0
81.41502641952235,0.4521336527115256,36.557926486513956,2.1538659410338497,0.45466124299352983,9.6
27.984348557991574,-3.6089640865631196,339.5466588389909,0.10590529714080166,0.018049929833148903,10.3
72.47507647722493,-6.478900581941565,461.8029488962767,-1.691871789201327,0.908634672072006,11.8
66.34405326838305,0.6299897665773422,249.2319767167524,1.4979370046810514,0.6921259451253835,8.9
37.099292674074164,-2.553761377541788,42.065901583007495,1.3580857293202229,0.5859376383576559,10.8
95.97980225752463,-7.534113341462934,384.73372818359275,-1.1557068236973658,0.09061943634143488,12.8
32.12726506073203,8.667948150313677,24.007538886163637,1.6212012516335292,0.23275901566662993,12.6
99.97648337838459,-1.2046778374218476,257.5458467424973,2.676958780432601,0.8962355727212092,11.2
55.02829566381628,6.739867844922706,243.28741835128915,-1.8492893273058757,0.5971800280675629,11.9
21.810979584635266,-0.1007612065125496,8.09913834846865,-1.4674731480345837,0.3952704017453509,9.9
64.65255198269065,8.443877809214616,464.92806950159587,2.370849404224563,0.8370320078281376,12.0
37.99897018841471,4.499810147777632,121.63898471591916,0.9489637438986795,0.24524371923593669,10.7
32.30637594798709,-2.499353536271835,228.45024079048613,1.0570523473146967,0.5622396871665042,9.7
65.55297800810291,-3.8891614343780967,284.9697612470657,2.8827862122091767,0.8154470165809173,10.9
56.261386035129625,-8.711000856954552,432.6644244338438,-1.7817352124808454,0.493172415245526,12.8
89.39645987413724,5.861233784629436,279.48516335046565,-0.6382628196247966,0.15075502748240688,11.1
88.23335059808957,7.650077966078207,459.44089870014767,1.8969806605789366,0.4798963266598131,12.8
65.64284013751538,2.892813777597979,445.47772888116543,0.7371482897903316,0.2944211993117011,9.2
74.78594197238785,3.456910443562533,230.4930986416689,2.5745325453578705,0.7711110964559309,10.6
92.89815679377764,-5.779515994889223,133.15652319271942,-1.4324715877285066,0.52010746385496,11.9
92.06675212258388,-3.5443527154745276,268.0978565607981,0.84688590301801,0.5026206034547395,10.3
72.73244724101951,0.3973816317325358,210.81235764642804,-1.1253950267305397,0.7172536680143808,8.8
98.81993132140884,-5.328552230331134,136.76189984402782,-1.4807554053931655,0.8062322212935176,12.2
88.04023760054234,-5.948216815751373,80.2554274285937,2.629596225170335,0.8584592160523057,12.0
85.92224989129059,6.782027574071247,103.73322581062028,0.17948968730489945,0.4530135900126574,11.5
85.06941192571888,-3.860798951822037,346.2648625003069,2.0133059777731184,0.48065624876577595,11.0
88.99193544619763,-2.171169526557879,410.3975478773615,-2.979742869800887,0.4269277958152602,11.0
77.90870920994706,-5.454769211106997,377.8327738382473,2.4375980812156515,0.23680623925930355,12.0
46.16091073804567,0.5027935577868075,67.80243966310773,-2.557960685089154,0.4502025447004139,9.1
44.33317398955325,-8.685143137001592,59.01066424089036,-0.8746517226767629,0.1483677862830597,12.1
41.203842741959214,-3.840445718092111,455.2775199595233,2.873505553070892,0.20957058473641277,11.3
38.459183780142055,5.9602502023365105,55.18672178570705,-2.6624165218362017,0.7473236124076138,12.0
66.3826027472193,-9.050763551165467,345.7852642788026,2.0665531090168656,0.09472415721010119,13.2
68.56660700037975,-1.9637454341948093,289.3602141162381,1.0261479596898733,0.0026549170838273684,9.4
42.60442120704815,-0.5934362530475319,339.90733787897136,-1.977853020447262,0.8048055213159071,8.7
25.912830595187366,-6.579979825618882,142.77102262012704,-2.125263779958775,0.35997580298740406,12.7
57.66378315572658,-0.17660286063987662,187.0492207880055,-0.732283890164573,0.9072429097907437,8.8
25.78348775214039,-1.7878612819773458,12.439262663228423,-0.12125204777763798,0.14089707662527728,9.3
55.762282735868986,-4.318348817449557,314.9846112487082,1.6152358403683555,0.3646561331647713,10.4
51.25501525226382,-9.291646986358103,423.0663500530711,2.9331187018330134,0.5745859943661441,13.6
69.8911742167385,-7.241267938734102,67.86537449416524,-1.1618131068190294,0.15429703322965227,11.4
51.558714897297754,9.711844737775088,344.3392334385198,-1.0919924662913008,0.4318731020846247,12.3
93.5406207848044,-0.9748410050595737,126.77508643821544,-0.44414089025046666,0.16695440569856168,9.4
82.96596866807518,8.513527596407954,399.62701404807365,-0.4780776070961945,0.25890880051003295,12.6
80.10997732374543,0.2605762285240978,417.008491228622,0.8333101032932149,0.9675860004537916,9.0
92.4074786224313,-8.748100022099214,372.99745338269173,-1.6189924041071782,0.7930495754582698,13.3
56.59421591697486,8.56468088975269,13.887831207846869,0.9946466811259569,0.043666990887831325,12.2
79.10686186260043,-6.5539229203026395,12.338354942335261,-1.6569488857431456,0.6010901990204425,11.8
74.4044830648274,1.6178057253609186,231.38606906867605,1.918632579387216,0.10380917229450082,9.8
82.41461952116796,1.8342574408565824,250.61610387597221,-1.7131728705026525,0.4305058553550619,10.2
72.6547155309572,3.4546300314872376,178.9857833345213,-2.806852474653621,0.19526428199832813,11.3
80.99147363493162,0.6781706532116889,430.13819369119847,-2.8351928675831597,0.9041680993857112,9.8
39.39946876153541,3.419480919621698,439.4533342746106,0.40233364229414814,0.6862361843506489,9.8
89.80279847101859,-6.580058839960168,475.9050643611197,-0.4539503878165352,0.7203849153946048,11.4
61.67149605797484,-1.993443918759354,392.1319475298159,2.809490777547418,0.457940203694692,10.4
53.30793570614246,-1.5433562695894985,307.6918260043843,-0.9462420882208455,0.15884992973335232,8.7
32.1447465111084,0.8539090172748622,131.7259610297158,-0.9155274999034306,0.006652091146787775,9.4
47.06967726717814,-6.692814541354628,425.8766992651469,0.8489374374793996,0.5399673709633787,11.1
47.85620727472114,-6.631901922124359,149.3064840674429,0.3606716542714343,0.24449961952607413,11.2
39.35641391858523,6.78155365927222,73.50956435613371,2.9459438696935996,0.5498455609348754,12.8
64.38308046268155,-0.16036513591435764,6.144239888423664,-0.882558504194078,0.6144702433186843,9.0
87.00330909570282,2.04560328828628,483.6834909198756,1.151975512253486,0.723660635806053,10.0
80.03569561668603,2.7287441995084887,414.88625212020355,-1.2076915995814068,0.5340388718263448,9.9
96.78802810375413,-9.474325630450162,47.45769624940449,0.913449048348153,0.8018021762226824,12.8
86.97801365720002,5.29956747606132,10.364145167436668,0.4557950267958928,0.0040309764856372166,10.7
38.78617476692681,2.146620257911305,485.9822512793842,1.5511419322769697,0.7691711336901792,10.0
30.76646461262368,-0.31853817476172885,61.348260029295275,1.4244290053165791,0.3987196781611909,9.0
30.267430952901613,-4.634198287865403,89.38233661903716,-2.9233363364589,0.21967187160923962,12.0
39.29486118617553,1.8442929342851215,74.76461519891441,1.976357646800956,0.12804271908338505,10.3
81.43022736317401,0.9589421536031999,142.42706997364297,-0.49817087578267927,0.48992590438721884,9.3
99.48279071547434,-6.288331680141132,283.8945227572086,2.4848764089678923,0.2818444589092314,13.1
90.76469950938217,9.888262481961902,123.60558766177925,2.1511539581050343,0.670578958431361,13.8
29.548383263109734,-8.516554042335265,38.770107672660814,-1.8279440247437084,0.9364580489370525,12.9
81.50173638520528,0.08159404737521925,67.08095802111363,-2.3142786855950126,0.9571468227398152,9.7
37.50543971596501,7.214693288395104,258.23391126732304,-2.7065077764394054,0.7179806803631849,12.5
29.592401380783517,4.520346620042897,64.67732485045514,-2.57474299257946,0.394812042276142,11.8
68.34040477512055,-7.817120108117255,6.756806941169257,-2.006906171883431,0.10574503900312571,12.7
32.91069302728128,-6.967750807257003,242.51865881281526,0.11120491026912926,0.4314625910261214,11.2
40.85011997992261,-0.2755803250507647,250.31745583005744,-1.2728282966221152,0.8514897705822221,9.4
91.46608942790836,8.484931318552512,210.9829570089392,1.6356151124581757,0.9322640544531025,12.7
59.216290672652065,8.698900873694903,333.41260668907427,-1.054154737630947,0.7644850383067179,12.0
62.91226149207145,1.8988411004526533,377.1418847713838,-1.5477245987291217,0.8324789058346208,9.1
64.46874734251654,5.4912540286311184,2.237115977196946,2.656624633978458,0.06546241793215435,11.7
31.8572665936546,-6.462719907835838,490.12967378189165,-0.26350339887149765,0.16302813812008765,11.3
33.504165303997986,5.39631805379452,42.30555942546205,-0.9615493501202739,0.7898561308553365,11.3
66.10273627457966,-5.726111872835968,274.0156228573312,-2.6120575435434956,0.900941589487032,11.6
27.31600799154429,7.284925987064209,192.78262166987886,1.9157959232270398,0.29291700804902254,12.9
35.65147172313091,6.394552060421269,257.09010331466374,2.1118836341956175,0.767707665929995,11.9
31.674898086217542,-1.6084813609606226,85.6812257531564,-2.4974926013702445,0.8984514018983376,10.6
95.54311864739927,8.618754769809456,461.77676371470756,-0.6285462584524781,0.504557752927361,12.1
25.92605472172871,-1.2293516965733513,409.6332000491665,-0.3803477563550679,0.40162135930124354,9.4
49.833331340630025,-8.638838040021458,134.53891878875896,0.8475353482212178,0.9728731898833455,12.5
61.50214794711332,1.841667097936332,207.71384651611103,1.8410974855547,0.20988512720715335,9.5
38.48844724422725,-3.3377183456133537,331.71301082986196,-1.3865865111213358,0.49205731954473964,10.6
42.884916644701796,1.4662115333263674,179.36204149141565,1.5908533487980474,0.9050919743426435,9.5
60.52179738871481,5.169748573595905,183.83907205967242,1.6417477755112264,0.17544667329139052,10.9
51.741885764718596,1.4162246156170362,223.20252297542865,-1.388803658677242,0.17679554625229743,9.5
87.64347608358811,7.344263982192203,193.68042921707206,0.06343154332634127,0.6376691483084982,11.4
68.28944115807909,8.114462908575263,395.6653580635221,-2.2410049498930924,0.7260409750112949,12.3
79.66302111146192,4.37520630577519,132.96961142186797,-0.4482453865980638,0.12624900682488394,10.5
94.54987359322715,1.7956717738188637,364.4935761337082,-0.779413395808624,0.8684004424720954,9.9
61.38946074885019,0.9591672171191306,44.9761264574281,1.8209501802966752,0.579605446187846,9.0
32.77301508883794,9.704767005044971,380.43088194770576,1.2990178414584275,0.41842837636951213,13.2
95.4055687471655,1.8353206692358999,217.72777859696274,-2.475066799211514,0.030249500006111596,11.2
41.73555226896997,-8.983121089561415,463.1594229387429,-2.8930041568954663,0.6779797065325933,13.4
43.46528038987516,-4.988369179624208,87.90458589764033,1.5910484872028139,0.039017172628094565,11.4
43.339351753200106,-1.7771152240002248,251.3387298444788,-1.133298347715021,0.9166395261182452,9.8
59.59543788383187,-3.916631431120809,426.3566964178004,0.3541363236058146,0.5581177628369391,9.8
21.670975911621966,6.8701090765711434,295.2623466016901,0.35129182099588174,0.8566290620975466,12.2
92.86856782882765,0.16262192941926834,157.18824681312736,1.4100852644571429,0.4141343450454763,9.8
21.013746093856103,-7.792978160912687,298.2136060785599,-1.6954250491644478,0.5701739821411962,13.0
64.3739240532908,-4.440530535906662,110.81561953357566,-2.44138493402631,0.15440719195881614,10.4
58.27995606471187,-7.714578262195042,204.92153940146625,1.5447560459083745,0.3571434424989368,11.8
22.57386293658037,-1.3080874663860147,484.9608700902569,-1.0033323532740672,0.6296599853775302,10.1
36.34530721535805,-7.636804331952794,419.9571122554185,2.727837312920345,0.7317478494656018,12.7
66.47115934895388,4.334830195610028,80.99521888727645,0.011545767405051865,0.6837874093458767,9.7
35.645617025732165,4.46556295387073,167.815074144911,2.7837621904259144,0.5302275614346804,11.6
60.73826839790623,-3.1103613622503534,21.46091955875923,-1.0975668756875394,0.32558214079991865,9.7
58.17077678242179,-5.5908574274476575,457.32845156820946,1.8737039172926808,0.8657325165775758,11.1
81.47853040544194,-2.512937676976321,94.81211887687257,0.040437009704268334,0.15770932735355037,9.3
25.168063517130985,6.541877498304942,455.9588689460705,-0.11661872582243671,0.5359097134712859,11.3
25.37571848644932,-2.810749953940153,255.90786928789484,2.943737341173743,0.15494158617382714,11.7
62.492629722055824,8.460009835878445,126.85049167090362,-0.9865066348568705,0.1701131789715481,11.6
24.13523431691006,-4.943677830992195,285.57778818349334,-2.737364678859504,0.14872244245087485,12.6
54.94751649784048,1.026260185321238,147.57626318768197,-0.329268920135934,0.7946859710755368,8.3
20.867950670944275,-6.941568203853961,227.2226956707711,0.10796438266375308,0.8815823908949807,12.6
70.88268199887064,-8.886023368446113,129.90382924356487,-2.4571138925477625,0.6526666316030745,12.9
21.4280207954182,0.6788474796496562,141.28284734437995,2.938056760021041,0.08295773003053564,10.9
64.77644526310885,-7.89460406263813,493.2494258330576,-0.03351468912235678,0.26216282654860734,11.0
38.264767477402614,-7.08339286746874,215.16583736721873,-0.23701986690974497,0.217512243643616,11.9
43.06951885141213,4.564413917237193,127.09475625834737,1.026569594983382,0.12617428942760978,10.5
67.50333747614607,-6.315561076577476,279.96310459067195,2.4069176523324165,0.03407216562806126,12.4
68.0486931476035,-7.0836793874794175,242.40821886108776,2.2205773558932442,0.9807058394573286,11.6
28.79067072672818,8.681144782285791,229.12878692313137,-0.17254662039928803,0.5991576460486503,12.1
32.05867160652552,0.9015610871351356,98.09306685335828,1.8275891557493473,0.306488274856632,9.9
66.34887750972052,6.17231557267489,364.34007624119533,-1.4475698426226271,0.660739487092664,11.5
52.19838409329576,-2.2358672655418417,91.229509890906,2.651595537643267,0.8536704752783675,10.0
30.01613677986425,8.12599235327838,192.68172790500992,0.3246820673957531,0.1843064629334521,11.7
88.34440168955766,6.155191383422519,351.77886140474476,2.2903978040255097,0.2561467375888472,12.5
58.911685191346585,-0.2711310856683191,327.90693179853486,-2.0046601277081892,0.36002580026619446,9.3
93.07232728268185,-1.4757911847417446,190.12305819679037,-0.27257698300832,0.23370983615163266,9.5
88.5741704837277,-7.8702838071906385,6.193791282443961,2.372516901295432,0.32110138776265007,13.4
36.61330353351168,-1.8048194742744315,332.9597261057667,-1.7063822145056806,0.6207926673425748,10.1
58.95252380722744,2.888694773199351,138.45121944417033,-0.5490012561493374,0.3680425990329974,9.2
57.840256929975894,-4.754874463526737,84.43306205094015,2.492929124802571,0.4783484893716934,10.9
66.52292793877064,8.753441303040113,484.0868541744503,0.9512773340455176,0.7472351944507707,12.3
53.56780850858467,-3.8269541497622805,154.70868682461807,1.6078222811437985,0.9837476692833335,10.6
34.780325672898094,1.2508395181771768,31.761995601335247,-1.133668979954155,0.9055792201766926,9.4
28.97449147686781,4.362646122507423,131.58237663528183,0.8987700121448579,0.41984333684616537,10.7
57.362837211513586,7.976664965218326,115.42274067675201,0.2499155809541449,0.9575056095079597,10.9
99.25811364899039,-8.406605819549327,358.43626336442435,-1.3208396261638313,0.4160949751934868,13.2
26.258023598778976,-2.651625258130239,255.0828501457864,-0.49708307070825253,0.46075597417982794,10.1
43.664173711800906,-9.041153204454279,339.70443140110416,2.569907350138812,0.9492753963223929,12.9
64.34243737851881,-7.485533444159904,76.24695960700333,-1.8290094518638746,0.1742955243622526,11.7
97.47960742383786,7.43161578309552,344.80518951114766,-1.0192068571989823,0.42155032325682695,12.3
61.510876907677115,1.5250339020214003,317.4482078241844,-2.8655244387684924,0.040384523608581246,10.3
22.81556593910727,7.340790876624052,352.6985919170638,1.5601781302318134,0.6643647054583779,13.0
70.03089788523141,6.853733311433956,482.7358298173372,-0.05710315340207517,0.007751213454074479,10.7
30.72156114069669,-7.611667912899447,389.17826869537333,1.40595669995208,0.02174721411623526,12.5
27.860818017553555,3.8759115194365457,215.1657233728089,2.059233569100602,0.9191426902987597,10.8
43.10481922515364,4.25078776075625,149.54386380083352,2.0475258056267984,0.9096813943999589,11.3
50.88002456507202,2.845942586208782,238.6477568643398,2.680913252252328,0.5003629533570093,10.7
70.22496373942897,-0.1309250666534112,384.50743737552983,-0.9144074325462044,0.0044728722143038135,8.6
80.96808799619018,8.320275804837298,255.04580658846044,2.5704654896101617,0.5635718386221185,12.7
53.00005692329848,0.8559296903326796,50.377433768876486,0.7500734368619595,0.9514668621719956,8.8
31.02704549013877,8.078702185670053,375.2325383949158,-1.9633556727512067,0.23599495807958426,13.0
67.49342438829288,8.6329248573619,209.5891551620152,0.505471440732606,0.22544746806309057,11.1
90.69155131082432,7.605032349186644,379.082819002453,-0.4867187719353936,0.2679510096703518,11.9
84.03181189064478,-8.141183775644294,369.15148959623895,-1.7604603221334982,0.42096003432286955,12.2
20.537976699127285,7.509552257439772,89.46874791989839,2.639402644614229,0.07694155219558108,14.0
24.658863972373226,-9.821758413376635,86.88828167950341,1.8132163578204192,0.8460072131882617,14.4
26.122017166587348,0.019678826560598495,39.75038234569872,-1.9985841601113064,0.13832991256788985,9.7
92.620823999677,-7.988520890723018,384.55882765297474,-1.1268333537417217,0.19154905792087829,12.5
30.405811968364603,0.9016965876462386,469.46074952199973,2.2475931615093314,0.711875056271101,10.1
42.856481831878284,-8.304245782614267,138.18351603047861,-1.5868559034081018,0.6491828662452649,11.9
97.78546795796036,-7.4318623709270915,398.72446707580156,2.740535955250521,0.7719764451558104,13.8
75.16480699103532,9.388272990908646,19.99272324651352,0.6240186460714785,0.42105970800492754,12.4
73.81149225781485,2.038357275284852,397.9389630590086,1.8988279156129924,0.2115657012176373,9.4
53.674293666320494,1.2830621004732983,91.30534236432025,1.3562009105767956,0.4456962688606667,9.0
53.06069548501899,-0.39129387070149413,213.81254670812027,2.4360927319580394,0.270362417707401,9.3
89.30265913253895,-2.8308494861615685,386.7931979495258,1.3137516679682832,0.6503964824065004,10.3
62.01255270806003,6.102751101045438,447.595315848348,2.0128966617574227,0.8534049604124284,11.2
85.67587886371032,2.729801802418372,13.543489228992179,-0.731975528461362,0.18532151624624593,9.7
46.56663365165278,-1.862191358347257,356.64731808472527,2.7290109768106747,0.3325388203649893,10.2
60.20443188896066,-8.9566928265001,238.8439604173973,-0.13646826427684156,0.5359568332576653,11.5
95.05490583624636,-9.50310604024711,58.58794293883213,2.6894942158159942,0.47992462089088117,13.8
53.157349344841656,-2.683565253827396,363.6891760247891,-2.4646762244780334,0.5417149656844404,9.7
93.99648898959997,-3.3863423055393227,328.1571784112309,0.49840847726283544,0.015270602574227299,10.3
27.919113838277873,-7.127455122832089,463.1547164807018,0.15879262948757678,0.995145746924629,11.5
53.14429119092076,-4.999397758365922,122.52943891910456,2.8161503772795147,0.2354892806850475,11.5
96.98370121986049,-0.5827287857897261,404.60377950735057,0.7407267236290287,0.5205102998869758,10.0
55.21356817951923,8.572815378856983,496.91245670372956,-0.2969419058785654,0.8893501244350057,11.8
57.68722111738818,-0.5962930145791141,74.2540124579134,-2.436335317806643,0.7106851609165556,9.7
87.5013331370669,-9.156743279127921,472.0695111963837,-1.2573433916964634,0.9106385645897496,13.1
23.82152918410803,-6.042445969180408,448.8761671170751,-1.1992925947623294,0.6048978469447874,12.1
83.3056417303975,-1.7409143394183815,211.33724110151337,-2.636175482278399,0.40488273514878237,10.5
27.745784498978885,-2.754479286907488,159.0949400965453,-0.4077534544778145,0.8877253119319606,9.4
29.266712628451927,3.381392455528056,162.20460269575437,-0.8852357919768998,0.47256621816742206,10.0
74.1509119564482,6.188974702441712,492.91427373294806,1.2305489786487627,0.5746997584044341,11.1
53.15075509582893,5.835874282786428,158.80751105620377,0.8143302800071166,0.021072300665299082,10.8
80.18407343490395,4.8484085245831,127.38855451541936,-1.5694768995645005,0.9041867404955335,11.0
27.82372153469046,-0.45201600841079603,417.089814617345,-0.9484578827429648,0.28292712506002804,10.1
89.03335638439297,1.2538098722741804,361.65508164658127,0.8223370383689375,0.19679058524078485,9.0
49.178850015329765,2.4889197936523306,372.1374216080583,-1.9437730510541782,0.40410183292073476,9.9
85.87694447649598,-0.9650256899262128,22.48879537789955,2.749293253455379,0.13047505124638292,9.7
95.30901786529077,0.5096604677451904,12.276518022722449,2.4008132806861386,0.9784985864284265,10.5
67.76592219326996,-1.6952800663260437,329.8611993013744,-2.182827965077191,0.843509787346553,10.0
52.10925790035826,-7.6911977518425845,327.72173581848375,-2.5537409112125404,0.8740707328571644,11.8
44.600385284125394,-8.321342859461682,178.72708923672354,-0.5431440588344065,0.2621116412883683,12.0
23.774066495480195,-0.3212805332297961,65.45564001126635,-2.2840096532583662,0.011828938099168185,10.5
78.38603830784095,-6.5803742553984845,493.6809685206293,0.7326064280540643,0.8311870585582265,11.6
96.18436409057678,-8.377425384515904,235.30208832610356,0.20695194468978473,0.5767913865120232,12.3
37.173819613400624,-0.547382622299752,261.844470096463,1.4564215998908159,0.7812458125204359,9.3
55.66826560850365,4.989650520667258,215.22756132276345,-1.927631708296089,0.33751663055090864,10.6
60.706162200996225,-3.5551506795374577,128.1285551917914,-0.6849286147228031,0.227677878360524,9.6
52.65380369012527,-5.912718950027456,364.2791639240591,2.5403129249301193,0.6070089412812067,11.8
99.09337853179436,6.957713234074525,470.9276794022381,1.8064760502819972,0.5650152566729704,12.7
64.15918096346128,3.495746716338129,311.70482997397954,-1.1331823271227202,0.04741209976156335,10.1
75.90825870621035,-1.3164900179003638,437.59190633478374,-1.7681112574784652,0.6218221997291871,9.6
67.23909435771975,8.031879097282719,372.3328481522091,-2.2790344257287227,0.8221874610509384,12.6
41.509536397432086,0.40876090715928015,260.426550022592,-0.4069340764816616,0.8929440529154711,8.2
82.89165922386837,4.033225100290366,95.13607552540981,-2.1806106765419515,0.3078119570480724,10.8
44.13062680823248,-9.664489415899993,368.06047200656633,-0.18129745906064265,0.544951214694746,12.1
35.653866229684745,8.208417438060916,100.13357839610454,-1.821209212283121,0.817709328922285,12.6
97.42213905731711,-5.119336889818877,427.57539277344705,-2.0620171457120957,0.11839054674706129,12.3
61.6104266217775,6.572266364616738,393.41220863518873,-2.483576634328762,0.5202558478953928,12.1
66.73220170822096,-7.338934964825645,44.64159884677604,-1.7698477868787397,0.7469634793436164,11.9
83.00470531802843,8.037631384062077,482.4930469069322,0.6318461758294891,0.20933577979016893,12.1
68.03822980808714,6.035965201095788,64.49724051443995,0.09678307056153912,0.05082732820262004,10.5
47.96029545506994,4.630394867780501,193.22196312801987,-0.18344784913055756,0.43898685967816675,10.3
43.61253086881164,9.01418779866593,361.57091659841035,2.9368875792164655,0.8919451362134138,13.8
85.51025645564056,-6.705916608956056,41.82836137347445,1.0734876888950113,0.6849721879299782,11.8
66.92222855887861,2.688501313146981,302.2134659715448,-0.8357917412909726,0.6359601688517104,9.6
95.86724128424203,9.753268747228251,330.5431319328387,-1.4757967173748436,0.2835453594349193,13.9
80.00635853163772,-8.584339419893558,406.05708913537063,0.47181638774460755,0.8154466350611161,12.4
80.59594581854734,6.96307623656806,187.00140338587957,2.3535313973408574,0.3947842081702081,12.0
99.47609737157126,-2.702553370484324,161.567055045808,-1.959758154820015,0.9749327003809579,11.7
71.51986526807151,8.09809203108254,124.85917485908693,2.6042334455125804,0.8496182587981149,12.3
30.997386441350745,9.450676467442733,393.90095368652266,1.4447969301928545,0.4193701720696076,13.4
46.67468070573577,-8.329313723519405,323.30180299701374,0.7481515040354685,0.41666818695685826,11.6
86.88905834302332,-6.405580688801972,399.4800950037317,-1.6927862704768044,0.31036174075432055,11.5
64.94930537013673,-9.81306290332485,408.43547509060465,-2.1858789804326277,0.05960514365758407,13.1
51.12134998942564,4.909113410480137,433.4010846881238,-1.4226003342524196,0.11006624308760016,10.7
65.42740339125709,4.9360690281407305,273.391407776217,-1.2003253901374336,0.689843632656605,11.0
34.06689084467713,3.435587952258807,468.17482868736647,-1.9530554093379187,0.491849492607899,11.0
21.2627411843862,0.34713812418160295,184.71559625963607,1.7477880401014136,0.8808703935107466,10.1
28.423190232249766,5.289342888657856,10.326562781011905,-0.8852978689139785,0.28494778631123274,11.0
21.234376371543576,-0.7180041604020495,413.60106682736256,-1.068081423174707,0.3938595562124102,10.0
40.72981836392377,4.081953216506257,494.4453208555278,-0.7881309037056337,0.8275898787287986,10.7
28.052033034711084,-2.9453963310676183,366.2049667885441,-0.3403015632985227,0.746914274138474,11.0
78.07587409268805,1.348941873643943,437.5363632762855,2.6411481438626714,0.9276941586597054,10.5
33.24136170985806,4.392069155894383,259.093022757182,1.2846424685549245,0.015220064185026083,10.5
70.26334195927345,-9.011065314240522,259.55801899889263,-2.408685854544359,0.20548375420960974,12.8
21.747719892866595,-0.8771342481061453,337.23389961803537,-0.37477107288841705,0.9064244916342673,9.9
28.037834389681244,7.110995133827835,78.90922744574314,-2.021710722101931,0.943452373516722,12.7
31.66655747837097,-9.827398552591562,13.153065428914811,-0.044025150077300346,0.03697065394259502,12.9
81.71973276198283,-4.867050023313775,491.2662712172472,0.6279635584949901,0.38274334587573533,10.5
29.45699230543875,7.935381146535562,295.02365471489657,-2.2848133269883983,0.5807628210375628,13.3
31.15201728797695,0.4441103736820313,318.3408423285409,-2.170799816189751,0.5087102126535518,10.3
49.73756583744111,8.55110217228102,198.57221751184983,1.7046157490071572,0.41899570258642016,12.8
52.932983269738195,-2.1088352612417394,207.19264240029855,2.7647361601612372,0.38297774324146894,10.4
