shirota,dolgota,elevation,slope_percent,current_speed,current_fuel_consumption,smart_optimal_speed,smart_optimal_fuel_consumption,fuel_saving,energy_saving
55.703850,37.644560,134.0,0.00,59,8.9,65,8.9,0.0,-22.7
55.703910,37.643870,134.0,0.00,54,9.0,65,8.9,0.1,-40.0
55.704020,37.642670,134.0,0.00,55,9.0,65,8.9,0.1,-36.7
55.704410,37.638600,124.0,-3.87,54,9.7,66.6,9.9,-0.2,-46.4
55.704560,37.636970,123.0,-0.97,51,9.1,65,9.0,0.1,-49.6
55.704710,37.635340,122.0,-0.97,51,9.1,65,9.0,0.1,-49.6
55.705220,37.630260,124.0,0.62,52,9.0,65,8.8,0.1,-46.5
55.705590,37.626510,126.0,0.84,51,9.0,65,8.8,0.1,-49.6
55.705680,37.625700,126.0,0.00,50,9.0,65,8.9,0.1,-52.7
55.705860,37.623740,128.0,1.61,45,9.3,60,8.9,0.3,-43.1
55.705890,37.623310,128.0,0.00,41,9.1,63,8.9,0.3,-69.9
55.705910,37.622920,128.0,0.00,39,9.2,63,8.9,0.3,-74.8
55.705930,37.622420,129.0,3.18,36,10.0,58,9.3,0.7,-56.9
55.705920,37.621950,129.0,0.00,35,9.4,63,8.9,0.5,-83.8
55.705900,37.621580,129.0,0.00,40,9.2,63,8.9,0.3,-72.4
55.705860,37.621160,129.0,0.00,38,9.2,63,8.9,0.4,-77.2
55.705800,37.620750,131.0,7.54,42,11.7,58,11.8,-0.1,-27.8
55.705730,37.620420,131.0,0.00,45,9.1,63,8.9,0.2,-59.4
55.705660,37.620140,131.0,0.00,48,9.0,63,8.9,0.2,-50.9
55.705550,37.619750,131.0,0.00,45,9.1,63,8.9,0.2,-59.4
55.705440,37.619410,131.0,0.00,42,9.1,63,8.9,0.2,-67.4
55.705310,37.619090,131.0,0.00,46,9.1,63,8.9,0.2,-56.6
55.705170,37.618800,131.0,0.00,42,9.1,63,8.9,0.2,-67.4
55.704850,37.618210,130.0,-1.95,46,9.2,62.3,9.2,0.0,-53.9
55.704680,37.617920,130.0,0.00,51,9.0,65,8.9,0.1,-49.6
55.704480,37.617640,130.0,0.00,51,9.0,65,8.9,0.1,-49.6
55.704160,37.617230,130.0,0.00,52,9.0,65,8.8,0.1,-46.5
55.703650,37.616680,130.0,0.00,55,8.9,65,8.8,0.1,-36.7
55.703280,37.616290,131.0,2.09,56,9.0,60,9.0,0.0,-13.8
55.703110,37.616110,131.0,0.00,55,8.9,65,8.8,0.1,-36.7
55.702900,37.615860,131.0,0.00,56,8.9,65,8.8,0.1,-33.3
55.702690,37.615580,131.0,0.00,56,8.9,65,8.8,0.1,-33.3
55.702500,37.615290,131.0,0.00,28,9.8,63,8.9,1.0,-97.3
55.702290,37.614960,131.0,0.00,30,9.7,63,8.9,0.8,-93.8
55.702060,37.614500,130.0,-2.60,32,9.6,63.1,9.4,0.2,-90.4
55.701810,37.613890,130.0,0.00,32,9.6,63,8.9,0.7,-90.0
55.701680,37.613510,130.0,0.00,33,9.5,63,8.9,0.6,-88.0
55.701490,37.612940,130.0,0.00,36,9.3,63,8.9,0.5,-81.7
55.701330,37.612300,130.0,0.00,41,9.1,63,8.9,0.3,-69.9
55.701260,37.611960,130.0,0.00,36,9.3,63,8.9,0.5,-81.7
55.701190,37.611510,130.0,0.00,31,9.6,63,8.9,0.8,-91.9
55.701130,37.610980,130.0,0.00,34,9.4,63,8.9,0.6,-86.0
55.701100,37.610540,130.0,0.00,30,9.7,63,8.9,0.8,-93.8
55.701100,37.610090,128.0,-7.09,28,11.7,68,11.3,0.4,-119.4
55.701100,37.609710,128.0,0.00,0,12.2,63,8.9,3.4,-121.3
55.701120,37.609310,128.0,0.00,50,9.0,65,8.8,0.1,-52.7
55.701160,37.608910,128.0,0.00,26,10.0,63,8.8,1.1,-100.6
55.701220,37.608440,128.0,0.00,30,9.7,63,8.8,0.8,-93.8
55.701320,37.607890,133.0,13.81,0,17.7,58,16.2,1.4,-64.7
55.701470,37.607300,133.0,0.00,44,9.1,63,8.9,0.2,-62.1
55.701640,37.606740,133.0,0.00,40,9.2,63,8.8,0.3,-72.4
55.702300,37.604770,134.0,0.70,38,9.3,63,8.8,0.5,-77.2
55.702680,37.603540,131.0,-3.41,34,9.8,64.1,9.7,0.0,-90.2
55.702950,37.602550,131.0,0.00,34,9.4,63,8.8,0.6,-86.0
55.703490,37.600540,137.0,4.30,29,10.7,58,9.7,1.0,-65.1
55.703830,37.599240,144.0,7.80,24,12.6,53,11.8,0.8,-56.7
55.704000,37.598640,144.0,0.00,26,9.9,58,8.9,1.0,-100.6
55.704400,37.597220,145.0,1.01,31,9.8,59.5,8.9,0.9,-78.8
55.705630,37.592860,146.0,0.33,30,9.7,63,8.8,0.9,-93.8
55.706140,37.591060,146.0,0.00,34,9.4,63,8.8,0.6,-86.0
55.706210,37.590840,146.0,0.00,29,9.7,63,8.8,0.9,-95.6
55.706420,37.590160,145.0,-2.06,30,9.6,62.5,9.2,0.4,-91.9
55.706520,37.589820,145.0,0.00,33,9.4,63,8.8,0.6,-88.0
55.706700,37.589260,148.0,7.43,38,11.8,58,11.7,0.1,-38.2
55.706830,37.588840,148.0,0.00,7,11.5,63,8.8,2.7,-119.8
55.706920,37.588520,148.0,0.00,50,9.0,65,8.7,0.2,-52.7
55.707160,37.587860,148.0,0.00,48,9.0,63,8.8,0.2,-50.9
55.707370,37.587260,146.0,-4.52,43,10.0,65.4,10.1,-0.1,-74.2
55.707780,37.586350,146.0,0.00,39,9.2,63,8.8,0.4,-74.8
55.708030,37.585860,146.0,0.00,34,9.4,63,8.8,0.6,-86.0
55.708860,37.584420,145.0,-0.77,37,9.2,63,8.9,0.3,-79.4
55.710290,37.582350,146.0,0.49,38,9.2,63,8.8,0.4,-77.2
55.710840,37.581560,147.0,1.27,15,10.8,59.1,8.9,2.0,-99.8
55.712060,37.580040,145.0,-1.21,20,10.3,61.4,9.0,1.3,-103.0
55.712730,37.579190,145.0,0.00,20,10.3,63,8.8,1.5,-109.1
55.713380,37.578320,119.0,-28.72,25,26.1,68,27.0,-0.8,-130.6
55.715150,37.575860,127.0,3.20,0,12.4,63,9.2,3.2,-96.5
55.715370,37.575480,127.0,0.00,36,9.3,63,8.8,0.5,-81.7
55.715540,37.575070,127.0,0.00,31,9.6,63,8.8,0.8,-91.9
55.715810,37.574470,128.0,2.08,29,10.1,58,8.9,1.2,-76.7
55.716980,37.571610,127.0,-0.45,25,9.9,63,8.9,1.1,-102.2
55.717200,37.571070,127.0,0.00,21,10.3,63,8.8,1.5,-107.8
55.718070,37.568500,123.0,-2.13,21,10.3,62.6,9.2,1.1,-106.3
55.719100,37.565200,125.0,0.85,20,10.5,63,8.8,1.7,-109.1
55.719130,37.565100,125.0,0.00,22,10.2,63,8.8,1.4,-106.5
55.720160,37.561920,124.0,-0.44,24,10.0,63,8.9,1.2,-103.7
55.720840,37.559690,127.0,1.89,25,10.3,58.2,8.9,1.4,-84.4
55.720960,37.559240,127.0,0.00,22,10.2,63,8.8,1.4,-106.5
55.721630,37.556680,126.0,-0.57,20,10.4,63,8.9,1.5,-109.1
55.722080,37.555310,122.0,-4.03,20,10.8,64.8,9.9,0.8,-116.1
55.722360,37.554590,122.0,0.00,22,10.2,63,8.8,1.4,-106.5
55.722630,37.553960,121.0,-2.02,26,9.9,62.4,9.2,0.7,-98.3
55.722780,37.553630,121.0,0.00,24,10.1,63,8.8,1.3,-103.7
55.722960,37.553270,125.0,13.27,21,16.4,58,15.8,0.6,-51.2
55.723270,37.552680,125.0,0.00,20,10.4,63,8.8,1.6,-109.1
55.723580,37.552140,125.0,0.00,20,10.4,63,8.8,1.6,-109.1
55.723920,37.551630,124.0,-2.02,21,10.3,62.4,9.2,1.1,-105.5
55.724290,37.551100,124.0,0.00,24,10.1,63,8.8,1.3,-103.7
55.724600,37.550690,124.0,0.00,27,9.9,63,8.8,1.1,-99.0
55.724860,37.550380,124.0,0.00,22,10.2,63,8.8,1.4,-106.5
55.725570,37.549620,129.0,5.42,20,11.7,58,10.4,1.3,-73.3
55.726510,37.548720,129.0,0.00,20,10.4,63,8.8,1.5,-109.1
55.729460,37.545860,127.0,-0.54,0,12.2,63,8.9,3.4,-121.3
55.730990,37.544360,127.0,0.00,31,9.6,63,8.8,0.8,-91.9
55.731300,37.544070,129.0,5.13,27,11.1,58,10.2,0.9,-64.5
55.731550,37.543890,129.0,0.00,30,9.7,63,8.8,0.8,-93.8
55.731700,37.543800,129.0,0.00,28,9.8,63,8.8,1.0,-97.3
55.731930,37.543710,125.0,-15.27,27,16.5,68,16.7,-0.1,-127.4
55.732520,37.543520,125.0,0.00,9,11.3,63,8.8,2.5,-118.8
55.733020,37.543440,125.0,0.00,46,9.0,63,8.8,0.2,-56.6
55.733060,37.543430,125.0,0.00,44,9.0,63,8.8,0.2,-62.1
55.733390,37.543340,129.0,10.77,48,13.9,58,14.0,-0.1,0.0
55.733600,37.543260,129.0,0.00,50,8.9,63,8.8,0.1,-52.7
55.733650,37.543240,129.0,0.00,45,9.0,63,8.8,0.2,-59.4
55.734030,37.543030,129.0,0.00,48,9.0,63,8.8,0.2,-50.9
55.734210,37.542910,129.0,0.00,51,8.9,65,8.8,0.1,-49.6
55.734640,37.542550,129.0,0.00,49,8.9,63,8.8,0.1,-47.9
55.734880,37.542280,129.0,0.00,44,9.0,63,8.8,0.2,-62.1
55.735160,37.541880,129.0,0.00,43,9.0,63,8.8,0.2,-64.8
55.736990,37.538950,134.0,1.83,39,9.4,58.3,8.9,0.6,-57.4
55.737350,37.538420,134.0,0.00,44,9.0,63,8.8,0.2,-62.1
55.737580,37.538110,145.0,34.26,49,31.6,58,31.5,0.2,3.0
55.737880,37.537700,145.0,0.00,49,9.0,63,8.8,0.2,-47.9
55.738000,37.537550,145.0,0.00,45,9.0,63,8.8,0.2,-59.4
55.738290,37.537190,139.0,-15.25,42,16.6,68,16.7,-0.1,-95.8
55.738580,37.536910,139.0,0.00,47,9.0,63,8.8,0.2,-53.8
55.739960,37.535790,146.0,4.15,7,12.1,58,9.6,2.5,-90.3
55.740450,37.535480,146.0,0.00,49,9.0,63,8.8,0.2,-47.9
55.741260,37.534970,142.0,-4.19,50,9.8,65.0,10.0,-0.2,-52.7
55.741780,37.534690,142.0,0.00,48,9.0,63,8.8,0.2,-50.9
55.741970,37.534600,142.0,0.00,48,9.0,63,8.8,0.2,-50.9
55.742510,37.534330,142.0,0.00,46,9.0,63,8.8,0.2,-56.6
55.743030,37.534090,142.0,0.00,48,9.0,63,8.8,0.2,-50.9
55.743260,37.534000,142.0,0.00,49,9.0,63,8.8,0.2,-47.9
55.743500,37.533930,142.0,0.00,51,8.9,65,8.7,0.2,-49.6
55.743660,37.533890,142.0,0.00,47,9.0,63,8.8,0.2,-53.8
55.744300,37.533710,115.0,-37.47,44,33.1,68,33.7,-0.6,-90.6
55.745260,37.533460,115.0,0.00,47,8.9,63,8.8,0.2,-53.8
55.746030,37.533290,131.0,18.54,49,19.7,58,19.7,-0.0,3.0
55.748550,37.532600,131.0,0.00,49,8.9,63,8.8,0.1,-47.9
55.749250,37.532410,131.0,0.00,49,8.9,63,8.8,0.1,-47.9
55.749520,37.532320,131.0,0.00,46,9.0,63,8.8,0.2,-56.6
55.749810,37.532220,131.0,0.00,44,9.0,63,8.8,0.2,-62.1
55.750130,37.532080,133.0,5.46,41,10.4,58,10.4,0.1,-40.4
55.750480,37.531890,133.0,0.00,39,9.1,63,8.8,0.4,-74.8
55.750790,37.531770,133.0,0.00,38,9.2,63,8.8,0.4,-77.2
55.751130,37.531660,133.0,0.00,37,9.2,63,8.8,0.4,-79.4
55.751460,37.531580,133.0,0.00,34,9.4,63,8.8,0.6,-86.0
55.751830,37.531560,133.0,0.00,34,9.4,63,8.8,0.6,-86.0
55.752220,37.531600,131.0,-4.60,30,10.3,65.5,10.1,0.2,-103.6
55.752490,37.531670,131.0,0.00,29,9.7,63,8.8,0.9,-95.6
55.752850,37.531810,131.0,0.00,34,9.4,63,8.8,0.6,-86.0
55.754380,37.532510,131.0,0.00,34,9.4,63,8.8,0.6,-86.0
55.755400,37.532980,131.0,0.00,29,9.7,63,8.8,0.9,-95.6
55.756200,37.533340,129.0,-2.18,27,9.8,62.6,9.2,0.6,-97.5
55.757680,37.533940,132.0,1.78,25,10.3,58.3,8.8,1.4,-84.8
55.758080,37.534100,132.0,0.00,25,10.0,63,8.8,1.2,-102.2
55.760650,37.535130,136.0,1.37,24,10.3,59.0,8.8,1.5,-88.8
55.762550,37.535900,140.0,1.85,29,10.0,58.2,8.9,1.2,-77.8
55.763320,37.536210,140.0,0.00,31,9.5,63,8.8,0.8,-91.9
55.763550,37.536320,140.0,0.00,33,9.4,63,8.8,0.6,-88.0
55.764930,37.537050,141.0,0.62,29,9.8,63,8.7,1.0,-95.6
55.765710,37.537450,141.0,0.00,34,9.3,63,8.8,0.6,-86.0
55.766280,37.537700,143.0,3.06,38,9.7,58,9.1,0.6,-53.1
55.766430,37.537760,143.0,0.00,43,9.0,63,8.8,0.2,-64.8
55.767000,37.538030,144.0,1.52,39,9.3,58.7,8.8,0.5,-58.8
55.767260,37.538180,144.0,0.00,43,9.0,63,8.8,0.3,-64.8
55.767550,37.538410,144.0,0.00,38,9.2,63,8.8,0.4,-77.2
55.767900,37.538790,144.0,0.00,33,9.4,63,8.8,0.6,-88.0
55.768310,37.539230,144.0,0.00,30,9.6,63,8.8,0.8,-93.8
55.768690,37.539730,145.0,1.90,25,10.3,58.1,8.9,1.4,-84.0
55.769050,37.540300,147.0,3.73,23,10.8,55.4,9.4,1.4,-77.6
55.769580,37.541270,147.0,0.00,20,10.3,60.4,8.8,1.5,-109.1
55.769850,37.541800,146.0,-2.24,20,10.3,62.7,9.2,1.1,-107.9
55.770120,37.542250,146.0,0.00,20,10.3,63,8.7,1.5,-109.1
55.770390,37.542600,146.0,0.00,24,10.0,63,8.7,1.2,-103.7
55.770600,37.542850,146.0,0.00,24,10.0,63,8.7,1.2,-103.7
55.772120,37.544450,149.0,1.53,29,9.9,58.7,8.8,1.1,-79.6
55.772480,37.544870,149.0,0.00,32,9.4,63,8.7,0.7,-90.0
55.772780,37.545270,149.0,0.00,36,9.2,63,8.7,0.5,-81.7
55.773000,37.545680,151.0,5.64,33,10.8,58,10.4,0.4,-50.9
55.773080,37.545870,149.0,-13.47,30,15.3,63,15.4,-0.1,-122.2
55.773160,37.546050,149.0,0.00,35,9.3,63,8.7,0.5,-83.8
55.773230,37.546230,149.0,0.00,31,9.5,63,8.7,0.8,-91.9
55.773290,37.546410,149.0,0.00,8,11.4,63,8.7,2.7,-119.3
55.773360,37.546610,149.0,0.00,36,9.2,63,8.7,0.5,-81.7
55.773410,37.546810,149.0,0.00,31,9.5,63,8.7,0.8,-91.9
55.773470,37.547010,149.0,0.00,31,9.5,63,8.7,0.8,-91.9
55.773510,37.547200,149.0,0.00,36,9.2,63,8.7,0.5,-81.7
55.773550,37.547410,149.0,0.00,31,9.5,63,8.7,0.8,-91.9
55.773590,37.547610,149.0,0.00,36,9.2,63,8.7,0.5,-81.7
55.773620,37.547830,149.0,0.00,37,9.2,63,8.7,0.4,-79.4
55.773650,37.548040,150.0,7.38,2,13.5,58,11.6,2.0,-76.0
55.773740,37.548870,150.0,0.00,36,9.2,63,8.7,0.5,-81.7
55.773840,37.549840,150.0,0.00,32,9.4,63,8.7,0.7,-90.0
55.773910,37.550500,150.0,0.00,30,9.6,63,8.7,0.9,-93.8
55.773930,37.550730,150.0,0.00,28,9.7,63,8.7,1.0,-97.3
55.773940,37.550810,150.0,0.00,28,9.7,63,8.7,1.0,-97.3
55.773980,37.551140,150.0,0.00,33,9.4,63,8.7,0.7,-88.0
55.774030,37.551450,150.0,0.00,38,9.1,63,8.7,0.4,-77.2
55.774080,37.551770,150.0,0.00,39,9.1,63,8.7,0.4,-74.8
55.774140,37.552080,150.0,0.00,40,9.1,63,8.7,0.4,-72.4
55.774240,37.552430,153.0,12.22,35,15.1,58,15.0,0.1,-33.0
55.774340,37.552750,153.0,0.00,39,9.1,63,8.7,0.4,-74.8
55.774430,37.552980,153.0,0.00,44,9.0,63,8.7,0.3,-62.1
55.774510,37.553180,153.0,0.00,45,9.0,63,8.7,0.3,-59.4
55.774620,37.553390,153.0,0.00,45,9.0,63,8.7,0.3,-59.4
55.774700,37.553540,153.0,0.00,43,9.0,63,8.7,0.3,-64.8
55.774820,37.553760,153.0,0.00,48,8.9,63,8.7,0.2,-50.9
55.775000,37.554030,151.0,-7.64,48,11.6,68,11.6,0.0,-75.9
55.775160,37.554230,155.0,18.39,52,19.5,63,19.6,-0.1,12.2
55.775330,37.554410,155.0,0.00,53,8.9,65,8.6,0.2,-43.3
55.775730,37.554790,155.0,0.00,57,8.8,65,8.6,0.2,-29.8
55.776570,37.555540,155.0,0.00,57,8.8,65,8.6,0.2,-29.8
55.776710,37.555630,155.0,0.00,62,8.7,65,8.6,0.1,-11.6
55.777400,37.556170,156.0,1.19,63,8.6,61.2,8.7,-0.1,6.8
55.778290,37.556850,158.0,1.86,62,8.7,60.2,8.7,-0.0,6.7
55.779320,37.557650,162.0,3.20,62,9.1,58.2,9.2,-0.1,14.0
55.779630,37.557930,162.0,0.00,60,8.7,63.2,8.6,0.1,-19.1
55.779850,37.558150,162.0,0.00,64,8.6,65,8.6,0.0,-3.9
55.780540,37.558990,160.0,-2.15,59,9.1,64.6,9.2,-0.1,-21.1
55.780700,37.559220,160.0,0.00,54,8.9,65,8.6,0.3,-40.0
55.780850,37.559430,160.0,0.00,52,8.9,65,8.6,0.3,-46.5
55.782380,37.561570,158.0,-0.92,47,9.0,63,8.8,0.2,-53.8
55.782770,37.562110,158.0,0.00,49,8.9,63,8.7,0.3,-47.9
55.783140,37.562610,161.0,5.81,53,10.4,58,10.5,-0.1,-4.3
55.785030,37.565280,159.0,-0.75,56,8.9,63,8.8,0.1,-33.3
55.785880,37.566470,158.0,-0.83,51,8.9,65,8.8,0.2,-49.6
55.786440,37.567270,157.0,-1.25,52,9.0,63.5,8.9,0.1,-40.6
55.787370,37.568600,157.0,0.00,52,8.9,65,8.6,0.3,-46.5
55.788300,37.569820,160.0,2.33,24,10.4,60,8.8,1.5,-83.4
55.788600,37.570220,160.0,0.00,29,9.6,63,8.6,1.0,-95.6
55.788970,37.570710,160.0,0.00,32,9.4,63,8.6,0.8,-90.0
55.789390,37.571290,165.0,8.46,30,12.8,58,12.3,0.5,-43.8
55.790130,37.572290,163.0,-1.94,25,9.9,62.3,9.1,0.8,-99.5
55.790410,37.572670,163.0,0.00,26,9.8,63,8.6,1.2,-100.6
55.790560,37.572870,163.0,0.00,27,9.7,63,8.6,1.1,-99.0
55.790930,37.573400,163.0,0.00,23,10.0,63,8.6,1.4,-105.1
55.791240,37.573840,163.0,0.00,23,10.0,63,8.6,1.4,-105.1
55.791370,37.574030,163.0,0.00,25,9.8,63,8.6,1.2,-102.2
55.791470,37.574220,163.0,0.00,23,10.0,63,8.6,1.4,-105.1
55.791570,37.574460,163.0,0.00,23,10.0,63,8.6,1.4,-105.1
55.791630,37.574720,163.0,0.00,20,10.2,63,8.6,1.6,-109.1
55.791690,37.575010,166.0,15.53,20,17.9,58,17.4,0.5,-52.4
55.791720,37.575310,166.0,0.00,21,10.1,63,8.6,1.6,-107.8
55.791730,37.575600,166.0,0.00,20,10.2,63,8.6,1.6,-109.1
55.791730,37.576270,166.0,0.00,23,10.0,63,8.6,1.4,-105.1
55.791740,37.577320,167.0,1.52,20,10.4,58.7,8.7,1.7,-93.1
55.791740,37.578810,167.0,0.00,23,10.0,63,8.6,1.4,-105.1
55.791750,37.579460,168.0,2.46,21,10.6,58,8.8,1.7,-86.8
55.791760,37.580050,168.0,0.00,20,10.2,63,8.6,1.6,-109.1
55.791800,37.580840,168.0,0.00,20,10.2,63,8.6,1.6,-109.1
55.791840,37.581540,166.0,-4.55,20,11.0,65.5,10.1,0.9,-118.9
55.791890,37.582250,166.0,0.00,22,10.1,63,8.6,1.5,-106.5
55.791940,37.582940,166.0,0.00,25,9.8,63,8.6,1.2,-102.2
55.791960,37.583280,166.0,0.00,28,9.6,63,8.6,1.0,-97.3
55.791960,37.583720,165.0,-3.64,25,10.3,64.4,9.7,0.6,-107.6
55.791940,37.583930,165.0,0.00,27,9.7,63,8.6,1.1,-99.0
55.791920,37.584080,165.0,0.00,29,9.6,63,8.6,1.0,-95.6
55.791890,37.584200,165.0,0.00,32,9.4,63,8.6,0.8,-90.0
55.791780,37.584430,165.0,0.00,29,9.6,63,8.6,1.0,-95.6
55.791720,37.584590,165.0,0.00,29,9.6,63,8.6,1.0,-95.6
55.791700,37.584680,165.0,0.00,30,9.5,63,8.6,0.9,-93.8
55.791700,37.584850,165.0,0.00,25,9.8,63,8.6,1.2,-102.2
55.791700,37.584930,165.0,0.00,20,10.2,63,8.6,1.6,-109.1
55.791710,37.585010,165.0,0.00,23,10.0,63,8.6,1.4,-105.1
55.791760,37.585410,165.0,0.00,0,12.2,63,8.6,3.6,-121.3
55.791790,37.585690,164.0,-5.61,34,10.7,66.7,10.5,0.2,-100.6
55.791800,37.585780,164.0,0.00,31,9.5,63,8.6,0.9,-91.9
55.791800,37.585860,164.0,0.00,27,9.7,63,8.6,1.1,-99.0
55.791790,37.585940,164.0,0.00,22,10.1,63,8.6,1.5,-106.5
55.791780,37.586070,164.0,0.00,24,9.9,63,8.6,1.3,-103.7
55.791770,37.586190,164.0,0.00,26,9.8,63,8.6,1.2,-100.6
55.791710,37.586670,164.0,0.00,23,10.0,63,8.6,1.4,-105.1
55.791680,37.586950,164.0,0.00,20,10.2,63,8.6,1.6,-109.1
55.791670,37.587050,164.0,0.00,20,10.2,63,8.6,1.6,-109.1
55.791640,37.587260,169.0,36.91,20,34.1,58,33.5,0.7,-52.4
55.791610,37.587540,170.0,5.61,20,11.6,53,10.3,1.3,-72.3
55.791610,37.587610,170.0,0.00,20,10.2,58,8.7,1.5,-109.1
55.791600,37.587670,170.0,0.00,21,10.1,63,8.6,1.6,-107.8
55.791610,37.587740,170.0,0.00,20,10.2,63,8.6,1.7,-109.1
55.791620,37.587820,170.0,0.00,20,10.2,63,8.6,1.7,-109.1
55.791640,37.587890,170.0,0.00,23,10.0,63,8.6,1.4,-105.1
55.791670,37.587960,167.0,-54.52,27,45.8,68,46.8,-1.0,-127.4
55.791710,37.588020,167.0,0.00,32,9.4,63,8.6,0.8,-90.0
55.791740,37.588050,167.0,0.00,37,9.1,63,8.6,0.6,-79.4
55.791780,37.588070,167.0,0.00,34,9.3,63,8.6,0.7,-86.0
55.792600,37.588430,167.0,0.00,34,9.3,63,8.6,0.7,-86.0
55.792760,37.588540,167.0,0.00,34,9.3,63,8.6,0.7,-86.0
55.793090,37.588760,167.0,0.00,29,9.6,63,8.6,1.0,-95.6
55.793260,37.588860,167.0,0.00,31,9.4,63,8.6,0.9,-91.9
55.793300,37.588880,167.0,0.00,29,9.6,63,8.6,1.0,-95.6
55.793340,37.588880,167.0,0.00,31,9.4,63,8.6,0.9,-91.9
55.793370,37.588870,167.0,0.00,32,9.4,63,8.6,0.8,-90.0
55.793400,37.588860,167.0,0.00,32,9.4,63,8.6,0.8,-90.0
55.793410,37.588840,167.0,0.00,27,9.7,63,8.6,1.1,-99.0
55.793430,37.588830,167.0,0.00,23,10.0,63,8.6,1.4,-105.1
55.793440,37.588800,167.0,0.00,26,9.7,63,8.6,1.2,-100.6
55.793450,37.588760,167.0,0.00,23,10.0,63,8.6,1.4,-105.1
55.793470,37.588710,167.0,0.00,21,10.1,63,8.6,1.6,-107.8
55.793470,37.588660,167.0,0.00,22,10.0,63,8.6,1.5,-106.5
55.793470,37.588610,167.0,0.00,22,10.0,63,8.6,1.5,-106.5
55.793470,37.588560,167.0,0.00,21,10.1,63,8.6,1.6,-107.8
55.793460,37.588510,167.0,0.00,20,10.2,63,8.6,1.7,-109.1
55.793430,37.588420,167.0,0.00,25,9.8,63,8.6,1.3,-102.2
55.793420,37.588380,167.0,0.00,27,9.7,63,8.6,1.1,-99.0
55.793400,37.588330,167.0,0.00,22,10.0,63,8.6,1.5,-106.5
55.793370,37.588280,167.0,0.00,23,10.0,63,8.6,1.4,-105.1
55.793330,37.588230,167.0,0.00,25,9.8,63,8.6,1.3,-102.2
55.793290,37.588180,167.0,0.00,26,9.7,63,8.6,1.2,-100.6
55.793250,37.588130,167.0,0.00,29,9.5,63,8.6,1.0,-95.6
55.793210,37.588090,167.0,0.00,24,9.9,63,8.6,1.3,-103.7
55.793190,37.588070,167.0,0.00,23,10.0,63,8.6,1.4,-105.1
55.793170,37.588030,167.0,0.00,20,10.2,63,8.6,1.7,-109.1
55.793160,37.588000,167.0,0.00,20,10.2,63,8.6,1.7,-109.1
55.793150,37.587960,167.0,0.00,25,9.8,63,8.6,1.3,-102.2
55.793140,37.587910,167.0,0.00,23,9.9,63,8.6,1.4,-105.1
55.793130,37.587850,167.0,0.00,20,10.2,63,8.6,1.7,-109.1
55.793120,37.587810,167.0,0.00,20,10.2,63,8.6,1.7,-109.1
55.793120,37.587750,167.0,0.00,25,9.8,63,8.6,1.3,-102.2
55.793130,37.587680,167.0,0.00,24,9.9,63,8.6,1.3,-103.7
55.793140,37.587630,167.0,0.00,27,9.7,63,8.6,1.1,-99.0
55.793150,37.587580,167.0,0.00,0,12.1,63,8.6,3.6,-121.3
55.793170,37.587540,167.0,0.00,45,8.9,63,8.6,0.4,-59.4
55.793180,37.587500,167.0,0.00,50,8.9,65,8.5,0.4,-52.7
55.793200,37.587460,164.0,-89.65,50,72.6,70,73.0,-0.4,-73.3
55.793230,37.587430,164.0,0.00,48,8.9,65,8.5,0.4,-50.9
55.793250,37.587390,164.0,0.00,46,8.9,63,8.6,0.3,-56.6
55.793430,37.587180,164.0,0.00,49,8.9,63,8.6,0.3,-47.9
55.793500,37.587100,164.0,0.00,46,8.9,63,8.6,0.3,-56.6
55.793520,37.587070,164.0,0.00,45,8.9,63,8.6,0.4,-59.4
55.793550,37.587050,164.0,0.00,41,9.0,63,8.6,0.4,-69.9
55.793620,37.586940,164.0,0.00,36,9.2,63,8.6,0.6,-81.7
55.793670,37.586870,164.0,0.00,35,9.2,63,8.6,0.6,-83.8
55.793730,37.586780,164.0,0.00,32,9.4,63,8.6,0.8,-90.0
55.793860,37.586550,165.0,4.90,29,10.7,58,9.9,0.8,-62.1
55.794010,37.586330,165.0,0.00,30,9.5,63,8.6,0.9,-93.8
55.794230,37.585980,165.0,0.00,29,9.5,63,8.6,1.0,-95.6
55.794320,37.585860,165.0,0.00,28,9.6,63,8.6,1.0,-97.3
55.794710,37.585270,166.0,1.76,23,10.2,58.4,8.6,1.6,-88.0
55.794990,37.584830,166.0,0.00,20,10.2,63,8.6,1.7,-109.1
55.795070,37.584740,166.0,0.00,20,10.2,63,8.6,1.7,-109.1
55.795150,37.584650,166.0,0.00,25,9.8,63,8.5,1.2,-102.2
55.795180,37.584620,166.0,0.00,22,10.0,63,8.5,1.5,-106.5
55.795220,37.584590,166.0,0.00,20,10.2,63,8.5,1.7,-109.1
55.795290,37.584560,166.0,0.00,0,12.1,63,8.5,3.6,-121.3
55.795360,37.584520,166.0,0.00,30,9.5,63,8.5,0.9,-93.8
55.795440,37.584470,166.0,0.00,33,9.3,63,8.5,0.8,-88.0
55.795600,37.584380,166.0,0.00,33,9.3,63,8.5,0.8,-88.0
55.795670,37.584370,166.0,0.00,33,9.3,63,8.5,0.8,-88.0
55.795760,37.584360,166.0,0.00,28,9.6,63,8.5,1.0,-97.3
55.795830,37.584360,166.0,0.00,24,9.9,63,8.5,1.3,-103.7
55.795980,37.584340,166.0,0.00,25,9.8,63,8.5,1.2,-102.2
55.796140,37.584320,166.0,0.00,20,10.2,63,8.5,1.7,-109.1
55.796500,37.584280,166.0,0.00,20,10.2,63,8.5,1.7,-109.1
55.796580,37.584270,166.0,0.00,22,10.0,63,8.5,1.5,-106.5
55.796610,37.584270,166.0,0.00,22,10.0,63,8.5,1.5,-106.5
55.797170,37.584220,166.0,0.00,27,9.7,63,8.5,1.1,-99.0
55.797180,37.584220,166.0,0.00,27,9.7,63,8.5,1.1,-99.0
55.797520,37.584180,166.0,0.00,27,9.7,63,8.5,1.1,-99.0
55.798050,37.584120,167.0,1.69,31,9.7,58.5,8.6,1.1,-75.2
55.798410,37.584080,167.0,0.00,30,9.5,63,8.5,0.9,-93.8
55.798720,37.584050,167.0,0.00,33,9.3,63,8.5,0.8,-88.0
55.798840,37.584030,167.0,0.00,29,9.5,63,8.5,1.0,-95.6
55.799360,37.583950,167.0,0.00,26,9.7,63,8.5,1.2,-100.6
55.799500,37.583930,167.0,0.00,23,9.9,63,8.5,1.4,-105.1
55.799710,37.583890,167.0,0.00,20,10.2,63,8.5,1.7,-109.1
55.799840,37.583860,167.0,0.00,21,10.1,63,8.5,1.6,-107.8
55.800340,37.583750,169.0,3.57,20,10.9,58,9.3,1.6,-82.2
55.800490,37.583720,169.0,0.00,20,10.2,63,8.5,1.7,-109.1
55.801040,37.583590,169.0,0.00,20,10.2,63,8.5,1.7,-109.1
55.801530,37.583470,169.0,0.00,22,10.0,63,8.5,1.5,-106.5
55.802240,37.583300,168.0,-1.26,25,9.8,61.5,8.8,1.0,-96.5
55.802300,37.583290,168.0,0.00,22,10.0,63,8.5,1.5,-106.5
55.802620,37.583210,168.0,0.00,25,9.8,63,8.5,1.3,-102.2
55.803090,37.583090,168.0,0.00,29,9.5,63,8.5,1.0,-95.6
55.803400,37.583020,168.0,0.00,27,9.6,63,8.5,1.1,-99.0
55.803720,37.582930,168.0,0.00,30,9.5,63,8.5,0.9,-93.8
55.804260,37.582800,170.0,3.30,1,12.2,58,9.1,3.0,-95.8
55.804390,37.582760,170.0,0.00,32,9.4,63,8.5,0.9,-90.0
55.804660,37.582690,170.0,0.00,31,9.4,63,8.5,0.9,-91.9
55.805250,37.582530,170.0,0.00,34,9.2,63,8.5,0.7,-86.0
55.805540,37.582440,170.0,0.00,29,9.5,63,8.5,1.0,-95.6
55.805660,37.582390,170.0,0.00,24,9.8,63,8.5,1.3,-103.7
55.805740,37.582350,170.0,0.00,24,9.8,63,8.5,1.3,-103.7
55.805930,37.582230,170.0,0.00,23,9.9,63,8.5,1.4,-105.1
55.806180,37.582060,170.0,0.00,20,10.2,63,8.5,1.7,-109.1
55.806580,37.581810,169.0,-2.12,20,10.4,62.5,9.0,1.3,-107.1
55.807050,37.581520,169.0,0.00,24,9.8,63,8.5,1.3,-103.7
55.807080,37.581490,169.0,0.00,26,9.7,63,8.5,1.2,-100.6
55.807580,37.581160,169.0,0.00,24,9.8,63,8.5,1.3,-103.7
55.807910,37.580950,169.0,0.00,29,9.5,63,8.5,1.0,-95.6
55.808100,37.580820,169.0,0.00,28,9.6,63,8.5,1.1,-97.3
55.808420,37.580620,168.0,-2.65,32,9.6,63.2,9.3,0.3,-90.8
55.808780,37.580430,168.0,0.00,27,9.6,63,8.5,1.1,-99.0
55.809240,37.580180,168.0,0.00,27,9.6,63,8.5,1.1,-99.0
55.809540,37.580020,168.0,0.00,32,9.4,63,8.5,0.8,-90.0
55.810100,37.579700,168.0,0.00,27,9.6,63,8.5,1.1,-99.0
55.810300,37.579590,168.0,0.00,30,9.5,63,8.5,0.9,-93.8
55.810740,37.579360,167.0,-1.96,0,12.3,62.4,9.0,3.3,-119.0
55.810920,37.579250,167.0,0.00,42,8.9,63,8.5,0.4,-67.4
55.810980,37.579220,167.0,0.00,47,8.9,63,8.5,0.3,-53.8
55.811270,37.579070,170.0,8.93,49,12.5,58,12.6,-0.1,-1.8
55.812040,37.578660,170.0,0.00,53,8.8,63,8.5,0.3,-43.3
55.812410,37.578450,170.0,0.00,58,8.6,65,8.5,0.2,-26.3
55.813030,37.578120,168.0,-2.78,58,9.2,65.3,9.3,-0.1,-27.5
55.813110,37.578070,168.0,0.00,61,8.6,65,8.5,0.1,-15.4
55.813320,37.577950,168.0,0.00,65,8.5,65,8.5,0.0,0.0
55.813600,37.577800,168.0,0.00,36,9.1,63,8.5,0.6,-81.7
55.814390,37.577360,168.0,0.00,32,9.3,63,8.5,0.8,-90.0
55.815000,37.577020,167.0,-1.41,34,9.1,61.7,8.8,0.3,-81.0
55.817380,37.575720,164.0,-1.08,30,9.4,61.3,8.8,0.6,-87.3
55.817420,37.575700,164.0,0.00,31,9.4,63,8.5,0.9,-91.9
55.818420,37.575150,164.0,0.00,28,9.6,63,8.5,1.0,-97.3
55.819090,37.574780,167.0,3.85,30,10.2,58,9.3,0.9,-65.6
55.820020,37.574260,167.0,0.00,28,9.6,63,8.5,1.1,-97.3
55.820490,37.574000,167.0,0.00,9,11.3,63,8.5,2.8,-118.8
55.821150,37.573650,161.0,-7.84,45,11.7,68,11.6,0.1,-85.3
55.821670,37.573420,161.0,0.00,46,8.8,63,8.5,0.3,-56.6
55.822010,37.573310,161.0,0.00,51,8.8,65,8.5,0.3,-49.6
55.822070,37.573280,161.0,0.00,48,8.8,63,8.5,0.3,-50.9
55.822210,37.573240,161.0,0.00,52,8.8,65,8.5,0.3,-46.5
55.822560,37.573140,161.0,0.00,51,8.8,65,8.5,0.3,-49.6
55.823200,37.573020,160.0,-1.40,54,8.9,63.7,8.8,0.1,-34.9
55.823550,37.573000,160.0,0.00,54,8.7,65,8.5,0.2,-40.0
55.824020,37.572980,160.0,0.00,52,8.8,65,8.5,0.3,-46.5
55.824420,37.572980,160.0,0.00,49,8.8,63,8.5,0.2,-47.9
55.825040,37.572970,162.0,2.90,52,9.0,58.6,9.0,0.0,-22.3
55.825140,37.572970,162.0,0.00,53,8.7,63.6,8.5,0.2,-43.3
55.825550,37.572970,162.0,0.00,54,8.7,65,8.5,0.2,-40.0
55.825660,37.572970,162.0,0.00,56,8.7,65,8.5,0.2,-33.3
55.826130,37.572970,162.0,0.00,60,8.6,65,8.5,0.1,-19.1
55.826220,37.572960,162.0,0.00,55,8.7,65,8.5,0.2,-36.7
55.826400,37.572970,162.0,0.00,58,8.7,65,8.5,0.2,-26.3
55.829230,37.572970,163.0,0.32,58,8.6,65,8.4,0.2,-26.3
55.829310,37.572970,163.0,0.00,60,8.6,65,8.5,0.1,-19.1
55.829450,37.572970,163.0,0.00,57,8.7,65,8.5,0.2,-29.8
55.831720,37.572970,163.0,0.00,53,8.7,65,8.5,0.3,-43.3
55.832240,37.572970,163.0,0.00,55,8.7,65,8.5,0.2,-36.7
55.833460,37.572980,165.0,1.47,59,8.5,60.8,8.5,0.0,-6.6
55.833580,37.572980,165.0,0.00,64,8.5,65,8.5,0.0,-3.9
55.833900,37.572950,165.0,0.00,63,8.5,65,8.5,0.0,-7.8
55.834140,37.572910,168.0,11.19,60,14.2,60,14.2,0.0,30.5
55.834440,37.572830,168.0,0.00,55,8.7,65,8.4,0.3,-36.7
55.834730,37.572750,168.0,0.00,59,8.6,65,8.4,0.2,-22.7
55.834840,37.572760,168.0,0.00,56,8.7,65,8.4,0.2,-33.3
55.835030,37.572770,168.0,0.00,52,8.8,65,8.4,0.3,-46.5
55.835490,37.572910,163.0,-9.64,56,12.7,70,12.7,-0.0,-53.9
55.835660,37.572900,163.0,0.00,52,8.7,65,8.5,0.3,-46.5
55.836720,37.572550,163.0,0.00,57,8.7,65,8.5,0.2,-29.8
55.836810,37.572430,163.0,0.00,52,8.7,65,8.5,0.3,-46.5
55.836980,37.572170,163.0,0.00,53,8.7,65,8.5,0.3,-43.3
55.837150,37.571810,163.0,0.00,53,8.7,65,8.5,0.3,-43.3
55.837420,37.571150,163.0,0.00,57,8.7,65,8.5,0.2,-29.8
55.837520,37.570840,160.0,-13.44,52,15.4,70,15.4,-0.0,-67.1
55.837590,37.570700,158.0,-17.09,52,18.0,70,18.2,-0.2,-67.1
55.837720,37.570500,158.0,0.00,49,8.8,65,8.5,0.3,-47.9
55.837810,37.570340,158.0,0.00,48,8.8,63,8.5,0.2,-50.9
55.838290,37.569630,158.0,0.00,53,8.7,65,8.5,0.2,-43.3
55.838730,37.568880,158.0,0.00,48,8.8,63,8.5,0.2,-50.9
55.839210,37.567990,159.0,1.30,52,8.7,61.1,8.5,0.3,-31.4
55.839560,37.567290,159.0,0.00,54,8.7,65,8.5,0.2,-40.0
55.839840,37.566740,159.0,0.00,50,8.8,65,8.5,0.3,-52.7
55.840370,37.565850,160.0,1.23,49,8.8,61.1,8.5,0.3,-40.7
55.841870,37.563730,156.0,-1.88,47,9.0,62.3,9.0,-0.0,-51.1
55.842080,37.563420,156.0,0.00,44,8.9,63,8.6,0.3,-62.1
55.843870,37.560750,149.0,-2.70,43,9.1,63.2,9.3,-0.2,-65.5
55.844630,37.559670,148.0,-0.92,48,8.8,63,8.8,0.0,-50.9
55.845850,37.557920,158.0,5.74,52,10.3,58,10.3,-0.0,-7.8
55.847170,37.555960,160.0,1.05,47,8.8,61.4,8.4,0.4,-47.7
55.847690,37.555140,160.0,0.00,44,8.9,63,8.5,0.3,-62.1
55.848250,37.554330,160.0,0.00,45,8.8,63,8.5,0.3,-59.4
55.848860,37.553320,159.0,-1.08,48,8.9,61.3,8.8,0.1,-44.4
55.849440,37.552390,159.0,0.00,45,8.8,63,8.5,0.3,-59.4
55.850020,37.551480,156.0,-3.49,50,9.3,64.2,9.6,-0.3,-49.6
55.850570,37.550730,156.0,0.00,49,8.8,63,8.6,0.2,-47.9
55.850660,37.550590,156.0,0.00,51,8.7,65,8.5,0.2,-49.6
55.851700,37.549000,154.0,-1.31,51,8.9,63.6,8.8,0.0,-44.1
55.852320,37.547990,153.0,-1.07,47,8.9,61.3,8.8,0.0,-47.3
55.852820,37.547080,152.0,-1.26,42,8.9,61.5,8.8,0.1,-61.7
55.853220,37.546240,152.0,0.00,26,9.7,63,8.6,1.1,-100.6
55.853760,37.544970,148.0,-4.02,25,10.4,64.8,9.8,0.7,-109.2
55.854070,37.544200,148.0,0.00,27,9.6,63,8.6,1.1,-99.0
55.854380,37.543410,154.0,9.97,22,14.1,58,13.3,0.8,-49.9
55.854590,37.542870,154.0,0.00,20,10.2,63,8.6,1.6,-109.1
55.854970,37.541810,154.0,0.00,24,9.8,63,8.6,1.3,-103.7
55.855230,37.540990,151.0,-5.10,20,11.2,66.1,10.2,1.0,-121.3
55.855620,37.539640,151.0,0.00,21,10.1,63,8.6,1.5,-107.8
55.856090,37.537980,149.0,-1.72,20,10.3,62.1,8.9,1.4,-105.6
55.856560,37.536450,155.0,5.51,24,11.2,57.1,10.2,1.0,-67.3
55.857080,37.534920,153.0,-1.79,20,10.3,62.1,8.9,1.4,-105.6
55.857610,37.533480,153.0,0.00,20,10.2,63,8.6,1.6,-109.1
55.858290,37.531850,155.0,1.58,20,10.4,58.6,8.5,1.8,-92.7
55.858970,37.530230,158.0,2.38,20,10.5,57.4,8.8,1.7,-88.5
55.859620,37.528680,155.0,-2.48,20,10.4,62.4,9.2,1.2,-109.1
55.860140,37.527570,155.0,0.00,20,10.2,63,8.5,1.6,-109.1
55.860620,37.526610,163.0,9.97,20,14.2,58,13.3,0.9,-52.4
55.861150,37.525640,163.0,0.00,20,10.2,63,8.5,1.7,-109.1
55.861870,37.524440,165.0,1.82,20,10.4,58.3,8.5,1.8,-91.6
55.862440,37.523420,165.0,0.00,21,10.1,63,8.5,1.6,-107.8
55.863000,37.522300,160.0,-5.34,0,12.6,66.4,10.3,2.4,-134.7
55.863600,37.520980,160.0,0.00,43,8.9,63,8.5,0.4,-64.8
55.864400,37.519130,159.0,-0.69,45,8.8,63,8.7,0.2,-59.4
55.864450,37.519000,159.0,0.00,40,9.0,63,8.5,0.4,-72.4
55.865260,37.516940,161.0,1.27,42,9.0,59.1,8.5,0.5,-52.8
55.866050,37.515070,160.0,-0.68,47,8.8,63,8.6,0.2,-53.8
55.867450,37.511800,159.0,-0.39,43,8.8,63,8.6,0.3,-64.8
55.867930,37.510660,159.0,0.00,39,9.0,63,8.5,0.5,-74.8
55.868980,37.508130,158.0,-0.51,42,8.9,63,8.6,0.2,-67.4
55.869570,37.506790,158.0,0.00,37,9.0,63,8.5,0.5,-79.4
55.870770,37.503880,163.0,2.22,39,9.2,58,8.7,0.5,-55.3
55.870990,37.503370,162.0,-2.49,34,9.3,63.0,9.2,0.2,-86.0
55.871230,37.502860,162.0,0.00,32,9.3,63,8.5,0.8,-90.0
55.871450,37.502380,162.0,0.00,30,9.4,63,8.5,0.9,-93.8
55.871630,37.502010,161.0,-3.27,26,10.1,63.9,9.5,0.6,-104.1
55.871820,37.501630,161.0,0.00,22,10.0,63,8.5,1.5,-106.5
55.872020,37.501250,161.0,0.00,24,9.8,63,8.5,1.3,-103.7
55.872210,37.500890,161.0,0.00,24,9.8,63,8.5,1.3,-103.7
55.872430,37.500490,161.0,0.00,24,9.8,63,8.5,1.3,-103.7
55.872690,37.500040,161.0,0.00,29,9.5,63,8.5,1.0,-95.6
55.873410,37.498790,161.0,0.00,27,9.6,63,8.5,1.1,-99.0
55.873840,37.498050,161.0,0.00,28,9.5,63,8.5,1.0,-97.3
55.874090,37.497590,161.0,0.00,25,9.7,63,8.5,1.2,-102.2
55.874260,37.497280,161.0,0.00,23,9.9,63,8.5,1.4,-105.1
55.874450,37.496920,161.0,0.00,21,10.1,63,8.5,1.6,-107.8
55.875050,37.495720,164.0,2.99,25,10.2,58,9.0,1.2,-78.4
55.875320,37.495170,164.0,0.00,20,10.2,63,8.5,1.7,-109.1
55.875630,37.494480,164.0,0.00,21,10.1,63,8.5,1.6,-107.8
55.875950,37.493730,170.0,10.21,3,15.0,58,13.4,1.6,-64.4
55.876530,37.492360,170.0,0.00,31,9.4,63,8.4,0.9,-91.9
55.878150,37.488660,176.0,2.05,30,9.7,58,8.5,1.2,-74.9
55.878640,37.487610,176.0,0.00,32,9.3,63,8.4,0.9,-90.0
55.879100,37.486600,181.0,6.16,30,11.2,58,10.5,0.6,-54.5
55.879360,37.486110,176.0,-11.88,31,14.3,63,14.3,-0.0,-120.4
55.879610,37.485670,176.0,0.00,36,9.1,63,8.4,0.7,-81.7
55.879830,37.485330,177.0,3.09,33,9.7,58,9.0,0.8,-63.9
55.880120,37.484950,177.0,0.00,29,9.5,63,8.4,1.1,-95.6
55.880310,37.484720,177.0,0.00,25,9.7,63,8.4,1.3,-102.2
55.880490,37.484520,177.0,0.00,26,9.6,63,8.4,1.2,-100.6
55.880690,37.484310,177.0,0.00,30,9.4,63,8.4,1.0,-93.8
55.880980,37.484060,177.0,0.00,3,11.8,63,8.4,3.4,-121.0
55.881440,37.483720,176.0,-1.81,36,9.1,62.2,8.8,0.3,-78.6
55.882760,37.482910,178.0,1.29,37,9.1,59.1,8.4,0.8,-64.9
55.883110,37.482710,178.0,0.00,34,9.2,63,8.4,0.8,-86.0
55.883900,37.482330,177.0,-1.10,31,9.3,61.3,8.6,0.7,-85.5
55.884160,37.482220,177.0,0.00,26,9.6,63,8.4,1.2,-100.6
55.884440,37.482130,177.0,0.00,28,9.5,63,8.4,1.1,-97.3
55.884680,37.482080,177.0,0.00,32,9.3,63,8.4,0.9,-90.0
55.885000,37.482040,177.0,0.00,27,9.6,63,8.4,1.2,-99.0
55.885330,37.482050,177.0,0.00,27,9.6,63,8.4,1.2,-99.0
55.885760,37.482130,179.0,4.16,26,10.5,58,9.4,1.1,-71.1
55.886210,37.482290,179.0,0.00,28,9.5,63,8.4,1.1,-97.3
55.886740,37.482500,179.0,0.00,30,9.4,63,8.4,1.0,-93.8
55.887560,37.482870,178.0,-1.06,27,9.6,61.3,8.6,1.0,-92.5
55.888050,37.483090,178.0,0.00,27,9.6,63,8.4,1.2,-99.0
55.888560,37.483370,178.0,0.00,31,9.4,63,8.4,1.0,-91.9
55.889180,37.483830,178.0,0.00,31,9.4,63,8.4,1.0,-91.9
55.890290,37.484600,176.0,-1.51,31,9.3,61.8,8.7,0.6,-87.3
55.890730,37.484900,176.0,0.00,26,9.6,63,8.4,1.2,-100.6
55.891010,37.485060,176.0,0.00,30,9.4,63,8.4,1.0,-93.8
55.891450,37.485260,176.0,0.00,0,12.2,63,8.4,3.8,-121.3
55.891810,37.485390,176.0,0.00,37,9.0,63,8.4,0.6,-79.4
55.892280,37.485520,175.0,-1.89,34,9.2,62.3,8.8,0.4,-83.3
55.892650,37.485610,175.0,0.00,32,9.3,63,8.4,0.9,-90.0
55.893180,37.485750,175.0,0.00,34,9.2,63,8.4,0.8,-86.0
55.894660,37.486090,175.0,0.00,37,9.0,63,8.4,0.6,-79.4
55.895340,37.486250,175.0,0.00,32,9.3,63,8.4,0.9,-90.0
55.895990,37.486370,174.0,-1.38,34,9.1,61.7,8.7,0.4,-81.0
55.896530,37.486460,174.0,0.00,30,9.4,63,8.4,1.0,-93.8
55.897010,37.486520,174.0,0.00,34,9.2,63,8.4,0.8,-86.0
55.897470,37.486550,174.0,0.00,37,9.0,63,8.4,0.6,-79.4
55.897920,37.486540,174.0,0.00,38,9.0,63,8.4,0.6,-77.2
55.898360,37.486490,174.0,0.00,33,9.2,63,8.4,0.8,-88.0
55.898790,37.486390,174.0,0.00,28,9.5,63,8.4,1.1,-97.3
55.899220,37.486270,174.0,0.00,28,9.5,63,8.4,1.1,-97.3
55.899630,37.486120,174.0,0.00,30,9.4,63,8.4,1.0,-93.8
55.900050,37.485930,181.0,14.53,32,16.8,58,16.6,0.3,-33.4
55.900470,37.485690,181.0,0.00,31,9.3,63,8.4,1.0,-91.9
55.900830,37.485460,181.0,0.00,27,9.6,63,8.3,1.2,-99.0
55.901330,37.485090,176.0,-8.31,22,12.6,68,11.8,0.8,-134.9
55.901680,37.484800,176.0,0.00,21,10.1,63,8.4,1.7,-107.8
55.902060,37.484430,176.0,0.00,24,9.8,63,8.4,1.4,-103.7
55.902240,37.484240,177.0,4.30,23,10.7,58,9.4,1.3,-74.9
55.902680,37.483740,177.0,0.00,25,9.7,63,8.4,1.3,-102.2
55.903110,37.483200,178.0,1.71,24,10.0,58.4,8.4,1.6,-86.6
55.903480,37.482660,178.0,0.00,28,9.5,63,8.4,1.1,-97.3
55.903810,37.482140,178.0,0.00,24,9.8,63,8.4,1.4,-103.7
55.904150,37.481590,178.0,0.00,20,10.2,63,8.4,1.8,-109.1
55.904670,37.480680,176.0,-2.47,20,10.4,63.0,9.1,1.4,-109.1
55.905320,37.479560,176.0,0.00,24,9.8,63,8.4,1.4,-103.7
55.905660,37.478950,174.0,-3.73,25,10.3,64.5,9.6,0.7,-108.0
55.907490,37.475610,179.0,1.72,28,9.7,59.5,8.4,1.3,-80.3
55.909690,37.471740,174.0,-1.46,3,11.9,61.7,8.7,3.2,-116.0
55.911880,37.467790,184.0,2.89,44,9.1,58.7,8.8,0.3,-46.1
55.912990,37.465800,186.0,1.14,44,8.9,59.3,8.3,0.5,-48.3
55.914550,37.463030,189.0,1.23,48,8.7,61.2,8.3,0.5,-44.0
55.915290,37.461720,191.0,1.73,43,8.9,58.4,8.4,0.6,-47.7
55.916060,37.460430,191.0,0.00,45,8.8,63,8.3,0.5,-59.4
55.916490,37.459770,188.0,-4.76,50,9.9,65.7,10.0,-0.1,-55.5
55.916860,37.459250,191.0,5.73,55,10.2,60.7,10.2,-0.1,2.0
55.917390,37.458590,191.0,0.00,52,8.6,65,8.2,0.4,-46.5
55.917740,37.458220,186.0,-11.05,57,13.7,70,13.8,-0.0,-59.1
55.918030,37.457930,186.0,0.00,56,8.5,65,8.3,0.2,-33.3
55.918420,37.457560,186.0,0.00,59,8.4,65,8.3,0.2,-22.7
55.918830,37.457210,188.0,3.96,58,9.2,60,9.2,0.0,3.2
55.919230,37.456900,188.0,0.00,62,8.3,65,8.3,0.1,-11.6
55.919650,37.456620,188.0,0.00,67,8.2,65,8.3,-0.0,8.1
55.920070,37.456370,188.0,0.00,72,8.2,65,8.3,-0.0,29.3
55.920480,37.456160,189.0,2.11,71,8.6,62.8,8.4,0.2,33.5
55.920910,37.455960,193.0,8.10,73,12.0,57.8,11.9,0.2,74.1
55.921600,37.455720,193.0,0.00,74,8.3,62.8,8.3,-0.0,38.2
55.924380,37.454760,191.0,-0.64,72,8.3,65,8.4,-0.0,29.3
55.928080,37.453510,192.0,0.24,77,8.4,68,8.2,0.2,39.9
55.928790,37.453270,192.0,0.00,74,8.3,65,8.2,0.0,38.2
55.930200,37.452800,191.0,-0.63,73,8.4,65,8.4,0.0,33.7
55.931910,37.452230,185.0,-3.10,45,9.1,63.7,9.3,-0.2,-62.1
55.932210,37.452120,185.0,0.00,46,8.8,63,8.3,0.5,-56.6
55.932870,37.451900,189.0,5.36,44,10.0,58,9.9,0.1,-33.3
55.933090,37.451820,189.0,0.00,45,8.8,63,8.3,0.5,-59.4
55.933240,37.451770,189.0,0.00,45,8.8,63,8.3,0.5,-59.4
55.933430,37.451710,190.0,4.66,45,9.7,58,9.5,0.2,-33.9
55.933750,37.451590,190.0,0.00,41,8.9,63,8.3,0.6,-69.9
55.933970,37.451520,190.0,0.00,36,9.1,63,8.3,0.8,-81.7
55.934330,37.451390,190.0,0.00,39,8.9,63,8.3,0.6,-74.8
55.934910,37.451090,190.0,0.00,39,8.9,63,8.3,0.6,-74.8
55.935530,37.450870,191.0,1.42,2,12.0,58.9,8.3,3.7,-105.9
55.935590,37.450860,191.0,0.00,35,9.1,63,8.3,0.8,-83.8
55.935630,37.450840,191.0,0.00,36,9.1,63,8.3,0.8,-81.7
55.936280,37.450620,191.0,0.00,33,9.2,63,8.3,1.0,-88.0
55.937260,37.450380,191.0,0.00,29,9.4,63,8.3,1.2,-95.6
55.937620,37.450290,189.0,-4.95,25,10.8,65.9,10.1,0.7,-113.6
55.937800,37.450230,189.0,0.00,20,10.1,63,8.3,1.9,-109.1
55.938050,37.450140,189.0,0.00,20,10.1,63,8.3,1.9,-109.1
55.939000,37.449820,184.0,-4.65,20,11.0,65.6,10.0,1.0,-119.3
55.939890,37.449490,190.0,5.94,23,11.4,60.599999999999994,10.4,1.0,-66.8
55.940460,37.449240,190.0,0.00,20,10.1,63,8.3,1.9,-109.1
55.941030,37.448950,190.0,0.00,20,10.1,63,8.3,1.9,-109.1
55.941730,37.448530,196.0,7.31,20,12.3,58,11.3,1.0,-64.2
55.942420,37.447990,196.0,0.00,20,10.1,63,8.2,1.9,-109.1
55.942990,37.447470,194.0,-2.81,20,10.5,63.4,9.1,1.4,-110.6
55.943560,37.446880,194.0,0.00,23,9.9,63,8.2,1.6,-105.1
55.943950,37.446440,193.0,-1.95,20,10.4,62.3,8.8,1.6,-106.4
55.944470,37.445770,191.0,-2.80,20,10.5,63.4,9.1,1.4,-110.6
55.944910,37.445130,191.0,0.00,25,9.7,63,8.3,1.4,-102.2
55.945700,37.443870,191.0,0.00,3,11.8,63,8.3,3.6,-121.0
55.948660,37.439000,192.0,0.22,33,9.2,63,8.2,1.0,-88.0
55.952250,37.433070,174.0,-3.31,37,9.4,64.0,9.4,0.0,-83.3
55.952860,37.432080,174.0,0.00,37,9.0,63,8.4,0.6,-79.4
55.952920,37.431990,174.0,0.00,34,9.2,63,8.4,0.8,-86.0
55.953420,37.431100,167.0,-8.92,39,12.4,68,12.2,0.2,-103.2
55.953890,37.430220,167.0,0.00,35,9.1,63,8.4,0.7,-83.8
55.954340,37.429230,169.0,2.52,36,9.4,58,8.7,0.6,-60.4
55.954610,37.428540,174.0,9.54,36,13.1,53,12.8,0.3,-32.9
55.954770,37.428110,174.0,0.00,35,9.1,58,8.5,0.6,-83.8
55.955010,37.427460,174.0,0.00,39,8.9,63,8.4,0.6,-74.8
55.955420,37.426060,175.0,1.02,38,9.0,59.5,8.3,0.7,-64.1
55.955730,37.424790,172.0,-3.48,34,9.6,64.2,9.5,0.1,-90.6
55.955980,37.423590,172.0,0.00,35,9.1,63,8.4,0.7,-83.8
55.956170,37.422550,168.0,-5.87,31,10.9,67.0,10.4,0.4,-107.8
55.956910,37.418370,188.0,7.33,35,11.7,62.0,11.3,0.4,-39.0
55.957490,37.414930,181.0,-3.13,36,9.4,63.8,9.4,0.1,-84.8
55.957720,37.413620,172.0,-10.53,37,13.4,68.8,13.3,0.0,-107.9
55.958250,37.410570,180.0,4.02,36,9.8,63.8,9.2,0.6,-52.8
55.958300,37.410290,184.0,21.86,41,22.2,58.8,22.0,0.3,-19.0
55.959200,37.405110,184.0,0.00,40,8.9,63,8.3,0.6,-72.4
55.959420,37.403680,183.0,-1.08,41,8.8,61.3,8.6,0.3,-63.5
55.959580,37.402490,183.0,0.00,41,8.8,63,8.3,0.6,-69.9
55.959690,37.401180,183.0,0.00,39,8.9,63,8.3,0.6,-74.8
55.959730,37.400060,183.0,0.00,41,8.8,63,8.3,0.6,-69.9
55.959720,37.399090,185.0,3.31,45,9.2,58.0,9.0,0.2,-40.9
55.959650,37.398040,185.0,0.00,44,8.8,63,8.3,0.5,-62.1
55.959550,37.397040,186.0,1.58,41,8.9,58.6,8.3,0.6,-53.6
55.959430,37.396250,186.0,0.00,15,10.6,63,8.3,2.4,-114.4
55.959220,37.395150,189.0,4.15,20,10.9,58,9.3,1.6,-79.5
55.959090,37.394580,189.0,0.00,20,10.1,63,8.3,1.9,-109.1
55.958840,37.393720,186.0,-4.97,0,12.6,66.0,10.1,2.5,-133.1
55.958460,37.392630,186.0,0.00,33,9.2,63,8.3,0.9,-88.0
55.958090,37.391740,182.0,-5.80,29,11.0,67.0,10.4,0.6,-111.5
55.957680,37.390910,189.0,10.16,32,13.7,62.0,13.4,0.3,-33.4
55.956770,37.389410,184.0,-3.63,28,10.1,64.4,9.5,0.6,-102.8
55.955680,37.387560,178.0,-3.59,29,10.0,64.3,9.5,0.5,-100.6
55.955290,37.386710,176.0,-2.92,26,10.0,63.5,9.3,0.8,-102.6
55.954930,37.385790,176.0,0.00,25,9.7,63,8.3,1.3,-102.2
55.954590,37.384710,172.0,-5.19,30,10.6,66.2,10.1,0.4,-106.4
55.954350,37.383740,172.0,0.00,35,9.1,63,8.4,0.7,-83.8
55.954140,37.382630,165.0,-9.60,33,12.9,68,12.7,0.2,-116.4
55.953990,37.381550,165.0,0.00,37,9.0,63,8.4,0.6,-79.4
55.953910,37.380580,166.0,1.64,41,9.0,58.5,8.5,0.5,-53.2
55.953860,37.379820,166.0,0.00,23,9.9,63,8.4,1.5,-105.1
55.953850,37.378750,165.0,-1.50,21,10.2,61.8,8.7,1.5,-103.2
55.953870,37.378100,165.0,0.00,22,10.0,63,8.4,1.6,-106.5
55.953900,37.377410,165.0,0.00,20,10.2,63,8.4,1.8,-109.1
55.953990,37.376460,167.0,3.33,20,10.6,58,9.1,1.6,-83.6
55.954090,37.375700,167.0,0.00,20,10.2,63,8.4,1.8,-109.1
55.954240,37.374830,165.0,-3.53,20,10.6,64.2,9.5,1.1,-113.7
55.954400,37.374100,165.0,0.00,20,10.2,63,8.4,1.8,-109.1
55.954530,37.373570,165.0,0.00,20,10.2,63,8.4,1.8,-109.1
55.954720,37.372910,168.0,6.49,20,11.8,58,10.7,1.1,-68.2
55.955010,37.372010,168.0,0.00,24,9.8,63,8.4,1.4,-103.7
55.955790,37.369970,168.0,0.00,29,9.4,63,8.4,1.0,-95.6
55.956460,37.368470,171.0,2.51,33,9.5,58,8.7,0.8,-66.7
55.957000,37.367230,171.0,0.00,30,9.4,63,8.4,1.0,-93.8
55.957510,37.366100,172.0,1.11,27,9.7,59.3,8.4,1.3,-85.2
55.958320,37.364410,175.0,2.17,25,10.0,57.8,8.6,1.4,-83.0
55.959440,37.361930,181.0,3.03,24,10.2,56.5,8.9,1.3,-79.9
55.961720,37.356890,180.0,-0.25,29,9.4,61.5,8.4,1.0,-95.6
55.962620,37.354830,179.0,-0.61,25,9.8,63,8.4,1.3,-102.2
55.963480,37.352960,187.0,5.31,20,11.3,58,9.9,1.4,-73.6
55.963740,37.352380,187.0,0.00,23,9.9,63,8.3,1.6,-105.1
55.963830,37.352170,187.0,0.00,20,10.1,63,8.3,1.9,-109.1
55.964510,37.350610,186.0,-0.81,20,10.2,63,8.4,1.8,-109.1
55.965040,37.349260,182.0,-3.90,25,10.4,67.7,9.7,0.7,-120.9
55.965330,37.348500,182.0,0.00,25,9.7,63,8.3,1.4,-102.2
55.965580,37.347860,189.0,14.41,25,16.8,58,16.4,0.4,-45.6
55.966430,37.345510,194.0,2.87,0,12.2,56.7,8.7,3.5,-98.2
55.966900,37.344010,198.0,3.74,40,9.4,55.4,9.1,0.3,-44.9
55.967410,37.342290,196.0,-1.65,38,8.9,60.4,8.6,0.3,-85.0
55.967940,37.340370,196.0,0.00,39,8.9,63,8.2,0.7,-74.8
55.968580,37.338020,202.0,3.69,39,9.4,58,9.0,0.5,-47.6
55.969060,37.336400,201.0,-0.88,35,9.0,63,8.4,0.6,-83.8
55.969480,37.335100,199.0,-2.14,34,9.3,65.6,8.8,0.5,-96.2
55.969840,37.334030,199.0,0.00,35,9.1,63,8.2,0.9,-83.8
55.970240,37.332920,199.0,0.00,39,8.9,63,8.2,0.7,-74.8
55.970540,37.332120,199.0,0.00,34,9.1,63,8.2,0.9,-86.0
55.971180,37.330570,195.0,-3.34,35,9.6,67.0,9.4,0.1,-99.7
55.971730,37.329310,195.0,0.00,32,9.2,63,8.2,1.0,-90.0
55.972380,37.327960,196.0,0.90,31,9.4,63,8.2,1.2,-91.9
55.973130,37.326500,195.0,-0.81,30,9.4,63,8.4,1.0,-93.8
55.973610,37.325610,195.0,0.00,31,9.3,63,8.2,1.1,-91.9
55.974320,37.324360,192.0,-2.71,32,9.6,66.2,9.1,0.5,-102.6
55.975040,37.323120,190.0,-1.80,33,9.2,65.2,8.7,0.6,-96.6
55.976090,37.321420,194.0,2.54,35,9.3,60.2,8.5,0.8,-62.5
55.977070,37.319910,192.0,-1.39,40,8.9,64.7,8.5,0.4,-79.0
55.977610,37.319100,196.0,5.10,37,10.2,59.7,9.7,0.5,-45.0
55.981060,37.314100,202.0,1.21,34,9.2,59.2,8.2,1.0,-71.8
55.981720,37.313160,188.0,-14.92,29,16.4,64.2,16.5,-0.1,-137.1
55.982910,37.311470,195.0,4.14,34,9.9,59.2,9.2,0.7,-56.4
55.983720,37.310370,204.0,7.96,32,12.2,54.2,11.7,0.5,-42.4
55.984500,37.309380,204.0,0.00,37,9.0,59.2,8.2,0.7,-79.4
55.985170,37.308580,204.0,0.00,38,8.9,63,8.2,0.7,-77.2
55.986030,37.307650,209.0,4.47,33,10.1,58,9.3,0.9,-56.8
55.986900,37.306780,209.0,0.00,32,9.2,63,8.2,1.1,-90.0
55.987820,37.305940,208.0,-0.87,31,9.3,63,8.3,1.0,-91.9
55.988780,37.305160,208.0,0.00,33,9.2,63,8.2,1.0,-88.0
55.990250,37.303990,206.0,-1.12,38,8.9,64.3,8.4,0.5,-82.2
55.991400,37.302970,206.0,0.00,39,8.9,63,8.2,0.7,-74.8
55.991540,37.302840,206.0,0.00,43,8.8,63,8.2,0.6,-64.8
55.991710,37.302690,210.0,18.98,44,20.0,58,19.8,0.2,-11.2
55.992690,37.301780,212.0,1.63,16,10.5,58.6,8.2,2.3,-97.1
55.993680,37.300890,212.0,0.00,20,10.2,63,8.2,2.0,-109.1
55.994660,37.300050,205.0,-5.79,24,11.2,68,10.4,0.9,-132.1
55.996600,37.298390,210.0,2.09,21,10.2,63,8.2,1.9,-89.0
55.999440,37.295940,214.0,1.14,24,9.8,59.3,8.2,1.6,-89.8
56.000490,37.295050,217.0,2.32,26,9.8,57.5,8.3,1.5,-80.4
56.002870,37.293010,216.0,-0.34,21,10.1,62.5,8.2,1.9,-107.8
56.003540,37.292430,216.0,0.00,20,10.2,63,8.2,2.0,-109.1
56.007990,37.288630,222.0,1.09,0,12.2,59.4,8.2,4.1,-107.8
56.008610,37.288100,215.0,-9.16,34,12.7,64.4,12.5,0.2,-127.5
56.009020,37.287760,215.0,0.00,35,9.1,63,8.2,0.9,-83.8
56.010860,37.286160,219.0,1.76,33,9.3,58.4,8.2,1.1,-70.9
56.016580,37.281280,220.0,0.14,35,9.1,63,8.1,0.9,-83.8
56.018500,37.279610,226.0,2.53,38,9.2,58,8.3,0.9,-55.9
56.018610,37.279520,226.0,0.00,42,8.7,63,8.1,0.6,-67.4
56.019470,37.278780,225.0,-0.94,44,8.7,63,8.2,0.5,-62.1
56.020880,37.277550,223.0,-1.15,42,8.8,64.4,8.3,0.5,-72.8
56.021330,37.277160,223.0,0.00,15,10.6,63,8.1,2.5,-114.4
56.022720,37.275940,224.0,0.58,20,10.1,63,8.1,2.0,-109.1
56.024700,37.274240,222.0,-0.82,23,10.0,63,8.2,1.8,-105.1
56.025270,37.273780,221.0,-1.44,20,10.4,64.7,8.4,1.9,-115.7
56.025730,37.273430,221.0,0.00,20,10.2,63,8.1,2.0,-109.1
56.026340,37.272990,221.0,0.00,22,10.0,63,8.1,1.8,-106.5
56.027030,37.272530,216.0,-6.11,26,11.3,68,10.5,0.8,-130.4
56.027710,37.272120,223.0,8.77,24,13.0,63,12.3,0.7,-52.2
56.028430,37.271730,223.0,0.00,28,9.5,63,8.1,1.3,-97.3
56.029260,37.271310,211.0,-12.51,23,14.9,68,14.9,0.1,-146.7
56.029930,37.271020,211.0,0.00,20,10.2,63,8.2,2.0,-109.1
56.030650,37.270730,218.0,8.53,25,12.8,58,12.1,0.7,-51.9
56.031470,37.270460,214.0,-4.31,26,10.5,63,9.7,0.8,-121.5
56.033240,37.269940,214.0,0.00,22,10.0,63,8.2,1.8,-106.5
56.034800,37.269490,207.0,-3.98,20,10.8,67.8,9.7,1.2,-128.2
56.036750,37.268970,185.0,-10.04,22,13.5,72.8,13.0,0.5,-148.0
56.037390,37.268790,185.0,0.00,27,9.5,67.8,8.2,1.3,-99.0
56.038110,37.268570,208.0,28.32,23,27.4,62.8,26.7,0.7,-48.5
56.038620,37.268400,208.0,0.00,23,9.9,63,8.2,1.7,-105.1
56.040020,37.267960,220.0,7.59,20,12.4,58,11.4,1.0,-62.9
56.040700,37.267700,220.0,0.00,21,10.1,63,8.1,1.9,-107.8
56.041520,37.267360,220.0,0.00,26,9.6,63,8.1,1.5,-100.6
56.042070,37.267100,226.0,9.49,24,13.5,58,12.8,0.7,-49.3
56.042790,37.266720,226.0,0.00,21,10.1,63,8.1,2.0,-107.8
56.043840,37.266110,217.0,-7.33,20,12.2,68,11.2,1.0,-145.3
56.044390,37.265760,217.0,0.00,20,10.2,63,8.2,2.0,-109.1
56.045160,37.265220,217.0,0.00,24,9.8,63,8.2,1.7,-103.7
56.045980,37.264590,226.0,9.07,0,14.3,58,12.5,1.8,-68.7
56.046890,37.263820,223.0,-2.68,38,9.3,63,8.9,0.4,-89.8
56.047640,37.263130,223.0,0.00,43,8.7,63,8.1,0.5,-64.8
56.048500,37.262270,221.0,-1.83,13,11.0,65.2,8.6,2.5,-124.7
56.049270,37.261440,221.0,0.00,20,10.2,63,8.1,2.0,-109.1
56.050150,37.260400,222.0,0.85,20,10.1,63,8.1,1.9,-109.1
56.050820,37.259540,222.0,0.00,21,10.1,63,8.1,1.9,-107.8
56.051570,37.258530,222.0,0.00,20,10.2,63,8.1,2.0,-109.1
56.052320,37.257450,223.0,0.93,20,10.1,63,8.1,2.0,-109.1
56.053160,37.256130,226.0,2.41,21,10.2,58,8.3,1.9,-87.2
56.053890,37.254900,226.0,0.00,25,9.7,63,8.1,1.6,-102.2
56.054570,37.253630,219.0,-6.41,23,11.6,68,10.7,0.9,-136.6
56.055350,37.252100,219.0,0.00,22,10.0,63,8.1,1.8,-106.5
56.055880,37.251000,220.0,1.11,21,10.0,59.3,8.2,1.8,-94.0
56.056380,37.250010,220.0,0.00,20,10.2,63,8.1,2.0,-109.1
56.057030,37.248660,220.0,0.00,20,10.2,63,8.1,2.0,-109.1
56.059040,37.244550,218.0,-0.59,20,10.2,63,8.2,2.0,-109.1
56.062610,37.237260,230.0,1.99,20,10.2,58.0,8.2,2.0,-90.6
56.063230,37.235980,230.0,0.00,25,9.7,63,8.1,1.6,-102.2
56.063760,37.234890,231.0,1.11,24,9.8,59.3,8.1,1.7,-89.8
56.068470,37.225160,243.0,1.50,27,9.6,58.7,8.2,1.5,-83.0
56.070030,37.222050,244.0,0.39,28,9.5,63,8.1,1.5,-97.3
56.070950,37.220450,239.0,-3.51,28,10.2,67.2,9.2,1.0,-114.0
56.071870,37.218990,239.0,0.00,28,9.5,63,8.1,1.4,-97.3
56.072980,37.217350,235.0,-2.50,31,9.7,66.0,8.8,0.9,-103.7
56.073570,37.216540,234.0,-1.21,27,9.7,64.5,8.3,1.5,-104.8
56.074160,37.215840,234.0,0.00,23,9.9,63,8.1,1.8,-105.1
56.075150,37.214590,236.0,1.49,27,9.6,58.8,8.1,1.5,-83.4
56.076200,37.213440,238.0,1.46,0,12.2,58.8,8.1,4.1,-105.6
56.077260,37.212420,230.0,-5.98,36,10.8,63.8,10.5,0.4,-111.0
56.078780,37.211130,230.0,0.00,32,9.2,63,8.1,1.1,-90.0
56.080320,37.210030,221.0,-4.88,34,10.3,68,10.0,0.3,-109.7
56.080690,37.209760,221.0,0.00,37,8.9,63,8.1,0.8,-79.4
56.081170,37.209400,221.0,0.00,40,8.8,63,8.1,0.7,-72.4
56.082100,37.208650,230.0,7.94,43,11.6,58,11.7,-0.0,-23.3
56.082670,37.208190,226.0,-5.75,40,10.6,63,10.3,0.3,-100.4
56.083280,37.207720,226.0,0.00,45,8.6,63,8.1,0.4,-59.4
56.084140,37.207010,224.0,-1.90,42,8.9,65.3,8.6,0.3,-76.4
56.085650,37.205540,225.0,0.52,46,8.5,63,8.1,0.4,-56.6
56.086670,37.204440,225.0,0.00,46,8.5,63,8.1,0.4,-56.6
56.086950,37.204110,227.0,5.37,50,9.8,58,9.7,0.1,-15.7
56.087680,37.203200,218.0,-9.10,54,12.4,63,12.4,-0.0,-73.7
56.088270,37.202460,218.0,0.00,58,8.2,65,8.1,0.1,-26.3
56.088870,37.201650,223.0,5.99,53,10.2,60,10.2,-0.0,-3.3
56.089750,37.200410,203.0,-16.07,55,17.4,65,17.4,-0.0,-70.4
56.089850,37.200260,203.0,0.00,60,8.2,65,8.2,0.0,-19.1
56.090900,37.198570,202.0,-0.64,64,8.2,65,8.2,0.0,-3.9
56.091660,37.197210,205.0,2.51,63,8.4,60,8.4,-0.0,14.2
56.092620,37.195260,229.0,14.88,64,16.8,55,16.7,0.1,45.7
56.093240,37.193930,229.0,0.00,68,8.1,60,8.1,-0.1,12.2
56.093840,37.192540,233.0,3.67,70,8.9,60.5,8.7,0.2,37.9
56.094580,37.190700,233.0,0.00,69,8.1,65,8.1,-0.0,16.4
56.094950,37.189720,233.0,0.00,68,8.1,65,8.1,-0.0,12.2
56.095210,37.188980,232.0,-1.84,72,8.6,67.2,8.5,0.1,20.4
56.095600,37.187750,232.0,0.00,69,8.1,65,8.1,-0.0,16.4
56.096080,37.186290,219.0,-12.37,71,14.8,70,14.8,0.0,-17.8
56.096940,37.183440,217.0,-1.00,73,8.4,65,8.2,0.2,33.7
56.097260,37.182170,220.0,3.47,78,9.2,60.8,8.7,0.6,72.9
56.097990,37.178710,216.0,-1.74,83,9.0,65.8,8.5,0.5,60.3
56.098450,37.175920,208.0,-4.43,84,10.2,70.8,9.9,0.2,51.4
56.098750,37.174030,211.0,2.46,89,9.6,65.8,8.3,1.3,123.4
56.099630,37.168480,216.0,1.40,90,9.4,63.9,8.1,1.3,122.7
56.099720,37.167800,216.0,0.00,90,9.3,68,8.1,1.2,106.2
56.099830,37.167120,216.0,0.00,81,8.7,68,8.1,0.6,59.2
56.100090,37.165280,195.0,-17.84,78,19.0,73,18.9,0.1,14.0
56.100770,37.160500,200.0,1.63,83,9.0,68,8.2,0.8,87.3
56.101580,37.155260,190.0,-2.97,80,9.5,71.6,9.3,0.1,38.9
56.102620,37.148420,214.0,5.46,85,10.6,66.6,10.0,0.6,118.7
56.103200,37.145230,219.0,2.40,82,9.1,62.4,8.2,0.9,86.5
56.103840,37.142220,219.0,0.00,80,8.6,67.4,8.1,0.5,54.3
56.104370,37.140150,217.0,-1.42,76,8.6,66.7,8.4,0.2,40.6
56.104780,37.138690,219.0,1.97,80,8.9,63.0,8.2,0.7,74.3
56.105840,37.135370,227.0,3.37,84,9.5,60.9,8.6,0.9,102.3
56.107150,37.131900,228.0,0.38,87,9.1,65.9,8.1,1.0,90.0
56.108130,37.129710,229.0,0.57,80,8.6,68,8.0,0.5,54.3
56.109010,37.127950,233.0,2.73,76,8.8,63,8.3,0.5,59.4
56.109440,37.127150,233.0,0.00,81,8.7,68,8.1,0.6,59.2
56.110420,37.125410,239.0,3.91,78,9.4,63,8.9,0.5,75.5
56.111650,37.123450,247.0,4.37,80,9.7,59.4,9.0,0.6,87.7
56.112800,37.121800,243.0,-2.44,84,9.3,64.4,8.7,0.6,62.0
56.114280,37.119950,243.0,0.00,86,9.0,68,8.0,1.0,84.7
56.115890,37.118180,242.0,-0.48,86,9.1,68,8.1,0.9,84.7
56.116650,37.117490,242.0,0.00,83,8.8,68,8.0,0.8,69.2
56.117860,37.116440,249.0,4.68,81,9.9,63,9.2,0.6,94.1
56.118990,37.115520,249.0,0.00,84,8.9,68,8.0,0.9,74.3
56.121930,37.113560,243.0,-1.72,84,9.1,70.1,8.5,0.6,65.4
56.123570,37.112490,227.0,-8.25,86,12.1,75.1,11.9,0.2,40.6
56.124910,37.111620,227.0,0.00,83,8.8,70.1,8.1,0.7,69.2
56.127300,37.109980,256.0,10.19,46,13.3,65.1,13.4,-0.1,-5.7
56.129710,37.108390,262.0,2.10,41,8.7,60.099999999999994,8.1,0.6,-50.7
56.130990,37.107520,263.0,0.66,45,8.3,63,8.0,0.3,-59.4
56.131630,37.107060,260.0,-3.91,46,9.5,67.7,9.3,0.1,-75.4
56.132180,37.106600,260.0,0.00,46,8.3,63,8.0,0.3,-56.6
56.133240,37.105550,261.0,0.74,42,8.4,63,8.0,0.4,-67.4
56.134200,37.104440,261.0,0.00,40,8.5,63,8.0,0.5,-72.4
56.134720,37.103750,266.0,6.95,45,10.8,58,10.8,-0.0,-22.7
56.135700,37.102250,262.0,-2.79,45,8.9,63,8.7,0.2,-72.8
56.136330,37.101220,264.0,2.11,44,8.6,58,8.2,0.4,-42.9
56.137000,37.099930,266.0,1.83,48,8.4,60.3,8.1,0.3,-40.7
56.137790,37.098060,259.0,-4.81,49,9.9,65.3,9.7,0.2,-71.3
56.138570,37.095930,260.0,0.63,54,8.1,65,8.0,0.2,-40.0
56.139150,37.093960,260.0,0.00,50,8.2,65,8.0,0.2,-52.7
56.139560,37.092360,250.0,-9.17,52,12.5,70,12.6,-0.0,-80.2
56.139930,37.090660,259.0,7.96,47,11.6,65,11.7,-0.1,-12.3
56.140250,37.088720,259.0,0.00,50,8.2,65,8.0,0.2,-52.7
56.140480,37.086460,257.0,-1.41,49,8.4,64.7,8.3,0.1,-54.5
56.140550,37.085310,257.0,0.00,52,8.2,65,8.0,0.2,-46.5
56.140630,37.083810,257.0,0.00,49,8.2,63,8.0,0.2,-47.9
56.140660,37.082460,251.0,-7.17,50,11.3,68,11.2,0.1,-80.3
56.140650,37.080710,248.0,-2.77,51,8.8,66.3,8.8,-0.0,-54.8
56.140590,37.079490,248.0,0.00,54,8.2,65,8.0,0.1,-40.0
56.140520,37.078300,246.0,-2.70,55,8.7,68.2,8.8,-0.1,-49.7
56.140380,37.076800,248.0,2.12,51,8.4,63.2,8.1,0.3,-29.8
56.140150,37.075040,248.0,0.00,51,8.2,65,8.0,0.2,-49.6
56.139730,37.072370,249.0,0.58,49,8.3,63,8.0,0.2,-47.9
56.139400,37.070140,252.0,2.10,45,8.6,59.9,8.1,0.5,-47.8
56.139150,37.068070,250.0,-1.52,48,8.5,64.8,8.3,0.1,-57.9
56.138970,37.066260,244.0,-5.27,52,10.1,69.3,10.1,0.0,-64.1
56.138810,37.064090,241.0,-2.21,53,8.6,67.7,8.6,-0.0,-54.2
56.138690,37.061200,246.0,2.78,51,8.5,62.7,8.3,0.3,-26.2
56.138660,37.059020,248.0,1.48,48,8.4,60.8,8.1,0.3,-42.6
56.138700,37.055920,234.0,-7.29,44,11.4,65.8,11.2,0.2,-97.9
56.138780,37.054180,234.0,0.00,48,8.3,63,8.1,0.2,-50.9
56.138940,37.051700,223.0,-7.11,44,11.3,68,11.0,0.2,-97.1
56.139310,37.048390,224.0,0.48,43,8.6,63,8.1,0.5,-64.8
56.139590,37.046270,222.0,-1.48,45,8.7,64.8,8.4,0.3,-66.4
56.140090,37.043490,219.0,-1.66,49,8.6,65.0,8.5,0.2,-55.7
56.140650,37.040570,214.0,-2.61,51,8.8,66.1,8.9,-0.1,-54.0
56.141030,37.038970,211.0,-2.78,54,8.9,68.3,9.0,-0.2,-53.4
56.141300,37.037900,211.0,0.00,49,8.4,63.3,8.2,0.3,-47.9
56.142080,37.034650,218.0,3.19,47,8.9,58.3,8.6,0.3,-36.0
56.142930,37.030840,211.0,-2.75,50,8.9,63.3,8.9,-0.0,-57.9
56.143500,37.027580,209.0,-0.94,11,11.1,63,8.3,2.8,-117.6
56.144110,37.022790,216.0,2.30,20,10.3,58,8.3,2.0,-89.2
56.144350,37.019520,220.0,1.96,24,9.9,58.1,8.2,1.7,-85.5
56.144470,37.014300,211.0,-2.78,26,10.1,63.1,9.0,1.1,-113.7
56.144450,37.013910,211.0,0.00,28,9.5,63,8.2,1.3,-97.3
56.144400,37.011990,202.0,-7.56,23,12.1,68,11.3,0.8,-142.7
56.144310,37.010090,199.0,-2.54,0,12.2,66.0,9.0,3.3,-133.1
56.144030,37.006480,195.0,-1.77,43,8.7,65.1,8.6,0.2,-73.0
56.143390,37.001550,202.0,2.23,47,8.8,60.099999999999994,8.3,0.5,-41.4
56.142770,36.998070,207.0,2.21,51,8.6,59.7,8.3,0.3,-29.4
56.142190,36.995220,203.0,-2.13,50,8.8,64.7,8.7,0.1,-55.1
56.141610,36.992090,213.0,4.89,12,11.5,59.7,9.5,2.1,-83.7
56.141340,36.990260,214.0,0.85,20,10.1,63,8.1,1.9,-109.1
56.141020,36.987680,214.0,0.00,25,9.7,63,8.2,1.6,-102.2
56.140910,36.986560,209.0,-7.10,25,11.8,68,11.0,0.8,-137.1
56.140760,36.984710,204.0,-4.32,21,10.8,68.2,9.8,1.0,-128.6
56.140580,36.981580,203.0,-0.51,20,10.2,63.2,8.2,2.0,-109.1
56.140580,36.981250,203.0,0.00,20,10.2,63,8.2,2.0,-109.1
56.140490,36.977720,200.0,-1.37,20,10.3,64.6,8.4,1.9,-115.3
56.140580,36.975020,197.0,-1.79,21,10.3,65.1,8.6,1.7,-116.0
56.140640,36.973640,199.0,2.33,25,9.9,60.099999999999994,8.4,1.5,-81.9
56.140730,36.972260,204.0,5.81,25,11.2,55.099999999999994,10.1,1.1,-64.5
56.140890,36.970310,210.0,4.91,24,10.8,53.6,9.5,1.3,-70.2
56.141100,36.968380,208.0,-1.64,21,10.3,58.6,8.5,1.8,-115.6
56.141580,36.964470,188.0,-8.06,23,12.4,63.6,11.6,0.8,-145.3
56.142010,36.960780,194.0,2.57,20,10.3,58.6,8.5,1.8,-87.4
56.142210,36.959280,185.0,-9.42,20,13.2,63.6,12.6,0.7,-150.6
56.142390,36.958130,178.0,-9.46,20,13.2,68.6,12.6,0.6,-150.6
56.142870,36.955180,174.0,-2.10,0,12.2,65.5,8.9,3.4,-131.1
56.143100,36.953670,173.0,-1.03,37,8.8,64.2,8.5,0.3,-84.1
56.143560,36.950100,170.0,-1.32,37,8.8,64.6,8.6,0.3,-85.7
56.143780,36.948570,171.0,1.02,36,9.0,59.599999999999994,8.4,0.6,-68.6
56.144470,36.944650,172.0,0.39,34,9.1,63,8.3,0.8,-86.0
56.144900,36.942530,177.0,3.58,29,9.9,58,9.1,0.9,-68.8
56.145560,36.939820,182.0,2.73,32,9.5,56.9,8.7,0.7,-67.6
56.146270,36.937380,171.0,-6.45,33,11.0,61.9,10.7,0.4,-119.5
56.147220,36.934450,171.0,0.00,36,8.9,63,8.3,0.6,-81.7
56.147940,36.932540,172.0,0.70,31,9.3,63,8.3,0.9,-91.9
56.149110,36.929640,173.0,0.45,27,9.5,63,8.3,1.2,-99.0
56.152000,36.923780,173.0,0.00,27,9.5,63,8.3,1.2,-99.0
56.154110,36.919330,173.0,0.00,24,9.8,63,8.3,1.5,-103.7
56.155350,36.916900,175.0,0.98,24,9.8,63,8.3,1.4,-103.7
56.156180,36.915160,176.0,0.70,3,11.9,63,8.3,3.6,-121.0
56.157590,36.912190,189.0,5.38,40,10.1,58,9.8,0.3,-43.2
56.158090,36.911020,189.0,0.00,44,8.6,63,8.2,0.4,-62.1
56.159160,36.908240,197.0,3.82,7,11.7,58,9.0,2.7,-91.9
56.159410,36.907510,197.0,0.00,36,8.9,63,8.2,0.7,-81.7
56.160040,36.905670,197.0,0.00,40,8.7,63,8.2,0.6,-72.4
56.160690,36.903440,201.0,2.57,15,10.7,58,8.5,2.3,-93.1
56.161180,36.901400,201.0,0.00,20,10.2,63,8.2,2.0,-109.1
56.162300,36.896110,195.0,-1.71,20,10.4,65.1,8.6,1.8,-117.3
56.163510,36.890320,186.0,-2.35,21,10.4,65.8,8.9,1.4,-118.8
56.163690,36.889440,190.0,6.89,20,12.0,60.8,10.9,1.1,-66.3
56.164500,36.885800,196.0,2.47,20,10.3,57.3,8.5,1.8,-88.1
56.165260,36.883140,202.0,3.24,20,10.5,56.1,8.8,1.7,-83.9
56.166400,36.879780,201.0,-0.41,20,10.2,61.1,8.2,2.0,-109.1
56.167070,36.878010,202.0,0.75,20,10.1,63,8.2,1.9,-109.1
56.167590,36.876770,201.0,-1.04,24,9.9,64.2,8.3,1.6,-108.3
56.168130,36.875590,201.0,0.00,20,10.2,63,8.2,2.0,-109.1
56.168690,36.874390,201.0,0.00,21,10.1,63,8.2,1.9,-107.8
56.170030,36.871840,197.0,-1.84,24,10.0,65.2,8.6,1.4,-112.3
56.171070,36.870180,204.0,4.52,28,10.4,60.2,9.3,1.1,-65.8
56.174100,36.865640,216.0,2.74,25,9.9,56.9,8.5,1.5,-79.8
56.177210,36.861310,213.0,-0.69,23,10.0,61.9,8.2,1.8,-105.1
56.188970,36.844790,209.0,-0.24,27,9.6,63,8.2,1.4,-99.0
56.198820,36.830990,215.0,0.43,25,9.7,63,8.1,1.5,-102.2
56.200720,36.828040,217.0,0.72,20,10.1,63,8.1,2.0,-109.1
56.201920,36.825920,209.0,-4.28,20,10.9,68,9.7,1.1,-129.5
56.202570,36.824790,209.0,0.00,20,10.2,63,8.2,2.0,-109.1
56.203880,36.822130,209.0,0.00,20,10.2,63,8.2,2.0,-109.1
56.204600,36.820440,219.0,7.60,20,12.4,58,11.3,1.1,-62.9
56.205180,36.819110,219.0,0.00,20,10.2,63,8.1,2.0,-109.1
56.206290,36.816280,217.0,-0.93,20,10.3,63,8.2,2.1,-109.1
56.207360,36.813190,221.0,1.78,22,10.0,58.3,8.2,1.8,-89.1
56.210900,36.802420,232.0,1.42,20,10.1,58.9,8.1,2.0,-93.8
56.214250,36.791720,231.0,-0.13,20,10.2,63,8.1,2.1,-109.1
56.215470,36.788150,228.0,-1.16,22,10.2,64.4,8.3,1.9,-111.9
56.217930,36.782290,235.0,1.54,24,9.8,59.400000000000006,8.1,1.8,-87.7
56.218010,36.782100,235.0,0.00,24,9.8,63,8.1,1.8,-103.7
56.221290,36.774790,249.0,2.41,28,9.7,58,8.2,1.6,-76.7
56.222590,36.772100,249.0,0.00,23,10.0,63,8.0,1.9,-105.1
56.224160,36.769200,249.0,0.00,20,10.2,63,8.0,2.2,-109.1
56.225950,36.766070,241.0,-2.88,23,10.4,66.5,8.9,1.5,-119.0
56.227780,36.763000,221.0,-7.19,20,12.1,71.5,11.1,1.0,-144.4
56.230000,36.759810,203.0,-5.70,0,12.8,69.8,10.3,2.5,-148.9
56.230390,36.759280,203.0,0.00,31,9.2,64.8,8.2,1.1,-91.9
56.231100,36.758310,203.0,0.00,28,9.5,63,8.2,1.3,-97.3
56.231830,36.757360,200.0,-2.99,31,9.7,66.6,9.2,0.6,-106.2
56.232570,36.756440,200.0,0.00,27,9.5,63,8.2,1.4,-99.0
56.233310,36.755530,203.0,3.01,28,9.8,58,8.6,1.2,-73.6
56.234060,36.754650,200.0,-3.01,28,9.9,63,9.1,0.8,-111.6
56.234460,36.754200,200.0,0.00,32,9.2,63,8.2,1.0,-90.0
56.234810,36.753780,205.0,10.69,30,14.0,58,13.6,0.5,-37.2
56.235580,36.752940,205.0,0.00,31,9.2,63,8.2,1.1,-91.9
56.236350,36.752110,205.0,0.00,26,9.6,63,8.2,1.5,-100.6
56.237130,36.751310,212.0,7.01,28,11.7,58,10.9,0.8,-54.0
56.237910,36.750530,205.0,-7.05,33,11.4,63,11.0,0.4,-122.9
56.238700,36.749770,203.0,-2.01,36,9.1,65.4,8.6,0.4,-91.1
56.239500,36.749040,203.0,0.00,32,9.2,63,8.2,1.0,-90.0
56.240310,36.748330,222.0,18.96,30,20.1,58,19.7,0.4,-37.2
56.241120,36.747630,221.0,-1.00,31,9.3,63,8.2,1.1,-96.6
56.241930,36.746970,211.0,-10.11,32,13.2,68,13.1,0.0,-131.5
56.242750,36.746320,211.0,0.00,31,9.2,63,8.1,1.1,-91.9
56.243580,36.745690,203.0,-7.99,27,12.1,68,11.6,0.5,-138.8
56.244140,36.745260,209.0,8.86,27,13.0,63,12.3,0.7,-47.2
56.244390,36.745070,209.0,0.00,25,9.7,63,8.2,1.6,-102.2
56.244650,36.744870,209.0,0.00,21,10.1,63,8.2,1.9,-107.8
56.245230,36.744430,209.0,0.00,20,10.2,63,8.2,2.0,-109.1
56.246060,36.743790,223.0,13.94,22,16.6,58,16.0,0.6,-49.9
56.268230,36.727050,240.0,0.64,20,10.2,63,8.0,2.1,-109.1
56.272230,36.724000,229.0,-2.28,20,10.5,65.7,8.6,1.8,-119.7
56.274700,36.721950,222.0,-2.31,23,10.2,65.8,8.7,1.5,-116.1
56.274820,36.721860,222.0,0.00,24,9.8,63,8.1,1.7,-103.7
56.275460,36.721390,225.0,3.90,24,10.4,58,8.8,1.5,-75.2
56.276430,36.720640,227.0,1.70,28,9.5,58.4,8.1,1.4,-80.3
56.277680,36.719520,237.0,6.44,25,11.4,53.4,10.5,1.0,-61.3
56.278820,36.718320,239.0,1.36,27,9.6,58.4,8.1,1.5,-84.1
56.281820,36.714590,240.0,0.25,22,10.0,63,8.1,2.0,-106.5
56.282760,36.713350,242.0,1.54,23,9.9,58.7,8.1,1.9,-89.1
56.286650,36.707150,223.0,-3.29,21,10.6,63.7,9.1,1.4,-123.3
56.287310,36.706130,226.0,3.10,20,10.4,58.7,8.5,1.9,-84.6
56.287420,36.705980,226.0,0.00,20,10.2,63,8.1,2.1,-109.1
56.291720,36.699380,209.0,-2.71,20,10.5,66.2,9.0,1.6,-121.7
56.293690,36.696010,212.0,0.99,20,10.1,63,8.1,1.9,-109.1
56.295580,36.692230,197.0,-4.78,20,11.0,68,9.9,1.1,-132.0
56.296220,36.690890,189.0,-7.33,20,12.1,71.8,11.1,1.0,-145.3
56.297790,36.686830,199.0,3.28,25,10.1,66.8,8.7,1.4,-84.0
56.298360,36.685110,194.0,-4.05,28,10.2,67.9,9.6,0.6,-116.9
56.299480,36.681740,187.0,-2.89,27,9.9,66.5,9.2,0.8,-112.8
56.301300,36.674930,184.0,-0.64,24,9.9,63,8.3,1.6,-103.7
56.302160,36.671600,181.0,-1.32,23,10.0,64.6,8.5,1.6,-111.3
56.302480,36.670420,183.0,2.47,24,10.0,59.599999999999994,8.6,1.4,-89.8
56.302700,36.669650,183.0,0.00,22,10.0,63,8.2,1.7,-106.5
56.303280,36.667880,181.0,-1.58,20,10.3,64.9,8.6,1.8,-116.5
56.304630,36.664150,168.0,-4.73,22,10.9,68.7,9.9,1.0,-129.4
56.306080,36.660470,167.0,-0.36,20,10.2,63.7,8.4,1.8,-109.1
56.307810,36.656820,163.0,-1.35,0,12.2,64.6,8.6,3.6,-127.5
56.309140,36.654360,163.0,0.00,39,8.8,63,8.4,0.4,-74.8
56.309570,36.653590,160.0,-4.45,44,9.8,68,9.8,-0.0,-83.4
56.309770,36.653250,160.0,0.00,43,8.6,63,8.4,0.3,-64.8
56.311380,36.650530,162.0,0.82,47,8.6,63,8.4,0.2,-53.8
56.313030,36.648250,175.0,5.62,50,10.1,58,10.0,0.1,-21.5
56.315080,36.645660,177.0,0.72,49,8.5,63,8.3,0.2,-47.9
56.317290,36.643280,178.0,0.35,52,8.4,65,8.3,0.1,-46.5
56.319280,36.641300,174.0,-1.58,53,8.6,66.9,8.6,-0.0,-50.9
56.320610,36.640200,174.0,0.00,50,8.4,65,8.3,0.1,-52.7
56.322160,36.639020,176.0,1.07,49,8.6,63.4,8.3,0.2,-49.5
56.323790,36.637830,169.0,-3.58,49,9.2,67.3,9.4,-0.2,-65.0
56.324390,36.637400,170.0,1.39,51,8.6,62.9,8.4,0.2,-41.4
56.325680,36.636460,173.0,1.94,49,8.7,62.1,8.5,0.2,-44.5
56.327070,36.635450,173.0,0.00,53,8.4,65,8.3,0.1,-43.3
56.338960,36.626770,167.0,-0.42,50,8.4,65,8.4,0.0,-52.7
56.339130,36.626640,167.0,0.00,50,8.4,65,8.4,0.1,-52.7
56.349090,36.619260,162.0,-0.42,45,8.6,63,8.4,0.2,-59.4
56.349620,36.618850,162.0,0.00,41,8.7,63,8.4,0.3,-69.9
56.350650,36.617860,155.0,-5.39,38,10.4,68,10.1,0.2,-103.5
56.351700,36.616800,155.0,0.00,0,12.2,63,8.4,3.8,-121.3
56.352780,36.615560,160.0,3.51,50,9.1,59.7,9.0,0.1,-32.5
56.359920,36.606810,160.0,0.00,54,8.4,64.7,8.4,-0.0,-40.0
56.363080,36.602940,148.0,-2.83,57,9.0,68.4,9.2,-0.2,-43.7
56.363460,36.602480,148.0,0.00,54,8.4,65,8.4,-0.1,-40.0
56.369680,36.594610,151.0,0.36,51,8.4,65,8.4,0.0,-49.6
56.376900,36.585860,152.0,0.10,49,8.5,63,8.4,0.1,-47.9
56.377010,36.585720,152.0,0.00,54,8.4,65,8.5,-0.1,-40.0
56.378600,36.583800,148.0,-1.88,49,8.6,65.3,8.8,-0.2,-56.9
56.381570,36.580300,143.0,-1.27,45,8.6,64.5,8.6,-0.1,-65.2
56.385580,36.575940,143.0,0.00,50,8.5,65,8.4,0.0,-52.7
56.389220,36.572570,138.0,-1.10,46,8.5,64.3,8.6,-0.1,-61.7
56.391660,36.570420,140.0,0.66,45,8.6,63,8.4,0.2,-59.4
56.392610,36.569630,142.0,1.72,41,8.8,60.4,8.6,0.2,-60.1
56.398950,36.564930,138.0,-0.52,36,8.8,63,8.4,0.4,-81.7
56.399620,36.564500,140.0,2.53,33,9.4,59.2,8.8,0.7,-73.8
56.400130,36.564190,141.0,1.67,28,9.6,60.5,8.6,1.0,-87.9
56.401890,36.563130,141.0,0.00,32,9.1,63,8.4,0.7,-90.0
56.403890,36.561980,142.0,0.43,31,9.2,63,8.4,0.8,-91.9
56.411130,36.557800,155.0,1.54,29,9.5,60.7,8.5,1.0,-86.9
56.413000,36.556680,154.0,-0.46,30,9.3,63,8.4,0.8,-93.8
56.425660,36.549370,150.0,-0.27,32,9.1,63,8.4,0.7,-90.0
56.426170,36.549080,150.0,0.00,37,8.8,63,8.4,0.4,-79.4
56.426530,36.548880,150.0,0.00,39,8.7,63,8.4,0.3,-74.8
56.426860,36.548710,150.0,0.00,34,9.0,63,8.4,0.6,-86.0
56.429580,36.547260,138.0,-3.81,39,9.6,67.6,9.5,0.1,-93.2
56.432140,36.545970,139.0,0.34,43,8.7,63,8.4,0.3,-64.8
56.432350,36.545870,139.0,0.00,45,8.6,63,8.4,0.2,-59.4
56.432670,36.545660,140.0,2.64,40,9.1,59.0,8.8,0.3,-57.5
56.433330,36.545380,140.0,0.00,45,8.6,63,8.4,0.2,-59.4
56.436200,36.544210,143.0,0.92,49,8.5,63,8.4,0.1,-47.9
56.437350,36.543830,143.0,0.00,50,8.5,65,8.4,0.0,-52.7
56.438110,36.543550,157.0,16.23,55,17.6,60,17.7,-0.0,16.0
56.438620,36.543370,157.0,0.00,51,8.4,65,8.4,-0.0,-49.6
56.440860,36.542700,161.0,1.58,48,8.6,62.6,8.5,0.1,-49.3
56.441700,36.542470,158.0,-3.18,43,9.2,66.8,9.3,-0.1,-79.8
56.445770,36.541650,159.0,0.22,16,10.6,63,8.4,2.2,-113.5
56.448750,36.541170,163.0,1.20,20,10.1,61.2,8.4,1.7,-102.2
56.451250,36.540940,161.0,-0.72,20,10.2,63,8.4,1.8,-109.1
56.453880,36.540850,160.0,-0.34,21,10.1,63,8.4,1.7,-107.8
56.460190,36.540960,145.0,-2.14,25,9.9,65.6,8.9,1.1,-112.4
56.460640,36.540960,142.0,-6.00,25,11.2,70.2,10.4,0.8,-131.5
56.461050,36.540970,142.0,0.00,27,9.5,65.2,8.4,1.1,-99.0
56.462300,36.540980,142.0,0.00,28,9.4,63,8.4,1.0,-97.3
56.463460,36.541000,143.0,0.78,32,9.2,63,8.4,0.8,-90.0
56.464790,36.541010,142.0,-0.68,32,9.1,63,8.4,0.7,-90.0
56.468720,36.540920,144.0,0.46,28,9.4,63,8.4,1.0,-97.3
56.470900,36.540730,145.0,0.41,29,9.3,63,8.4,0.9,-95.6
56.471590,36.540630,145.0,0.00,30,9.2,63,8.4,0.8,-93.8
56.474160,36.540080,150.0,1.74,33,9.2,60.4,8.6,0.7,-78.2
56.478000,36.538990,147.0,-0.69,37,8.7,63,8.5,0.3,-79.4
56.481860,36.537420,148.0,0.23,37,8.8,63,8.4,0.4,-79.4
56.486110,36.535260,152.0,0.81,32,9.1,63,8.4,0.7,-90.0
56.489120,36.533480,149.0,-0.85,28,9.5,63,8.5,1.0,-97.3
56.493650,36.530190,138.0,-2.03,0,12.3,65.4,8.9,3.4,-130.7
56.494110,36.529810,134.0,-7.12,46,11.2,70.4,11.0,0.2,-91.6
56.497530,36.526670,138.0,0.94,51,8.5,65.4,8.4,0.0,-49.6
56.498750,36.525480,138.0,0.00,55,8.4,65,8.4,-0.0,-36.7
56.501350,36.522700,141.0,0.89,59,8.4,65,8.4,-0.0,-22.7
56.503520,36.520080,147.0,2.07,60,8.6,61.9,8.7,-0.0,-7.1
56.510930,36.511120,144.0,-0.30,60,8.4,65,8.4,-0.1,-19.1
56.513940,36.507950,139.0,-1.29,65,8.6,66.5,8.7,-0.0,-6.0
56.517120,36.505200,138.0,-0.26,67,8.5,65,8.4,0.0,8.1
56.520350,36.502910,141.0,0.78,71,8.6,65,8.4,0.2,24.9
56.523060,36.501350,140.0,-0.32,54,8.4,65,8.4,-0.1,-40.0
56.523190,36.501280,140.0,0.00,49,8.5,63,8.4,0.1,-47.9
56.527620,36.499230,140.0,0.00,52,8.4,65,8.4,-0.0,-46.5
56.535510,36.495580,144.0,0.44,57,8.4,65,8.4,-0.0,-29.8
56.535960,36.495380,144.0,0.00,58,8.3,65,8.4,-0.1,-26.3
56.544170,36.491880,142.0,-0.21,54,8.4,65,8.4,-0.1,-40.0
56.547490,36.490230,143.0,0.26,54,8.4,65,8.4,-0.0,-40.0
56.555220,36.486380,140.0,-0.34,56,8.3,65,8.4,-0.1,-33.3
56.566210,36.480360,143.0,0.24,60,8.3,65,8.4,-0.1,-19.1
56.567980,36.479390,158.0,7.30,62,11.1,60,11.1,0.0,28.0
56.570220,36.478250,149.0,-3.48,57,9.1,65,9.3,-0.2,-47.0
56.572330,36.477160,152.0,1.23,61,8.5,63.2,8.5,-0.0,-8.3
56.576610,36.474960,151.0,-0.20,60,8.4,65,8.5,-0.1,-19.1
56.582280,36.471600,141.0,-1.51,56,8.6,66.8,8.7,-0.2,-40.5
56.584330,36.470270,136.0,-2.07,60,8.8,67.5,8.9,-0.1,-29.2
56.589810,36.466320,123.0,-1.98,63,8.8,67.4,8.9,-0.1,-17.5
56.592330,36.464570,122.0,-0.33,61,8.3,65,8.4,-0.1,-15.4
56.601920,36.457710,120.0,-0.17,61,8.3,65,8.4,-0.1,-15.4
56.604550,36.455840,120.0,0.00,64,8.3,65,8.4,-0.0,-3.9
56.607230,36.453920,121.0,0.31,60,8.3,65,8.3,-0.0,-19.1
56.612540,36.450100,132.0,1.73,57,8.6,62.4,8.6,-0.0,-19.7
56.614760,36.448450,125.0,-2.62,55,8.9,67.4,9.1,-0.2,-49.3
56.615920,36.447550,125.0,0.00,51,8.4,65,8.4,0.1,-49.6
56.617220,36.446310,126.0,0.61,54,8.4,65,8.4,0.0,-40.0
56.618520,36.445030,128.0,1.22,54,8.5,63.2,8.5,0.0,-32.9
56.619800,36.443440,130.0,1.16,52,8.5,63.3,8.5,0.0,-39.8
56.621380,36.441250,135.0,2.26,57,8.7,61.6,8.7,-0.0,-16.7
56.623020,36.438760,135.0,0.00,61,8.3,65,8.4,-0.1,-15.4
56.625110,36.434680,136.0,0.29,56,8.3,65,8.4,-0.0,-33.3
56.634410,36.414470,141.0,0.31,60,8.3,65,8.4,-0.1,-19.1
56.639390,36.403710,133.0,-0.93,63,8.5,65,8.5,-0.0,-7.8
56.649820,36.383750,125.0,-0.48,67,8.5,65,8.4,0.1,8.1
56.650130,36.383160,125.0,0.00,64,8.3,65,8.4,-0.0,-3.9
56.652900,36.377270,125.0,0.00,69,8.5,65,8.4,0.1,16.4
56.659930,36.357330,126.0,0.07,69,8.4,65,8.4,0.1,16.4
56.662640,36.350630,139.0,2.56,67,8.8,61.2,8.8,0.0,22.7
56.663750,36.348460,134.0,-2.76,68,9.1,66.2,9.1,0.0,-1.2
56.663890,36.348210,134.0,0.00,67,8.4,65,8.4,0.0,8.1
56.664210,36.347610,128.0,-11.74,64,14.0,70,14.1,-0.1,-46.7
56.665630,36.344930,124.0,-1.76,69,8.8,67.1,8.8,0.0,7.9
56.666440,36.343500,125.0,0.80,67,8.4,65,8.4,0.0,8.1
56.667520,36.341710,126.0,0.62,68,8.4,65,8.4,0.1,12.2
56.669270,36.338830,126.0,0.00,71,8.5,65,8.4,0.1,24.9
56.672430,36.333580,127.0,0.21,75,8.6,65,8.4,0.3,42.8
56.673760,36.331340,125.0,-0.99,36,8.8,63,8.5,0.3,-81.7
56.674130,36.330700,125.0,0.00,35,8.9,63,8.3,0.6,-83.8
56.675080,36.328980,128.0,2.01,40,8.9,60.0,8.7,0.3,-61.1
56.676100,36.326970,135.0,4.19,43,9.5,56.7,9.3,0.2,-41.7
56.676710,36.325740,135.0,0.00,45,8.6,61.7,8.3,0.2,-59.4
56.677490,36.324050,135.0,0.00,48,8.5,63,8.4,0.1,-50.9
56.678320,36.322160,132.0,-2.03,50,8.6,65.4,8.9,-0.2,-54.3
56.681530,36.314500,145.0,2.21,49,8.8,61.7,8.7,0.1,-43.0
56.684410,36.307680,142.0,-0.57,45,8.5,63,8.4,0.1,-59.4
56.686920,36.301630,145.0,0.65,41,8.7,63,8.4,0.3,-69.9
56.688360,36.298200,145.0,0.00,45,8.5,63,8.4,0.2,-59.4
56.688490,36.297890,145.0,0.00,46,8.5,63,8.4,0.1,-56.6
56.689540,36.295380,142.0,-1.56,19,10.4,64.9,8.7,1.7,-117.7
56.692670,36.288330,134.0,-1.45,22,10.1,64.7,8.7,1.4,-113.1
56.695100,36.283040,142.0,1.90,20,10.2,60.2,8.6,1.6,-98.5
56.702030,36.267990,130.0,-1.00,24,9.9,64.2,8.5,1.3,-108.3
56.704130,36.263620,134.0,1.13,27,9.6,61.3,8.4,1.1,-92.5
56.705230,36.261690,135.0,0.59,24,9.8,63,8.4,1.4,-103.7
56.706520,36.259700,140.0,2.66,20,10.3,59.0,8.8,1.5,-94.1
56.708580,36.256980,145.0,1.77,20,10.1,60.3,8.6,1.6,-98.9
56.710100,36.255280,146.0,0.50,20,10.2,63,8.4,1.8,-109.1
56.710570,36.254800,149.0,5.01,20,11.1,58,9.7,1.4,-81.9
56.711190,36.254200,149.0,0.00,22,10.0,63,8.4,1.6,-106.5
56.712600,36.252990,149.0,0.00,25,9.7,63,8.4,1.3,-102.2
56.715870,36.250810,154.0,1.29,30,9.3,61.1,8.5,0.8,-86.6
56.727320,36.243570,177.0,1.71,25,9.7,60.4,8.5,1.2,-92.4
56.733080,36.239920,182.0,0.74,25,9.6,63,8.3,1.3,-102.2
56.733720,36.239530,162.0,-26.65,22,24.7,68,25.5,-0.9,-148.0
56.736670,36.237670,158.0,-1.15,20,10.3,64.4,8.6,1.7,-114.5
56.739610,36.235830,158.0,0.00,20,10.2,63,8.4,1.8,-109.1
56.742680,36.233900,158.0,0.00,20,10.2,63,8.4,1.8,-109.1
56.743400,36.233460,158.0,0.00,21,10.1,63,8.4,1.7,-107.8
56.746230,36.231640,155.0,-0.90,20,10.2,63,8.5,1.8,-109.1
56.747650,36.230490,155.0,0.00,20,10.2,63,8.4,1.8,-109.1
56.750180,36.228150,157.0,0.63,20,10.1,63,8.4,1.7,-109.1
56.752690,36.225130,158.0,0.30,20,10.2,63,8.4,1.7,-109.1
56.755260,36.221150,158.0,0.00,20,10.2,63,8.4,1.8,-109.1
56.756910,36.217330,151.0,-2.36,24,10.1,65.8,8.9,1.2,-114.7
56.759980,36.210760,157.0,1.14,20,10.1,61.3,8.5,1.7,-102.6
56.764350,36.201200,131.0,-3.43,25,10.3,66.3,9.3,1.0,-118.5
56.764390,36.201130,131.0,0.00,28,9.4,63,8.3,1.1,-97.3
56.765050,36.199670,128.0,-2.60,30,9.6,66.1,9.0,0.6,-106.0
56.765420,36.199070,128.0,0.00,0,12.2,63,8.3,3.9,-121.3
56.765460,36.199020,128.0,0.00,43,8.6,63,8.3,0.3,-64.8
56.766470,36.197380,127.0,-0.67,38,8.7,63,8.4,0.3,-77.2
56.767850,36.195620,127.0,0.00,42,8.6,63,8.3,0.3,-67.4
56.770210,36.193120,128.0,0.33,39,8.7,63,8.3,0.4,-74.8
56.770650,36.192780,128.0,0.00,44,8.6,63,8.3,0.2,-62.1
56.771040,36.192490,125.0,-6.41,40,10.8,68,10.6,0.2,-103.8
56.771490,36.192150,125.0,0.00,39,8.7,63,8.3,0.4,-74.8
56.773090,36.190960,134.0,4.68,43,9.7,58.0,9.6,0.1,-46.3
56.775120,36.189730,147.0,5.47,42,10.1,56.8,10.0,0.2,-44.7
56.777400,36.188870,143.0,-1.55,41,8.6,61.8,8.6,-0.0,-77.3
56.777490,36.188830,143.0,0.00,16,10.6,63,8.4,2.2,-113.5
56.778030,36.188620,143.0,0.00,20,10.2,63,8.4,1.8,-109.1
56.778130,36.188590,143.0,0.00,24,9.8,63,8.4,1.4,-103.7
56.780710,36.188330,127.0,-5.57,29,10.8,68,10.2,0.6,-122.7
56.782440,36.188460,142.0,7.79,31,12.2,63,11.4,0.8,-51.0
56.783880,36.188760,126.0,-9.93,36,12.9,68,12.7,0.1,-123.2
56.785610,36.189210,128.0,1.03,40,8.7,63,8.4,0.3,-66.7
56.786400,36.189720,128.0,0.00,42,8.6,63,8.3,0.3,-67.4
56.786990,36.190130,128.0,0.00,44,8.6,63,8.3,0.2,-62.1
56.787080,36.190190,128.0,0.00,46,8.5,63,8.3,0.2,-56.6
56.787730,36.190640,128.0,0.00,43,8.6,63,8.3,0.3,-64.8
56.787830,36.190710,128.0,0.00,39,8.7,63,8.3,0.4,-74.8
56.790610,36.192630,124.0,-1.21,42,8.6,64.5,8.6,-0.0,-73.2
56.795070,36.195720,126.0,0.38,39,8.7,63,8.3,0.4,-74.8
56.798510,36.198100,137.0,2.69,40,9.1,59.0,8.8,0.3,-57.5
56.798720,36.198250,137.0,0.00,39,8.7,63,8.4,0.3,-74.8
56.798900,36.198370,137.0,0.00,35,8.9,63,8.4,0.5,-83.8
56.803120,36.199840,141.0,0.84,39,8.7,63,8.4,0.3,-74.8
56.805660,36.200160,144.0,1.06,42,8.7,61.4,8.4,0.2,-61.3
56.808220,36.200200,138.0,-2.11,43,8.7,65.5,8.8,-0.1,-74.6
56.814960,36.197430,130.0,-1.04,40,8.6,64.2,8.5,0.1,-77.1
56.818560,36.194830,129.0,-0.23,39,8.7,63,8.3,0.3,-74.8
56.823060,36.190020,132.0,0.52,42,8.6,63,8.3,0.3,-67.4
56.826660,36.185650,131.0,-0.21,47,8.5,63,8.3,0.1,-53.8
56.827690,36.184400,136.0,3.64,48,9.2,59.5,9.1,0.1,-37.8
56.828050,36.184010,136.0,0.00,48,8.5,63,8.3,0.1,-50.9
56.830960,36.180940,133.0,-0.80,53,8.4,65,8.5,-0.1,-43.3
56.831410,36.180470,142.0,15.62,50,17.1,60,17.1,-0.1,0.0
56.831870,36.179980,142.0,0.00,52,8.4,65,8.4,-0.0,-46.5
56.832840,36.178800,142.0,0.00,52,8.4,65,8.4,-0.0,-46.5
56.842600,36.166550,135.0,-0.53,53,8.4,65,8.4,-0.1,-43.3
56.845340,36.163110,136.0,0.27,52,8.4,65,8.4,-0.0,-46.5
56.852990,36.153420,142.0,0.58,48,8.5,63,8.4,0.1,-50.9
56.879890,36.127110,151.0,0.27,49,8.4,63,8.4,0.0,-47.9
56.892280,36.117040,131.0,-1.33,47,8.5,64.6,8.6,-0.2,-60.0
56.894460,36.115260,131.0,0.00,46,8.5,63,8.3,0.2,-56.6
56.894800,36.114990,131.0,0.00,49,8.4,63,8.3,0.1,-47.9
56.914120,36.099020,152.0,0.89,44,8.6,63,8.4,0.2,-62.1
56.917500,36.095260,149.0,-0.68,49,8.4,63,8.4,-0.0,-47.9
56.920050,36.091630,148.0,-0.28,53,8.3,65,8.4,-0.1,-43.3
56.922770,36.086790,150.0,0.47,53,8.4,65,8.4,-0.0,-43.3
56.924980,36.081220,146.0,-0.96,50,8.4,65,8.5,-0.1,-52.7
56.926590,36.076090,146.0,0.00,51,8.4,65,8.4,-0.0,-49.6
56.927070,36.074000,150.0,2.91,52,8.9,60.6,8.9,0.0,-29.6
56.928160,36.068290,141.0,-2.45,55,8.8,65.6,8.9,-0.2,-48.4
56.929110,36.061130,143.0,0.45,59,8.4,65,8.4,-0.0,-22.7
56.933720,36.024740,148.0,0.22,64,8.4,65,8.4,-0.0,-3.9
56.934560,36.018070,152.0,0.96,61,8.4,65,8.4,-0.0,-15.4
56.935710,36.008050,146.0,-0.97,58,8.4,65,8.5,-0.1,-26.3
56.936020,36.005120,141.0,-2.76,62,9.0,68.3,9.1,-0.1,-25.1
56.936350,36.002290,150.0,5.13,67,9.8,63.3,9.7,0.0,36.8
56.936490,36.000770,150.0,0.00,34,8.9,63,8.4,0.6,-86.0
56.936610,35.999440,149.0,-1.22,37,8.8,64.5,8.6,0.2,-85.3
56.937020,35.994980,149.0,0.00,40,8.6,63,8.4,0.3,-72.4
56.937550,35.988710,154.0,1.30,40,8.7,61.1,8.5,0.2,-65.2
56.938020,35.982370,151.0,-0.77,36,8.8,63,8.4,0.4,-81.7
56.939290,35.958430,148.0,-0.21,36,8.8,63,8.4,0.4,-81.7
56.939810,35.944460,151.0,0.35,33,9.0,63,8.4,0.6,-88.0
56.939880,35.941360,150.0,-0.53,38,8.7,63,8.4,0.3,-77.2
56.939920,35.937120,148.0,-0.78,36,8.8,63,8.4,0.4,-81.7
56.939920,35.935170,143.0,-4.23,32,10.0,68,9.6,0.4,-110.4
56.939910,35.934460,143.0,0.00,29,9.3,63,8.4,0.9,-95.6
56.939940,35.928140,140.0,-0.78,30,9.3,63,8.4,0.9,-93.8
56.939930,35.922940,140.0,0.00,35,8.9,63,8.4,0.5,-83.8
56.939880,35.917560,137.0,-0.92,30,9.3,63,8.5,0.9,-93.8
56.939830,35.915190,137.0,0.00,34,8.9,63,8.3,0.6,-86.0
56.939780,35.911980,138.0,0.51,37,8.8,63,8.4,0.4,-79.4
56.939700,35.908810,141.0,1.56,40,8.7,60.7,8.5,0.2,-63.7
56.939650,35.907130,142.0,0.98,36,8.9,63,8.4,0.4,-81.7
56.939560,35.904220,138.0,-2.26,40,8.9,65.7,8.9,0.0,-83.0
56.939520,35.902670,134.0,-4.25,42,9.7,68.1,9.6,0.1,-87.8
56.939500,35.902010,128.0,-14.96,37,16.2,73,16.7,-0.4,-121.0
56.939440,35.901180,128.0,0.00,32,9.0,68,8.4,0.6,-90.0
56.939390,35.900190,128.0,0.00,31,9.1,63,8.3,0.8,-91.9
56.939240,35.896540,126.0,-0.90,33,9.1,63,8.5,0.6,-88.0
56.939200,35.895480,127.0,1.55,36,9.0,60.7,8.5,0.4,-73.0
56.938980,35.891070,128.0,0.37,32,9.1,63,8.3,0.7,-90.0
56.938740,35.886660,130.0,0.74,27,9.5,63,8.4,1.1,-99.0
56.938690,35.885790,130.0,0.00,26,9.6,63,8.3,1.3,-100.6
56.938220,35.877550,141.0,2.19,0,12.3,59.7,8.7,3.6,-108.9
56.937920,35.873260,146.0,1.91,31,9.3,60.1,8.6,0.7,-81.0
56.937220,35.864010,152.0,1.06,31,9.2,61.4,8.4,0.7,-85.8
56.936640,35.857330,139.0,-3.17,27,10.0,66.4,9.2,0.9,-114.1
56.936110,35.850510,141.0,0.48,25,9.7,63,8.4,1.3,-102.2
56.936080,35.850110,141.0,0.00,30,9.2,63,8.4,0.9,-93.8
56.935350,35.840570,149.0,1.37,35,9.0,60.9,8.5,0.5,-75.9
56.934570,35.830740,142.0,-1.16,39,8.7,64.4,8.6,0.1,-80.2
56.934320,35.827600,140.0,-1.04,40,8.6,64.2,8.5,0.1,-77.1
56.934200,35.826050,141.0,1.05,35,8.9,61.4,8.4,0.5,-77.8
56.934090,35.824460,151.0,10.28,30,13.9,56.4,13.2,0.7,-42.9
56.933580,35.818180,139.0,-3.12,25,10.2,61.4,9.0,1.1,-116.8
56.933100,35.811870,154.0,3.88,26,10.2,57.2,9.1,1.1,-79.3
56.932970,35.810310,153.0,-1.04,22,10.1,62.2,8.5,1.6,-111.5
56.932820,35.808750,153.0,0.00,26,9.6,63,8.4,1.2,-100.6
56.932650,35.807250,148.0,-5.38,25,10.9,68,10.0,0.9,-128.5
56.932440,35.805760,148.0,0.00,23,9.9,63,8.4,1.5,-105.1
56.932180,35.804100,150.0,1.91,25,9.7,60.1,8.6,1.1,-91.3
56.931900,35.802460,150.0,0.00,21,10.1,63,8.4,1.7,-107.8
56.931570,35.800760,150.0,0.00,25,9.7,63,8.4,1.3,-102.2
56.931200,35.799070,156.0,5.43,20,11.2,58,9.9,1.4,-79.9
56.931000,35.798250,156.0,0.00,21,10.1,63,8.4,1.7,-107.8
56.930810,35.797450,153.0,-5.67,20,11.3,68,10.2,1.2,-136.6
56.930600,35.796650,153.0,0.00,21,10.1,63,8.4,1.7,-107.8
56.930380,35.795860,153.0,0.00,22,10.0,63,8.4,1.6,-106.5
56.925670,35.778800,137.0,-1.38,26,9.7,64.7,8.6,1.1,-107.3
56.924180,35.773370,143.0,1.63,27,9.6,60.6,8.6,1.0,-89.9
56.922940,35.768870,154.0,3.60,27,10.1,57.6,9.0,1.0,-79.1
56.922690,35.767970,158.0,6.53,25,11.5,53.2,10.6,0.9,-67.4
56.922450,35.767050,158.0,0.00,26,9.6,58.2,8.3,1.3,-100.6
56.922220,35.766140,149.0,-14.79,31,16.2,63.2,16.3,-0.2,-133.5
56.921990,35.765200,149.0,0.00,27,9.5,63,8.4,1.1,-99.0
56.921810,35.764420,158.0,17.51,30,18.9,58,18.5,0.4,-42.9
56.921490,35.762940,158.0,0.00,31,9.2,63,8.4,0.7,-91.9
56.921180,35.761480,161.0,3.16,36,9.3,58.3,8.9,0.4,-64.3
56.920980,35.760450,161.0,0.00,35,8.9,63,8.4,0.5,-83.8
56.920810,35.759500,156.0,-8.24,36,11.9,68,11.7,0.3,-122.8
56.920530,35.757890,157.0,0.98,34,9.0,63,8.4,0.5,-86.0
56.920480,35.757560,157.0,0.00,39,8.6,63,8.4,0.2,-74.8
56.920410,35.757080,157.0,0.00,35,8.9,63,8.4,0.5,-83.8
56.920270,35.756210,149.0,-14.53,36,16.0,68,16.3,-0.3,-123.2
56.920070,35.754820,149.0,0.00,39,8.6,63,8.4,0.3,-74.8
56.919890,35.753380,156.0,7.81,44,11.6,58,11.4,0.2,-27.6
56.919720,35.751880,159.0,3.23,39,9.2,58.2,8.9,0.3,-57.0
56.919570,35.750370,159.0,0.00,38,8.7,63,8.4,0.3,-77.2
56.919440,35.748950,159.0,0.00,41,8.6,63,8.4,0.2,-69.9
56.919330,35.747510,159.0,0.00,39,8.6,63,8.4,0.2,-74.8
56.919220,35.745770,157.0,-1.88,42,8.7,65.3,8.7,-0.1,-76.4
56.919140,35.744020,157.0,0.00,25,9.7,63,8.4,1.3,-102.2
56.919100,35.743100,157.0,0.00,26,9.6,63,8.4,1.2,-100.6
56.919070,35.742150,157.0,0.00,30,9.2,63,8.4,0.8,-93.8
56.919040,35.740260,160.0,2.61,28,9.6,59.1,8.8,0.9,-82.8
56.919030,35.739130,160.0,0.00,24,9.8,63,8.4,1.4,-103.7
56.919040,35.737990,160.0,0.00,28,9.4,63,8.4,1.0,-97.3
56.919050,35.736860,159.0,-1.46,27,9.7,64.7,8.6,1.1,-105.6
56.919080,35.735740,159.0,0.00,25,9.7,63,8.4,1.3,-102.2
56.919110,35.734660,157.0,-3.05,30,9.8,66.7,9.1,0.6,-108.4
56.919160,35.733560,157.0,0.00,30,9.2,63,8.4,0.8,-93.8
56.919210,35.732460,161.0,5.97,26,11.1,58,10.2,1.0,-68.4
56.919280,35.731360,161.0,0.00,27,9.5,63,8.4,1.1,-99.0
56.919420,35.729450,164.0,2.56,27,9.7,59.2,8.8,0.9,-84.8
56.919590,35.727550,162.0,-1.71,32,9.3,64.2,8.7,0.6,-98.2
56.920230,35.721410,146.0,-4.22,29,10.2,68.1,9.6,0.6,-116.0
56.921840,35.706470,153.0,0.76,27,9.5,63.099999999999994,8.4,1.0,-99.0
56.922640,35.698910,151.0,-0.43,28,9.5,63,8.4,1.1,-97.3
56.923500,35.690950,156.0,1.02,28,9.4,61.5,8.4,1.0,-91.6
56.925040,35.676420,150.0,-0.67,0,12.2,63,8.4,3.8,-121.3
56.925100,35.675780,150.0,0.00,47,8.4,63,8.4,0.0,-53.8
56.926910,35.658850,144.0,-0.57,49,8.4,63,8.4,-0.0,-47.9
56.927990,35.648780,143.0,-0.16,49,8.4,63,8.4,0.0,-47.9
56.928030,35.648410,143.0,0.00,46,8.5,63,8.4,0.1,-56.6
56.928620,35.642750,144.0,0.29,41,8.6,63,8.4,0.2,-69.9
56.929160,35.637280,143.0,-0.30,39,8.6,63,8.4,0.2,-74.8
56.930870,35.616660,152.0,0.71,39,8.7,63,8.4,0.3,-74.8
56.930870,35.616600,152.0,0.00,38,8.7,63,8.4,0.3,-77.2
56.933520,35.584600,161.0,0.46,36,8.8,63,8.4,0.4,-81.7
56.934060,35.577790,161.0,0.00,31,9.2,63,8.4,0.8,-91.9
56.936510,35.546530,153.0,-0.42,27,9.6,63,8.4,1.1,-99.0
56.936610,35.545430,154.0,1.48,31,9.2,60.8,8.5,0.7,-83.6
56.937100,35.540270,155.0,0.31,36,8.8,63,8.4,0.4,-81.7
56.937850,35.535220,156.0,0.31,37,8.7,63,8.4,0.4,-79.4
56.938910,35.529920,149.0,-2.04,42,8.7,65.5,8.8,-0.0,-77.2
56.940100,35.524880,141.0,-2.40,47,8.7,65.9,8.9,-0.2,-65.2
56.941040,35.521930,131.0,-4.83,51,9.8,68.8,9.8,0.1,-65.2
56.941480,35.520540,129.0,-2.05,50,8.6,65.5,8.8,-0.2,-54.7
56.942350,35.517850,151.0,11.60,48,14.0,60.5,14.1,-0.1,-6.0
56.943200,35.515630,153.0,1.22,52,8.5,63.2,8.5,-0.0,-39.4
56.945800,35.510010,148.0,-1.12,53,8.3,66.3,8.6,-0.3,-48.5
56.947940,35.505920,150.0,0.58,29,9.3,63,8.4,0.9,-95.6
56.948200,35.505420,150.0,0.00,28,9.4,63,8.4,1.0,-97.3
56.951160,35.499970,151.0,0.21,28,9.4,63,8.4,1.0,-97.3
56.954850,35.493160,155.0,0.69,26,9.5,63,8.4,1.1,-100.6
56.956920,35.488830,146.0,-2.58,30,9.6,66.1,8.9,0.7,-106.0
56.957310,35.488000,146.0,0.00,26,9.6,63,8.4,1.2,-100.6
56.960090,35.482150,146.0,0.00,29,9.3,63,8.4,1.0,-95.6
56.960710,35.480790,159.0,12.10,29,15.1,58,14.5,0.6,-44.7
56.961170,35.479880,159.0,0.00,26,9.6,63,8.4,1.2,-100.6
56.964070,35.474160,159.0,0.00,28,9.4,63,8.4,1.0,-97.3
56.964170,35.473960,159.0,0.00,33,9.0,63,8.4,0.6,-88.0
56.964860,35.472560,160.0,0.87,30,9.2,63,8.4,0.8,-93.8
56.965570,35.471190,160.0,0.00,35,8.9,63,8.4,0.5,-83.8
56.966490,35.469300,166.0,3.91,32,9.9,58,9.1,0.8,-68.3
56.967420,35.467260,166.0,0.00,33,9.0,63,8.4,0.6,-88.0
56.968040,35.465790,169.0,2.66,30,9.5,59.0,8.8,0.7,-78.9
56.968630,35.464360,168.0,-0.92,10,11.2,63,8.5,2.7,-118.2
56.969000,35.463400,156.0,-16.84,0,18.2,68,18.0,0.2,-162.8
56.969370,35.462410,157.0,1.37,32,9.1,63,8.5,0.6,-82.0
56.970090,35.460420,157.0,0.00,30,9.2,63,8.4,0.8,-93.8
56.970450,35.459430,158.0,1.39,35,8.9,60.9,8.5,0.4,-75.9
56.970780,35.458440,158.0,0.00,34,8.9,63,8.4,0.5,-86.0
56.971120,35.457410,154.0,-5.48,29,10.7,68,10.1,0.7,-122.3
56.971440,35.456370,154.0,0.00,31,9.2,63,8.4,0.8,-91.9
56.972120,35.454160,151.0,-1.95,30,9.5,65.3,8.7,0.8,-102.8
56.973080,35.450990,141.0,-4.55,33,10.1,68.5,9.7,0.4,-110.1
56.974040,35.447830,141.0,0.00,29,9.3,63.5,8.4,1.0,-95.6
56.976440,35.439930,144.0,0.55,30,9.2,63,8.4,0.8,-93.8
56.979160,35.431070,154.0,1.62,27,9.5,60.6,8.5,1.0,-89.9
56.980400,35.427000,154.0,0.00,26,9.6,63,8.4,1.2,-100.6
56.983020,35.418650,156.0,0.34,25,9.7,63,8.4,1.3,-102.2
56.984940,35.412410,159.0,0.69,25,9.6,63,8.4,1.2,-102.2
56.990020,35.397120,157.0,-0.18,28,9.4,63,8.4,1.0,-97.3
56.994500,35.383610,157.0,0.00,28,9.4,63,8.4,1.0,-97.3
56.994570,35.383410,157.0,0.00,29,9.3,63,8.4,0.9,-95.6
56.996860,35.376450,161.0,0.81,27,9.4,63,8.4,1.0,-99.0
56.999380,35.368970,162.0,0.19,26,9.6,63,8.4,1.2,-100.6
57.003050,35.358120,167.0,0.65,28,9.4,63,8.4,0.9,-97.3
57.007080,35.345540,161.0,-0.68,23,9.9,63,8.4,1.5,-105.1
57.008230,35.341840,160.0,-0.39,23,9.9,63,8.4,1.5,-105.1
57.008610,35.340660,162.0,2.41,20,10.2,59.4,8.7,1.5,-95.6
57.014040,35.323040,160.0,-0.16,20,10.2,63,8.4,1.8,-109.1
57.017420,35.312120,170.0,1.32,20,10.1,61.0,8.5,1.6,-101.5
57.021790,35.298030,169.0,-0.10,24,9.8,63,8.4,1.4,-103.7
57.021860,35.297810,170.0,6.48,22,11.6,58,10.5,1.1,-72.0
57.023810,35.291460,168.0,-0.45,20,10.2,63,8.5,1.7,-109.1
57.032080,35.265410,178.0,0.55,20,10.1,63,8.4,1.7,-109.1
57.034120,35.259030,167.0,-2.46,22,10.3,65.9,8.9,1.4,-117.9
57.034190,35.258820,167.0,0.00,25,9.7,63,8.4,1.3,-102.2
57.040950,35.237620,156.0,-0.74,26,9.7,63,8.4,1.2,-100.6
57.041020,35.237380,155.0,-6.07,28,11.0,68,10.4,0.6,-127.1
57.046050,35.221620,155.0,0.00,30,9.2,63,8.4,0.9,-93.8
57.046720,35.219460,152.0,-1.99,32,9.3,65.4,8.7,0.6,-99.4
57.047410,35.216930,150.0,-1.17,30,9.4,64.4,8.6,0.8,-99.2
57.049270,35.209430,144.0,-1.20,25,9.8,64.4,8.6,1.3,-107.6
57.049560,35.208310,145.0,1.33,30,9.3,61.0,8.5,0.8,-86.2
57.050130,35.205970,147.0,1.29,26,9.6,61.1,8.5,1.1,-93.4
57.052690,35.195480,152.0,0.72,24,9.7,63,8.4,1.3,-103.7
57.052740,35.195240,152.0,0.00,23,9.9,63,8.4,1.5,-105.1
57.054790,35.187020,162.0,1.83,22,10.0,60.3,8.6,1.4,-96.3
57.054860,35.186750,162.0,0.00,26,9.6,63,8.4,1.2,-100.6
57.058660,35.171140,152.0,-0.97,24,9.9,63,8.5,1.4,-103.7
57.059300,35.168600,154.0,1.18,20,10.1,61.2,8.5,1.6,-102.2
57.060030,35.166140,156.0,1.18,20,10.1,61.2,8.5,1.6,-102.2
57.060730,35.164060,151.0,-3.38,22,10.5,66.2,9.2,1.3,-122.8
57.061060,35.163160,151.0,0.00,27,9.5,63,8.4,1.1,-99.0
57.061250,35.162680,151.0,0.00,31,9.2,63,8.4,0.8,-91.9
57.061570,35.161880,152.0,1.67,31,9.2,60.5,8.6,0.7,-82.5
57.061890,35.161060,152.0,0.00,26,9.6,63,8.4,1.2,-100.6
57.070310,35.140770,158.0,0.39,29,9.3,63,8.4,0.9,-95.6
57.073200,35.133770,168.0,1.88,32,9.2,60.2,8.6,0.6,-79.4
57.073640,35.132740,169.0,1.26,28,9.4,61.1,8.5,0.9,-90.1
57.080880,35.115250,165.0,-0.30,26,9.6,63,8.4,1.2,-100.6
57.080980,35.115010,165.0,0.00,28,9.4,63,8.4,1.0,-97.3
57.082720,35.110790,176.0,3.44,28,9.9,58,9.0,0.9,-78.1
57.083580,35.108820,174.0,-1.31,30,9.4,63,8.5,0.9,-100.0
57.084570,35.106770,169.0,-3.02,26,10.1,66.6,9.1,1.0,-114.9
57.085810,35.104580,164.0,-2.62,26,10.0,66.1,8.9,1.1,-112.8
57.089410,35.098570,178.0,2.59,30,9.5,61.099999999999994,8.8,0.7,-79.2
57.089650,35.098170,166.0,-33.33,30,29.7,66.1,30.6,-0.9,-135.3
57.101230,35.078810,177.0,0.63,28,9.4,63,8.4,1.0,-97.3
57.103000,35.075890,170.0,-2.65,24,10.2,66.2,8.9,1.2,-116.3
57.103130,35.075680,170.0,0.00,25,9.7,63,8.4,1.3,-102.2
57.107280,35.068730,171.0,0.16,20,10.1,63,8.4,1.7,-109.1
57.109220,35.065510,172.0,0.34,20,10.1,63,8.4,1.7,-109.1
57.116670,35.052950,174.0,0.18,23,9.9,63,8.4,1.4,-105.1
57.116780,35.052760,174.0,0.00,27,9.5,63,8.4,1.1,-99.0
57.118580,35.049580,174.0,0.00,26,9.6,63,8.4,1.2,-100.6
57.128830,35.031560,177.0,0.19,0,12.3,63,8.4,3.9,-121.3
57.128930,35.031370,177.0,0.00,42,8.5,63,8.4,0.1,-67.4
57.130850,35.027960,172.0,-1.69,43,8.6,65.0,8.7,-0.1,-72.6
57.131200,35.027340,172.0,0.00,45,8.4,63,8.4,-0.0,-59.4
57.140040,35.011750,182.0,0.73,21,10.0,63,8.4,1.6,-107.8
57.140160,35.011550,182.0,0.00,25,9.7,63,8.4,1.3,-102.2
57.140630,35.010770,182.0,0.00,23,9.9,63,8.4,1.5,-105.1
57.141530,35.009370,177.0,-3.82,27,10.2,67.6,9.4,0.8,-117.4
57.142590,35.007910,182.0,3.40,30,9.8,62.599999999999994,9.0,0.8,-74.9
57.143700,35.006500,182.0,0.00,34,9.0,63,8.4,0.6,-86.0
57.144810,35.005230,189.0,4.82,35,10.1,58,9.5,0.6,-57.7
57.145960,35.004080,184.0,-3.44,36,9.5,63,9.1,0.3,-98.0
57.147180,35.003020,184.0,0.00,40,8.6,63,8.4,0.2,-72.4
57.148380,35.002060,184.0,0.00,45,8.4,63,8.4,0.0,-59.4
57.150000,35.000960,193.0,4.69,48,9.4,58.0,9.4,0.0,-32.4
57.160730,34.994570,181.0,-0.96,51,8.3,63.0,8.5,-0.2,-49.6
57.171930,34.987830,173.0,-0.61,56,8.3,65,8.5,-0.2,-33.3
57.172100,34.987730,173.0,0.00,57,8.4,65,8.5,-0.1,-29.8
57.177010,34.984570,176.0,0.52,58,8.4,65,8.4,-0.0,-26.3
57.188850,34.976880,185.0,0.64,61,8.3,65,8.4,-0.0,-15.4
57.205010,34.966440,173.0,-0.63,61,8.4,65,8.5,-0.1,-15.4
57.205580,34.966010,173.0,0.00,66,8.5,65,8.5,0.0,4.0
57.206700,34.965090,179.0,4.40,68,9.5,60,9.3,0.1,37.1
57.206880,34.964920,179.0,0.00,73,8.6,65,8.4,0.2,33.7
57.208630,34.963190,192.0,5.89,48,10.1,60,10.0,0.1,-26.1
57.210320,34.961250,182.0,-4.52,47,9.8,65,9.6,0.2,-75.5
57.211390,34.959810,188.0,4.08,48,9.2,60,9.2,0.0,-35.6
57.212430,34.958290,186.0,-1.36,53,8.4,65,8.6,-0.2,-49.7
57.213450,34.956650,186.0,0.00,56,8.3,65,8.4,-0.1,-33.3
57.214400,34.954960,184.0,-1.36,58,8.4,66.6,8.6,-0.2,-32.7
57.215110,34.953570,185.0,0.87,62,8.4,65,8.4,-0.0,-11.6
57.215810,34.952100,185.0,0.00,59,8.3,65,8.4,-0.1,-22.7
57.217140,34.948910,187.0,0.83,55,8.4,65,8.4,0.1,-36.7
57.221420,34.937950,178.0,-1.11,54,8.3,66.3,8.6,-0.3,-45.2
57.225410,34.927740,163.0,-1.98,59,8.6,67.4,8.8,-0.2,-32.4
57.226690,34.924490,163.0,0.00,57,8.3,65,8.4,-0.1,-29.8
57.227310,34.922780,164.0,0.81,57,8.4,65,8.5,-0.0,-29.8
57.229720,34.916800,156.0,-1.78,61,8.6,67.1,8.7,-0.1,-23.9
57.230110,34.915850,155.0,-1.39,57,8.4,66.7,8.7,-0.2,-36.7
57.231590,34.912710,159.0,1.60,60,8.5,62.6,8.6,-0.0,-9.7
57.232540,34.910700,159.0,0.00,64,8.4,65,8.4,-0.0,-3.9
57.233260,34.909150,159.0,0.00,64,8.4,65,8.4,-0.0,-3.9
57.234110,34.907540,162.0,2.22,66,8.8,61.7,8.7,0.1,16.8
57.235050,34.905900,161.0,-0.70,66,8.5,65,8.5,0.0,4.0
57.236120,34.904020,161.0,0.00,66,8.5,65,8.4,0.0,4.0
57.238000,34.900950,167.0,2.15,65,8.7,61.8,8.7,0.0,12.4
57.239930,34.898130,169.0,0.73,61,8.4,65,8.4,-0.0,-15.4
57.240360,34.897570,167.0,-3.42,62,9.1,69.1,9.3,-0.2,-28.4
57.242120,34.895230,173.0,2.49,60,8.8,64.1,8.8,-0.0,-4.8
57.243670,34.893390,172.0,-0.49,58,8.4,65,8.5,-0.1,-26.3
57.245070,34.891790,175.0,1.64,54,8.6,62.5,8.6,0.0,-30.3
57.246620,34.890170,169.0,-3.03,56,8.9,67.5,9.1,-0.2,-48.0
57.249780,34.887180,162.0,-1.77,54,8.5,67.1,8.7,-0.3,-48.5
57.249900,34.887070,162.0,0.00,49,8.4,63,8.4,-0.0,-47.9
57.252660,34.884590,161.0,-0.29,54,8.3,65,8.5,-0.1,-40.0
57.255600,34.881950,162.0,0.28,57,8.4,65,8.4,-0.1,-29.8
57.258650,34.879220,161.0,-0.27,55,8.3,65,8.5,-0.1,-36.7
57.260100,34.877730,160.0,-0.54,58,8.3,65,8.5,-0.1,-26.3
57.261560,34.876090,166.0,3.16,62,9.0,60.3,8.9,0.0,6.4
57.262670,34.874650,168.0,1.33,59,8.5,63.0,8.5,-0.0,-14.9
57.263770,34.873210,168.0,0.00,54,8.4,65,8.5,-0.1,-40.0
57.264810,34.871690,158.0,-6.78,53,11.0,70,10.8,0.2,-68.6
57.266000,34.869840,159.0,0.58,48,8.4,65,8.4,0.0,-50.9
57.266100,34.869660,159.0,0.00,47,8.4,63,8.4,-0.0,-53.8
57.267600,34.867020,158.0,-0.43,50,8.3,65,8.5,-0.1,-52.7
57.268740,34.864820,160.0,1.09,45,8.6,61.4,8.5,0.1,-53.3
57.270130,34.861850,163.0,1.27,43,8.6,61.1,8.5,0.1,-57.6
57.271920,34.857290,166.0,0.89,48,8.5,63,8.5,0.0,-50.9
57.273090,34.853830,171.0,2.04,46,8.7,59.9,8.6,0.1,-45.0
57.273900,34.851140,170.0,-0.54,44,8.4,63,8.5,-0.0,-62.1
57.275020,34.846850,165.0,-1.75,39,8.8,65.1,8.7,0.1,-83.0
57.275330,34.845530,164.0,-1.16,41,8.6,64.4,8.6,-0.0,-75.4
57.275860,34.842910,163.0,-0.59,40,8.6,63,8.4,0.1,-72.4
57.276290,34.840690,164.0,0.71,42,8.5,63,8.4,0.1,-67.4
57.276500,34.839430,168.0,5.05,47,9.7,58,9.6,0.1,-33.2
57.277180,34.834800,172.0,1.39,52,8.5,62.9,8.5,-0.0,-38.3
57.277220,34.834550,172.0,0.00,48,8.4,63,8.4,-0.0,-50.9
57.279840,34.816780,158.0,-1.26,48,8.4,64.5,8.6,-0.2,-56.7
57.280380,34.813220,148.0,-4.50,43,9.8,68.4,9.6,0.2,-86.5
57.280690,34.811070,157.0,6.73,42,10.9,63.400000000000006,10.6,0.3,-38.2
57.280950,34.809240,162.0,4.40,41,9.6,58.400000000000006,9.3,0.2,-45.8
57.281240,34.807280,157.0,-4.09,36,9.8,63.400000000000006,9.4,0.4,-101.3
57.281620,34.805370,153.0,-3.27,39,9.3,66.9,9.1,0.2,-90.3
57.282000,34.803510,160.0,5.86,34,10.7,61.900000000000006,10.0,0.7,-54.4
57.282420,34.801670,166.0,5.00,31,10.4,56.900000000000006,9.6,0.8,-64.8
57.282870,34.799940,162.0,-3.47,31,9.8,61.900000000000006,9.1,0.8,-108.6
57.283690,34.797190,161.0,-0.53,32,9.1,63,8.4,0.7,-90.0
57.284590,34.794540,161.0,0.00,30,9.3,63,8.4,0.9,-93.8
57.285750,34.791680,163.0,0.93,2,12.1,63,8.5,3.6,-121.2
57.285910,34.791300,166.0,10.36,32,13.8,58,13.1,0.6,-39.1
57.286340,34.790350,166.0,0.00,27,9.5,63,8.4,1.1,-99.0
57.286510,34.789950,166.0,0.00,30,9.3,63,8.4,0.9,-93.8
57.287420,34.788050,169.0,1.97,31,9.3,60.1,8.6,0.6,-81.0
57.288300,34.786460,179.0,7.31,32,11.7,55.1,11.0,0.7,-51.3
57.289150,34.784990,180.0,0.77,33,9.0,60.1,8.4,0.6,-88.0
57.291500,34.781540,173.0,-2.10,38,8.9,65.1,8.7,0.2,-87.0
57.293490,34.779300,173.0,0.00,34,8.9,63,8.4,0.5,-86.0
57.295530,34.777280,171.0,-0.78,29,9.5,63,8.5,1.0,-95.6
57.310300,34.762490,168.0,-0.16,30,9.3,63,8.4,0.9,-93.8
57.314360,34.758420,163.0,-0.97,32,9.2,63,8.5,0.7,-90.0
57.317380,34.755400,162.0,-0.26,28,9.5,63,8.4,1.1,-97.3
57.319260,34.753550,155.0,-2.96,27,10.0,66.5,9.0,1.0,-112.8
57.322140,34.750520,168.0,3.53,31,9.8,61.5,9.0,0.7,-72.4
57.325100,34.747190,161.0,-1.82,33,9.2,65.2,8.7,0.6,-96.6
57.326400,34.745680,159.0,-1.17,35,9.0,64.4,8.6,0.4,-89.3
57.326550,34.745480,159.0,0.00,37,8.7,63,8.4,0.3,-79.4
57.327970,34.743680,168.0,4.70,15,11.3,58,9.5,1.8,-88.6
57.329450,34.741740,162.0,-2.98,20,10.5,63,8.9,1.6,-123.3
57.332280,34.737830,165.0,0.76,20,10.1,63,8.4,1.7,-109.1
57.333860,34.735480,159.0,-2.66,23,10.2,66.2,8.9,1.3,-117.7
57.335050,34.733660,161.0,1.17,23,9.8,61.3,8.5,1.3,-98.7
57.337360,34.729870,174.0,3.79,21,10.5,57.3,9.1,1.5,-86.8
57.337980,34.728820,171.0,-3.21,24,10.3,62.3,9.0,1.3,-119.2
57.338340,34.728160,171.0,0.00,29,9.4,63,8.4,0.9,-95.6
57.339190,34.726780,168.0,-2.39,25,10.0,65.9,8.8,1.2,-113.6
57.339980,34.725330,158.0,-8.09,29,12.0,70.9,11.6,0.4,-135.8
57.340980,34.723470,161.0,1.90,26,9.6,65.9,8.7,0.9,-89.7
57.341080,34.723290,161.0,0.00,29,9.3,63,8.4,1.0,-95.6
57.343860,34.717760,166.0,1.10,28,9.3,61.3,8.5,0.9,-90.9
57.346650,34.712180,171.0,1.10,33,9.0,61.4,8.5,0.5,-81.9
57.351730,34.701980,174.0,0.36,37,8.7,63,8.4,0.3,-79.4
57.354320,34.696750,171.0,-0.70,42,8.5,63,8.5,0.0,-67.4
57.355610,34.693970,176.0,2.27,46,8.7,59.6,8.7,0.0,-43.9
57.356840,34.691240,186.0,4.69,44,9.5,58.0,9.4,0.1,-43.6
57.357740,34.689110,192.0,3.70,17,10.9,57.5,9.1,1.8,-92.2
57.358550,34.687070,183.0,-5.92,21,11.4,62.5,10.4,1.0,-136.7
57.360210,34.682760,193.0,3.15,22,10.3,58.3,8.9,1.4,-89.1
57.361410,34.679390,190.0,-1.24,20,10.3,63.3,8.5,1.8,-114.9
57.362430,34.676320,200.0,4.62,23,10.7,58.3,9.4,1.3,-80.0
57.363500,34.672960,184.0,-6.84,23,11.7,63.3,10.9,0.8,-138.7
57.364500,34.669550,183.0,-0.43,22,10.0,63,8.5,1.6,-106.5
57.366410,34.662130,197.0,2.84,20,10.4,58.7,8.8,1.6,-93.1
57.366850,34.660250,207.0,8.14,20,12.7,53.7,11.5,1.2,-66.6
57.368000,34.654990,198.0,-2.64,22,10.4,58.7,8.7,1.6,-119.1
57.368780,34.650860,184.0,-5.34,20,11.2,63.7,10.1,1.2,-134.9
57.369530,34.646650,179.0,-1.88,20,10.4,65.3,8.7,1.7,-118.1
57.369650,34.645920,179.0,0.00,20,10.2,63,8.4,1.7,-109.1
57.370180,34.642190,182.0,1.30,21,10.0,61.1,8.5,1.6,-100.6
57.370710,34.638130,187.0,2.00,20,10.2,60.0,8.6,1.6,-97.8
57.371260,34.633390,190.0,1.03,25,9.6,61.5,8.4,1.2,-96.5
57.371790,34.628370,189.0,-0.33,24,9.9,63,8.4,1.4,-103.7
57.371820,34.628120,189.0,0.00,27,9.6,63,8.4,1.2,-99.0
57.372030,34.625670,187.0,-1.34,23,10.1,64.6,8.6,1.5,-111.3
57.372470,34.621340,195.0,3.03,20,10.4,59.599999999999994,8.8,1.6,-92.3
57.372740,34.618530,191.0,-2.34,22,10.3,64.6,8.8,1.5,-117.5
57.373270,34.613210,188.0,-0.92,26,9.8,63,8.5,1.3,-100.6
57.374410,34.601850,162.0,-3.75,21,10.7,67.5,9.3,1.4,-125.7
57.374590,34.600120,162.0,0.00,20,10.2,63,8.4,1.8,-109.1
57.375010,34.595680,170.0,2.96,23,10.1,58.6,8.9,1.3,-88.8
57.375040,34.595430,170.0,0.00,23,9.9,63,8.4,1.5,-105.1
57.375160,34.594120,170.0,0.00,20,10.1,63,8.4,1.7,-109.1
57.375620,34.590760,179.0,4.33,23,10.6,58,9.3,1.3,-81.4
57.376070,34.587660,181.0,1.04,22,9.9,61.4,8.5,1.5,-100.4
57.376850,34.583370,192.0,4.05,2,12.2,56.9,9.1,3.0,-98.8
57.378180,34.577810,192.0,0.00,40,8.6,61.9,8.4,0.2,-72.4
57.378750,34.575720,191.0,-0.71,38,8.7,63,8.5,0.2,-77.2
57.379310,34.573830,179.0,-9.28,34,12.6,68,12.5,0.1,-127.5
57.379960,34.571790,181.0,1.41,37,8.9,63,8.5,0.3,-71.5
57.380590,34.569920,175.0,-4.54,41,9.9,68,9.6,0.3,-91.6
57.381550,34.567300,180.0,2.63,45,8.8,63,8.8,0.0,-44.8
57.382580,34.564690,175.0,-2.58,9,11.5,66.1,8.9,2.6,-131.0
57.383620,34.562220,182.0,3.73,34,9.7,61.099999999999994,9.1,0.6,-65.4
57.384810,34.559730,179.0,-1.50,31,9.4,64.8,8.6,0.8,-98.9
57.386630,34.556290,180.0,0.35,0,12.3,63,8.4,3.9,-121.3
57.387920,34.554070,179.0,-0.51,35,8.9,63,8.5,0.4,-83.8
57.389350,34.551890,172.0,-3.40,38,9.4,67.1,9.2,0.3,-93.5
57.392570,34.547350,170.0,-0.44,42,8.5,63,8.4,0.0,-67.4
57.392850,34.546950,170.0,0.00,37,8.7,63,8.4,0.3,-79.4
57.398850,34.538630,174.0,0.48,42,8.5,63,8.4,0.1,-67.4
57.399760,34.537390,170.0,-3.19,37,9.4,66.8,9.1,0.3,-94.5
57.399870,34.537230,170.0,0.00,35,8.8,63,8.4,0.4,-83.8
57.401030,34.535620,173.0,1.86,31,9.2,60.2,8.6,0.6,-81.4
57.403870,34.531380,168.0,-1.23,29,9.5,64.5,8.6,0.9,-101.4
57.405550,34.528770,167.0,-0.41,25,9.8,63,8.4,1.3,-102.2
57.407160,34.526130,167.0,0.00,20,10.1,63,8.4,1.7,-109.1
57.411150,34.519090,174.0,1.14,20,10.1,61.3,8.5,1.6,-102.6
57.412110,34.517260,172.0,-1.31,0,12.3,64.6,8.6,3.7,-127.5
57.412200,34.517080,172.0,0.00,30,9.3,63,8.4,0.9,-93.8
57.413820,34.513960,170.0,-0.77,34,9.0,63,8.5,0.6,-86.0
57.415490,34.510610,173.0,1.10,38,8.8,61.4,8.5,0.3,-71.1
57.416340,34.508820,172.0,-0.70,39,8.6,63,8.5,0.1,-74.8
57.417060,34.507290,167.0,-4.11,42,9.6,67.9,9.4,0.2,-87.0
57.418030,34.505140,164.0,-1.79,44,8.6,65.1,8.7,-0.1,-70.3
57.418710,34.503620,163.0,-0.85,42,8.5,63,8.5,0.0,-67.4
57.420010,34.500600,166.0,1.30,44,8.6,61.1,8.5,0.1,-54.9
57.423520,34.491720,171.0,0.76,45,8.5,63,8.5,0.0,-59.4
57.426170,34.484330,177.0,1.13,46,8.5,61.3,8.5,0.0,-50.2
57.434290,34.461510,175.0,-0.12,46,8.4,63,8.4,-0.0,-56.6
57.434370,34.461300,175.0,0.00,46,8.4,63,8.4,-0.0,-56.6
57.440240,34.444680,181.0,0.50,51,8.4,65,8.5,-0.0,-49.6
57.440310,34.444480,181.0,0.00,52,8.4,65,8.5,-0.1,-46.5
57.442490,34.438320,174.0,-1.59,56,8.4,66.9,8.7,-0.3,-40.9
57.445980,34.428450,166.0,-1.13,53,8.3,66.4,8.6,-0.3,-48.9
57.446230,34.427700,166.0,0.00,58,8.4,65,8.4,-0.1,-26.3
57.449220,34.418720,167.0,0.16,59,8.4,65,8.4,-0.0,-22.7
57.451650,34.411290,173.0,1.15,59,8.5,63.3,8.5,-0.0,-16.1
57.454110,34.403860,179.0,1.15,60,8.5,63.3,8.5,-0.0,-12.4
57.454180,34.403650,181.0,13.53,65,15.5,58.3,15.4,0.1,43.3
57.463050,34.376740,180.0,-0.05,63,8.4,63.3,8.4,-0.0,-7.8
57.466210,34.367220,172.0,-1.20,58,8.4,66.4,8.6,-0.2,-31.9
57.466290,34.366980,172.0,0.00,56,8.4,65,8.4,-0.1,-33.3
57.470230,34.354980,179.0,0.83,59,8.5,65,8.5,-0.0,-22.7
57.472150,34.349230,188.0,2.22,56,8.7,61.7,8.7,-0.0,-20.5
57.473520,34.345370,183.0,-1.81,51,8.4,65.2,8.7,-0.2,-50.4
57.474930,34.341570,179.0,-1.45,47,8.4,64.7,8.6,-0.2,-60.4
57.476920,34.336630,185.0,1.63,47,8.6,60.6,8.5,0.1,-44.7
57.479050,34.331710,186.0,0.26,45,8.5,63,8.4,0.1,-59.4
57.479560,34.330580,183.0,-3.40,45,9.2,67.1,9.1,0.1,-75.7
57.479650,34.330410,183.0,0.00,44,8.5,63,8.4,0.0,-62.1
57.480820,34.327950,185.0,1.02,44,8.6,61.5,8.5,0.1,-56.4
57.482010,34.325520,176.0,-4.58,45,9.8,66.5,9.6,0.2,-81.5
57.482290,34.324950,175.0,-2.17,49,8.6,65.6,8.8,-0.2,-58.1
57.483250,34.323060,175.0,0.00,47,8.4,63,8.4,-0.0,-53.8
57.483410,34.322730,175.0,0.00,52,8.4,65,8.5,-0.1,-46.5
57.483680,34.322240,175.0,0.00,51,8.4,65,8.5,-0.1,-49.6
57.486120,34.317790,176.0,0.26,49,8.4,63,8.4,-0.0,-47.9
57.488640,34.313480,174.0,-0.53,46,8.4,63,8.4,-0.1,-56.6
57.491160,34.309520,178.0,1.09,48,8.5,61.4,8.5,0.0,-44.8
57.493800,34.305690,170.0,-2.15,44,8.7,65.6,8.8,-0.0,-72.3
57.494970,34.304090,171.0,0.62,44,8.5,63,8.5,0.0,-62.1
57.495370,34.303540,171.0,0.00,47,8.4,63,8.4,-0.0,-53.8
57.499370,34.298470,177.0,1.11,52,8.5,63.3,8.5,-0.0,-39.8
57.503820,34.293470,184.0,1.21,52,8.5,63.2,8.5,0.0,-39.4
57.508160,34.289210,182.0,-0.37,47,8.4,63,8.5,-0.0,-53.8
57.511480,34.286340,187.0,1.23,46,8.6,61.2,8.5,0.1,-49.8
57.513320,34.284880,189.0,0.90,44,8.6,63,8.5,0.1,-62.1
57.513470,34.284760,189.0,0.00,40,8.6,63,8.4,0.2,-72.4
57.515050,34.283660,185.0,-2.13,40,8.9,65.6,8.8,0.1,-82.6
57.519120,34.280820,166.0,-3.93,36,9.7,67.7,9.3,0.4,-100.4
57.519960,34.280290,166.0,0.00,0,12.3,63,8.4,3.9,-121.3
57.520880,34.279730,172.0,5.57,39,10.3,58,9.9,0.4,-44.6
57.524580,34.277720,178.0,1.40,35,9.0,60.9,8.6,0.4,-75.9
57.527570,34.276410,176.0,-0.59,30,9.4,63,8.5,0.9,-93.8
57.530120,34.275380,173.0,-1.03,4,11.9,64.2,8.5,3.3,-125.5
57.532380,34.274510,172.0,-0.39,49,8.4,63,8.4,-0.1,-47.9
57.535570,34.273560,172.0,0.00,54,8.4,65,8.4,-0.1,-40.0
57.535990,34.273440,172.0,0.00,53,8.4,65,8.4,-0.1,-43.3
57.547020,34.270370,175.0,0.24,53,8.4,65,8.4,-0.0,-43.3
57.549530,34.269580,170.0,-1.77,54,8.4,67.1,8.7,-0.3,-48.5
57.556990,34.266930,184.0,1.66,59,8.6,62.5,8.6,-0.0,-13.0
57.557750,34.266640,181.0,-3.48,55,9.1,67.5,9.2,-0.1,-53.9
57.558310,34.266400,181.0,0.00,55,8.4,65,8.5,-0.1,-36.7
57.558640,34.266250,182.0,2.65,53,8.7,61.0,8.8,-0.1,-27.9
57.570430,34.261230,176.0,-0.45,49,8.4,63,8.4,-0.1,-47.9
57.581210,34.256570,176.0,0.00,27,9.5,63,8.4,1.1,-99.0
57.581770,34.256350,178.0,3.14,23,10.2,58.3,8.9,1.3,-87.7
57.584760,34.255190,182.0,1.18,24,9.7,61.2,8.5,1.2,-96.8
57.587880,34.254090,171.0,-3.12,28,10.0,66.2,9.0,1.0,-112.0
57.590860,34.253220,182.0,3.28,31,9.7,61.2,9.0,0.7,-73.8
57.593980,34.252370,183.0,0.29,29,9.3,63,8.4,0.9,-95.6
57.600460,34.250670,172.0,-1.51,24,10.0,64.8,8.6,1.4,-110.7
57.600890,34.250570,172.0,0.00,28,9.4,63,8.4,1.0,-97.3
57.601980,34.250290,172.0,0.00,24,9.8,63,8.4,1.4,-103.7
57.605460,34.249250,177.0,1.28,21,10.0,61.1,8.5,1.5,-100.6
57.605610,34.249200,177.0,0.00,22,10.0,63,8.4,1.6,-106.5
57.608430,34.248290,175.0,-0.63,22,10.1,63,8.4,1.6,-106.5
57.614010,34.246200,181.0,0.95,2,12.1,63,8.5,3.6,-121.2
57.619850,34.243700,177.0,-0.60,46,8.4,63,8.5,-0.0,-56.6
57.631260,34.238620,172.0,-0.38,47,8.4,63,8.4,-0.0,-53.8
57.631830,34.238360,172.0,0.00,45,8.4,63,8.4,0.0,-59.4
57.632140,34.238220,172.0,0.00,43,8.5,63,8.4,0.1,-64.8
57.632420,34.238100,172.0,0.00,45,8.4,63,8.4,0.0,-59.4
57.634690,34.237240,171.0,-0.39,41,8.5,63,8.4,0.1,-69.9
57.636920,34.236520,172.0,0.40,36,8.8,63,8.4,0.4,-81.7
57.638540,34.236070,168.0,-2.20,8,11.5,65.6,8.8,2.7,-129.5
57.640460,34.235680,174.0,2.79,41,8.9,60.599999999999994,8.9,0.1,-54.3
57.647990,34.234510,171.0,-0.36,36,8.8,63,8.4,0.4,-81.7
57.654650,34.233590,165.0,-0.81,39,8.6,63,8.5,0.2,-74.8
57.656420,34.233320,168.0,1.52,43,8.6,60.7,8.6,0.1,-56.1
57.662330,34.232480,173.0,0.76,45,8.5,63,8.5,0.0,-59.4
57.663640,34.232280,173.0,0.00,50,8.4,65,8.4,-0.1,-52.7
57.665070,34.232000,165.0,-5.00,53,10.0,69.0,9.8,0.2,-59.6
57.666770,34.231510,168.0,1.57,55,8.6,64.0,8.6,-0.1,-27.3
57.668200,34.231060,169.0,0.62,60,8.5,65,8.5,-0.0,-19.1
57.670170,34.230240,165.0,-1.78,56,8.5,67.1,8.7,-0.3,-41.8
57.671200,34.229770,165.0,0.00,29,9.4,63,8.4,1.0,-95.6
57.672460,34.229070,167.0,1.37,33,9.1,60.9,8.6,0.5,-80.0
57.673810,34.228310,166.0,-0.64,32,9.2,63,8.4,0.7,-90.0
57.675370,34.227260,171.0,2.71,36,9.1,58.9,8.8,0.3,-66.4
57.677010,34.226060,176.0,2.55,9,11.4,59.2,8.8,2.6,-104.6
57.678610,34.224740,181.0,2.57,32,9.4,59.1,8.8,0.6,-75.4
57.681220,34.222410,182.0,0.31,29,9.3,63,8.4,0.9,-95.6
57.683200,34.220550,173.0,-3.65,25,10.4,67.4,9.2,1.2,-119.7
57.683320,34.220430,173.0,0.00,28,9.5,63,8.4,1.0,-97.3
57.688010,34.216150,168.0,-0.86,0,12.3,63,8.5,3.8,-121.3
57.692640,34.211910,167.0,-0.17,32,9.1,63,8.4,0.7,-90.0
57.699720,34.205440,182.0,1.71,35,9.0,60.4,8.6,0.4,-74.0
57.701570,34.203750,174.0,-3.49,38,9.5,65.4,9.1,0.3,-93.9
57.706930,34.198850,179.0,0.75,35,8.9,63,8.5,0.4,-83.8
57.707810,34.198040,179.0,0.00,37,8.7,63,8.4,0.3,-79.4
57.712460,34.193580,176.0,-0.52,40,8.5,63,8.4,0.1,-72.4
57.712850,34.193170,178.0,4.02,38,9.5,58,9.2,0.4,-55.2
57.715950,34.189900,179.0,0.25,41,8.6,63,8.4,0.1,-69.9
57.719280,34.186150,178.0,-0.23,37,8.7,63,8.4,0.3,-79.4
57.722510,34.182230,183.0,1.17,40,8.7,61.2,8.5,0.2,-65.6
57.722630,34.182080,183.0,0.00,36,8.8,63,8.4,0.4,-81.7
57.725350,34.178560,182.0,-0.27,40,8.5,63,8.4,0.1,-72.4
57.726740,34.176700,179.0,-1.58,39,8.8,64.9,8.6,0.1,-82.2
57.728160,34.174750,187.0,4.09,44,9.3,59.900000000000006,9.2,0.1,-46.8
57.731380,34.170020,194.0,1.54,43,8.7,60.7,8.5,0.1,-56.1
57.734510,34.165160,193.0,-0.22,39,8.6,63,8.4,0.2,-74.8
57.737490,34.160230,185.0,-1.81,43,8.7,65.2,8.7,-0.0,-73.4
57.737590,34.160050,179.0,-38.91,39,34.1,70.2,34.8,-0.7,-116.4
57.739640,34.156420,188.0,2.87,43,8.9,65.2,8.9,-0.0,-48.8
57.741480,34.153070,183.0,-1.75,6,11.7,65.1,8.7,3.0,-128.4
57.743660,34.148930,176.0,-2.03,36,9.1,65.4,8.7,0.3,-91.1
57.745250,34.145690,191.0,5.74,35,10.5,60.400000000000006,10.0,0.5,-53.0
57.746850,34.142330,192.0,0.37,38,8.7,63,8.4,0.3,-77.2
57.748220,34.139410,186.0,-2.60,5,11.9,66.1,8.9,3.0,-132.7
57.749580,34.136360,191.0,2.12,41,8.8,61.099999999999994,8.7,0.1,-57.9
57.751540,34.131790,189.0,-0.57,9,11.3,63,8.5,2.9,-118.8
57.753320,34.127440,188.0,-0.31,45,8.5,63,8.5,0.0,-59.4
57.755010,34.123120,184.0,-1.26,48,8.4,64.5,8.6,-0.2,-56.7
57.755620,34.121480,187.0,2.53,45,8.8,59.5,8.8,0.0,-45.2
57.755690,34.121280,187.0,0.00,44,8.5,63,8.4,0.1,-62.1
57.757100,34.117380,195.0,2.86,46,8.9,60.7,8.9,-0.0,-47.9
57.758490,34.113370,206.0,3.88,41,9.4,57.2,9.1,0.3,-48.6
57.760000,34.108780,206.0,0.00,39,8.7,62.2,8.4,0.3,-74.8
57.761660,34.103600,200.0,-1.67,37,9.0,65.0,8.7,0.3,-87.3
57.761740,34.103390,200.0,0.00,20,10.3,63,8.4,1.9,-109.1
57.763700,34.097130,199.0,-0.23,20,10.3,63,8.4,1.8,-109.1
57.764730,34.093920,199.0,0.00,25,9.8,63,8.4,1.4,-102.2
57.765730,34.090940,202.0,1.44,28,9.5,60.8,8.5,1.1,-89.0
57.766770,34.087960,202.0,0.00,26,9.7,63,8.4,1.3,-100.6
57.767930,34.084910,207.0,2.25,22,10.2,59.6,8.6,1.6,-93.7
57.769780,34.080260,196.0,-3.20,26,10.2,64.6,9.0,1.1,-115.7
57.769860,34.080060,196.0,0.00,21,10.1,63,8.4,1.7,-107.8
57.770290,34.079060,195.0,-1.31,20,10.4,64.6,8.6,1.8,-115.3
57.771940,34.075280,196.0,0.35,20,10.2,63,8.4,1.8,-109.1
57.773290,34.072390,191.0,-2.19,22,10.3,65.6,8.8,1.5,-116.7
57.773500,34.071970,191.0,0.00,20,10.2,63,8.4,1.8,-109.1
57.775160,34.068590,192.0,0.37,23,9.9,63,8.4,1.5,-105.1
57.776800,34.065520,193.0,0.39,20,10.2,63,8.4,1.8,-109.1
57.778540,34.062380,193.0,0.00,22,10.0,63,8.4,1.6,-106.5
57.779920,34.060090,188.0,-2.44,27,9.9,65.9,8.8,1.1,-110.4
57.780430,34.059250,188.0,0.00,22,10.0,63,8.4,1.6,-106.5
57.783170,34.054950,198.0,2.52,27,9.8,59.2,8.7,1.1,-84.8
57.783550,34.054390,195.0,-5.58,32,10.7,64.2,10.2,0.4,-117.2
57.784540,34.052940,198.0,2.15,36,9.1,59.8,8.6,0.5,-69.7
57.786000,34.050930,196.0,-0.99,34,9.1,63,8.5,0.6,-86.0
57.787360,34.049090,201.0,2.68,29,9.7,59.0,8.8,0.9,-80.7
57.788640,34.047480,195.0,-3.50,34,9.7,64.0,9.1,0.6,-102.7
57.790040,34.045770,195.0,0.00,33,9.1,63,8.4,0.6,-88.0
57.791420,34.044190,195.0,0.00,38,8.7,63,8.4,0.3,-77.2
57.794310,34.041070,188.0,-1.89,2,12.1,65.3,8.7,3.4,-130.2
57.794710,34.040660,188.0,0.00,41,8.6,63,8.4,0.1,-69.9
57.796280,34.039050,200.0,6.03,36,10.6,58,10.1,0.5,-49.5
57.798150,34.037330,196.0,-1.73,34,9.2,63,8.6,0.6,-94.2
57.800090,34.035640,192.0,-1.68,32,9.4,65.0,8.7,0.7,-97.8
57.801760,34.034270,195.0,1.48,5,11.8,60.8,8.5,3.3,-112.2
57.803420,34.033010,193.0,-1.00,32,9.3,64.2,8.5,0.7,-94.7
57.805120,34.031760,199.0,2.96,33,9.5,59.2,8.9,0.6,-71.7
57.806920,34.030590,194.0,-2.36,38,9.0,64.2,8.8,0.3,-88.2
57.807050,34.030510,194.0,0.00,38,8.7,63,8.4,0.3,-77.2
57.809320,34.029110,198.0,1.51,39,8.9,60.7,8.5,0.3,-66.1
57.811620,34.027840,201.0,1.13,36,9.0,61.3,8.5,0.5,-75.2
57.820700,34.023330,190.0,-1.05,39,8.7,64.3,8.5,0.1,-79.9
57.827670,34.019830,189.0,-0.12,43,8.5,63,8.4,0.1,-64.8
57.834340,34.016440,189.0,0.00,43,8.5,63,8.4,0.1,-64.8
57.836040,34.015570,189.0,0.00,47,8.5,63,8.4,0.0,-53.8
57.844730,34.011180,199.0,1.00,48,8.5,63,8.5,0.0,-50.9
57.853400,34.006530,188.0,-1.10,43,8.5,64.3,8.5,-0.0,-69.8
57.853530,34.006460,188.0,0.00,47,8.5,63,8.4,0.0,-53.8
57.863500,34.001020,191.0,0.26,43,8.6,63,8.5,0.1,-64.8
57.873530,33.995590,178.0,-1.12,46,8.4,64.3,8.5,-0.1,-61.7
57.883420,33.990230,173.0,-0.44,42,8.5,63,8.4,0.1,-67.4
57.884700,33.989520,173.0,0.00,37,8.7,63,8.4,0.3,-79.4
57.886120,33.988680,173.0,0.00,42,8.5,63,8.4,0.1,-67.4
57.887460,33.987870,173.0,0.00,47,8.4,63,8.4,0.0,-53.8
57.888970,33.986870,173.0,0.00,52,8.4,65,8.4,-0.1,-46.5
57.890590,33.985760,170.0,-1.56,52,8.4,66.9,8.7,-0.3,-54.1
57.892300,33.984500,168.0,-0.98,53,8.3,65,8.5,-0.2,-43.3
57.894310,33.982930,168.0,0.00,49,8.4,63,8.4,-0.0,-47.9
57.894510,33.982770,168.0,0.00,49,8.4,63,8.4,-0.0,-47.9
57.895510,33.981910,168.0,0.00,47,8.4,63,8.4,0.0,-53.8
57.896930,33.980680,175.0,4.03,47,9.2,59.0,9.2,-0.0,-38.9
57.898530,33.979230,175.0,0.00,11,11.1,63,8.4,2.7,-117.6
57.899920,33.977940,172.0,-1.74,20,10.4,65.1,8.7,1.7,-117.3
57.901450,33.976410,169.0,-1.56,20,10.4,64.9,8.6,1.7,-116.5
57.901710,33.976140,169.0,0.00,20,10.2,63,8.4,1.8,-109.1
57.903250,33.974510,174.0,2.54,23,10.1,59.2,8.8,1.3,-90.9
57.904650,33.972970,185.0,6.10,25,11.3,54.2,10.2,1.1,-69.3
57.906280,33.971110,179.0,-2.83,25,10.2,59.2,8.8,1.4,-115.6
57.906720,33.970590,185.0,10.39,30,13.8,54.2,13.0,0.8,-42.9
57.907650,33.969460,185.0,0.00,26,9.7,59.2,8.4,1.3,-100.6
57.908570,33.968330,180.0,-4.09,24,10.6,64.2,9.4,1.2,-123.3
57.909800,33.966740,180.0,0.00,28,9.5,63,8.4,1.1,-97.3
57.910970,33.965200,183.0,1.89,32,9.3,60.2,8.7,0.6,-79.4
57.913360,33.961880,177.0,-1.82,31,9.4,65.2,8.7,0.8,-100.5
57.915010,33.959450,175.0,-0.86,27,9.7,63,8.5,1.2,-99.0
57.916660,33.956900,174.0,-0.42,31,9.3,63,8.4,0.8,-91.9
57.918410,33.954010,173.0,-0.39,30,9.3,63,8.4,0.9,-93.8
57.920190,33.950980,175.0,0.75,32,9.1,63,8.5,0.6,-90.0
57.923240,33.945320,171.0,-0.84,32,9.2,63,8.5,0.7,-90.0
57.924570,33.942690,173.0,0.93,37,8.8,63,8.5,0.3,-79.4
57.925920,33.939860,175.0,0.89,33,9.1,63,8.5,0.5,-88.0
57.926010,33.939670,175.0,0.00,29,9.4,63,8.4,1.0,-95.6
57.929370,33.932040,177.0,0.34,30,9.3,63,8.5,0.8,-93.8
57.930930,33.928230,180.0,1.06,31,9.2,61.4,8.5,0.7,-85.8
57.932460,33.924170,180.0,0.00,30,9.3,63,8.4,0.9,-93.8
57.933990,33.919860,182.0,0.65,35,8.9,63,8.5,0.4,-83.8
57.935560,33.915200,177.0,-1.53,39,8.8,64.8,8.6,0.2,-81.8
57.936610,33.911810,172.0,-2.16,40,8.9,65.6,8.8,0.2,-82.6
57.937630,33.908350,173.0,0.43,36,8.8,63,8.5,0.4,-81.7
57.939290,33.902270,181.0,1.98,39,8.9,60.0,8.7,0.2,-63.5
57.940350,33.898070,172.0,-3.28,38,9.4,65.0,9.0,0.4,-92.6
57.940400,33.897840,174.0,13.63,38,15.7,60.0,15.4,0.3,-32.3
57.940920,33.895780,176.0,1.49,34,9.1,60.8,8.6,0.5,-77.6
57.942770,33.888150,187.0,2.22,38,9.0,59.7,8.7,0.3,-64.8
57.943680,33.884410,184.0,-1.24,37,8.9,64.5,8.6,0.3,-85.3
57.944680,33.880600,173.0,-4.39,34,10.0,68.3,9.5,0.5,-107.2
57.946270,33.875000,173.0,0.00,32,9.1,63.3,8.4,0.7,-90.0
57.948010,33.869500,169.0,-1.06,29,9.5,64.3,8.5,1.0,-100.6
57.948340,33.868520,174.0,7.30,28,11.9,59.3,10.9,1.0,-58.7
57.948830,33.867110,174.0,0.00,26,9.7,63,8.4,1.2,-100.6
57.949910,33.864060,183.0,4.16,26,10.4,58,9.2,1.2,-77.9
57.951890,33.858820,182.0,-0.26,22,10.1,63,8.4,1.6,-106.5
57.953400,33.855070,183.0,0.36,23,9.9,63,8.5,1.4,-105.1
57.955030,33.851350,173.0,-3.51,20,10.8,67.2,9.1,1.6,-125.8
57.956420,33.848370,171.0,-0.85,24,9.9,63,8.5,1.5,-103.7
57.957920,33.845290,173.0,0.81,28,9.4,63,8.5,0.9,-97.3
57.959750,33.841770,173.0,0.00,32,9.1,63,8.4,0.7,-90.0
57.960620,33.840180,179.0,4.45,37,9.8,58,9.4,0.4,-55.0
57.962090,33.837430,183.0,1.74,40,8.8,60.4,8.6,0.2,-62.6
57.962610,33.836580,182.0,-1.31,12,11.1,64.6,8.6,2.5,-123.1
57.964510,33.833460,181.0,-0.36,20,10.3,63,8.4,1.8,-109.1
57.966400,33.830580,182.0,0.37,20,10.2,63,8.5,1.7,-109.1
57.969370,33.826270,180.0,-0.48,20,10.3,63,8.4,1.8,-109.1
57.972420,33.821730,180.0,0.00,25,9.8,63,8.4,1.3,-102.2
57.980190,33.810250,181.0,0.09,29,9.4,63,8.4,1.0,-95.6
57.987940,33.798720,184.0,0.27,32,9.1,63,8.5,0.7,-90.0
57.995840,33.786980,190.0,0.54,30,9.3,63,8.5,0.8,-93.8
57.999100,33.781960,179.0,-2.35,26,10.0,65.8,8.8,1.2,-111.6
58.003050,33.775750,191.0,2.10,25,9.9,60.8,8.7,1.2,-90.5
58.003210,33.775490,191.0,0.00,29,9.4,63,8.4,1.0,-95.6
58.003570,33.774930,182.0,-17.35,30,18.1,68,18.5,-0.4,-135.3
58.009420,33.765460,205.0,2.68,3,12.1,63,8.8,3.2,-106.1
58.017240,33.753260,198.0,-0.62,36,8.9,63,8.5,0.4,-81.7
58.025060,33.740830,186.0,-1.06,36,8.9,64.3,8.5,0.4,-86.7
58.031580,33.730500,189.0,0.32,15,10.7,63,8.5,2.3,-114.4
58.033460,33.727540,193.0,1.47,20,10.2,60.8,8.6,1.6,-100.7
58.035360,33.724640,196.0,1.10,20,10.2,61.3,8.6,1.6,-102.6
58.037220,33.721850,197.0,0.38,23,10.0,63,8.5,1.5,-105.1
58.039110,33.719140,194.0,-1.14,27,9.8,64.4,8.6,1.2,-104.4
58.039220,33.718990,194.0,0.00,26,9.7,63,8.4,1.3,-100.6
58.040280,33.717480,199.0,3.39,23,10.4,58,9.0,1.4,-86.3
58.042890,33.713900,191.0,-2.23,25,10.1,63,8.7,1.3,-112.8
58.045030,33.711050,192.0,0.34,20,10.2,63,8.5,1.8,-109.1
58.047220,33.708230,188.0,-1.36,0,12.3,64.6,8.6,3.7,-127.5
58.049460,33.705410,191.0,1.00,49,8.5,63.5,8.6,-0.0,-49.8
58.051750,33.702640,205.0,4.63,51,9.4,58.5,9.4,-0.0,-23.7
58.056420,33.697290,202.0,-0.49,47,8.5,63,8.5,0.0,-53.8
58.060740,33.692650,194.0,-1.45,42,8.7,64.7,8.6,0.0,-74.0
58.064290,33.689070,205.0,2.46,37,9.2,59.7,8.7,0.5,-65.6
58.067920,33.685540,197.0,-1.76,41,8.8,64.7,8.7,0.1,-78.1
58.071010,33.682760,195.0,-0.53,43,8.6,63,8.5,0.1,-64.8
58.074270,33.679930,200.0,1.25,43,8.7,61.1,8.6,0.1,-57.6
58.074390,33.679840,200.0,0.00,46,8.6,63,8.5,0.1,-56.6
58.077600,33.677210,210.0,2.57,50,8.8,61.1,8.7,0.0,-37.7
58.083070,33.672800,207.0,-0.45,54,8.4,65,8.5,-0.1,-40.0
58.083460,33.672490,192.0,-31.89,57,29.2,70,29.5,-0.3,-63.6
58.084740,33.671440,192.0,0.00,54,8.4,65,8.5,-0.1,-40.0
58.085260,33.671020,192.0,0.00,59,8.4,65,8.5,-0.1,-22.7
58.086940,33.669660,187.0,-2.46,54,8.7,68.0,8.9,-0.2,-52.2
58.088190,33.668640,183.0,-2.64,49,8.8,66.2,8.9,-0.0,-60.5
58.093040,33.664690,182.0,-0.17,45,8.5,63,8.4,0.1,-59.4
58.093700,33.664160,181.0,-1.25,42,8.6,64.5,8.6,0.0,-73.2
58.099140,33.659780,194.0,1.98,38,9.0,60.0,8.7,0.3,-65.9
58.102100,33.657200,188.0,-1.66,34,9.2,65.0,8.7,0.5,-93.8
58.102310,33.657010,188.0,0.00,34,9.0,63,8.4,0.6,-86.0
58.104080,33.655300,189.0,0.45,30,9.3,63,8.5,0.8,-93.8
58.104210,33.655170,187.0,-12.23,31,14.4,68,14.6,-0.2,-133.5
58.105050,33.654290,187.0,0.00,0,12.4,63,8.4,3.9,-121.3
58.107030,33.652110,186.0,-0.39,49,8.5,63,8.4,0.0,-47.9
58.107420,33.651650,187.0,1.96,54,8.6,62.1,8.7,-0.1,-28.7
58.109670,33.648910,191.0,1.34,58,8.6,63.0,8.6,-0.0,-18.5
58.110450,33.647950,189.0,-1.93,63,8.7,67.3,8.8,-0.1,-17.1
58.111730,33.646200,193.0,2.28,60,8.8,62.3,8.8,-0.0,-5.9
58.112610,33.644970,194.0,0.82,64,8.5,65,8.5,-0.0,-3.9
58.113490,33.643680,197.0,2.42,59,8.8,61.4,8.8,-0.0,-8.8
58.113610,33.643510,197.0,0.00,57,8.4,65,8.5,-0.1,-29.8
58.114180,33.642640,197.0,0.00,53,8.5,65,8.5,-0.0,-43.3
58.115010,33.641350,198.0,0.84,26,9.7,63,8.5,1.1,-100.6
58.116940,33.638160,200.0,0.70,29,9.4,63,8.5,0.9,-95.6
58.118930,33.634780,193.0,-2.35,31,9.6,65.8,8.8,0.8,-102.9
58.128500,33.618550,195.0,0.14,35,9.0,63,8.5,0.5,-83.8
58.129580,33.616690,191.0,-2.46,31,9.6,66.0,8.8,0.8,-103.7
58.130670,33.614720,194.0,1.79,32,9.4,61.0,8.7,0.7,-79.8
58.133040,33.610290,192.0,-0.54,30,9.4,63,8.5,0.9,-93.8
58.134850,33.606670,194.0,0.68,33,9.1,63,8.5,0.6,-88.0
58.136790,33.602560,198.0,1.24,28,9.5,61.1,8.6,1.0,-90.1
58.138360,33.598950,193.0,-1.82,26,9.9,65.2,8.7,1.2,-109.2
58.139840,33.595380,200.0,2.63,29,9.8,60.2,8.8,0.9,-81.0
58.140180,33.594590,200.0,0.00,30,9.4,63,8.5,0.9,-93.8
58.140600,33.593540,201.0,1.29,31,9.4,61.1,8.6,0.8,-84.7
58.142670,33.588080,211.0,2.53,36,9.3,59.2,8.7,0.6,-67.5
58.147280,33.575710,212.0,0.11,39,8.8,63,8.4,0.3,-74.8
58.147980,33.573780,203.0,-6.55,34,11.1,68,10.7,0.4,-118.3
58.149350,33.570040,203.0,0.00,32,9.2,63,8.5,0.8,-90.0
58.156150,33.551760,211.0,0.61,37,8.9,63,8.5,0.5,-79.4
58.156450,33.550910,207.0,-6.67,34,11.2,68,10.8,0.4,-118.7
58.166400,33.523390,220.0,0.66,33,9.2,63,8.4,0.8,-88.0
58.167700,33.520120,223.0,1.25,35,9.2,61.1,8.5,0.8,-76.6
58.168370,33.518540,223.0,0.00,35,9.1,63,8.4,0.7,-83.8
58.169110,33.516940,212.0,-8.81,34,12.4,68,12.3,0.1,-127.5
58.170700,33.513820,217.0,1.97,34,9.4,63,8.6,0.8,-75.0
58.172390,33.510850,216.0,-0.39,32,9.3,63,8.4,0.9,-90.0
58.173380,33.509310,213.0,-2.11,35,9.3,65.5,8.8,0.5,-93.7
58.174450,33.507740,216.0,1.99,34,9.4,60.5,8.6,0.8,-74.7
58.175530,33.506290,222.0,4.08,35,9.8,56.9,9.2,0.6,-61.5
58.176600,33.504940,223.0,0.70,8,11.5,61.9,8.4,3.1,-119.3
58.177760,33.503610,221.0,-1.33,35,9.1,64.6,8.5,0.6,-90.1
58.179170,33.502110,216.0,-2.78,33,9.6,66.3,9.0,0.6,-101.0
58.180710,33.500660,214.0,-1.05,31,9.4,64.3,8.5,0.9,-97.0
58.182380,33.499260,208.0,-2.96,29,9.9,66.5,9.1,0.9,-109.4
58.184540,33.497580,209.0,0.39,29,9.5,63,8.5,1.0,-95.6
58.186890,33.495430,217.0,2.76,32,9.7,58.9,8.7,0.9,-74.7
58.188060,33.494230,221.0,2.70,29,9.9,58.9,8.7,1.2,-80.3
58.189160,33.492970,219.0,-1.40,31,9.5,63.9,8.6,0.9,-98.5
58.190570,33.491280,218.0,-0.54,27,9.7,63,8.4,1.3,-99.0
58.192060,33.489310,217.0,-0.50,0,12.4,63,8.4,4.0,-121.3
58.192950,33.488020,217.0,0.00,50,8.5,65,8.5,0.0,-52.7
58.193840,33.486640,211.0,-4.69,45,10.0,68.6,9.7,0.3,-81.9
58.195520,33.483730,210.0,-0.40,41,8.7,63.599999999999994,8.5,0.2,-69.9
58.199280,33.476560,204.0,-1.01,36,9.0,64.2,8.5,0.4,-86.3
58.199910,33.475400,204.0,0.00,33,9.2,63,8.5,0.7,-88.0
58.202250,33.470930,203.0,-0.27,30,9.4,63,8.5,0.9,-93.8
58.202530,33.470390,206.0,6.76,25,11.6,58,10.5,1.1,-66.4
58.203610,33.468350,208.0,1.18,23,10.0,61.2,8.6,1.5,-98.3
58.204690,33.466490,209.0,0.62,0,12.4,63,8.5,3.9,-121.3
58.205790,33.464730,209.0,0.00,33,9.2,63,8.5,0.7,-88.0
58.207030,33.462970,201.0,-4.65,32,10.3,68,9.7,0.6,-112.5
58.207680,33.462100,202.0,1.13,33,9.2,63,8.6,0.6,-81.5
58.209230,33.460330,204.0,0.99,32,9.3,63,8.6,0.7,-90.0
58.210850,33.458710,200.0,-1.96,37,9.1,65.4,8.7,0.3,-88.9
58.212520,33.457280,203.0,1.47,34,9.2,60.8,8.6,0.6,-77.6
58.216000,33.454380,201.0,-0.47,38,8.8,63,8.5,0.3,-77.2
58.218480,33.452270,204.0,0.99,33,9.2,63,8.6,0.6,-88.0
58.227130,33.444900,194.0,-0.95,35,9.0,63,8.5,0.5,-83.8
58.232500,33.440360,186.0,-1.22,36,9.0,64.5,8.6,0.4,-87.5
58.235380,33.437960,193.0,2.00,32,9.4,60.0,8.7,0.7,-78.7
58.238240,33.435640,176.0,-4.92,37,10.2,65.0,9.8,0.4,-103.2
58.241050,33.433620,177.0,0.30,42,8.6,63,8.5,0.1,-67.4
58.244050,33.431770,175.0,-0.57,38,8.7,63,8.4,0.3,-77.2
58.246710,33.430390,178.0,0.98,0,12.4,63,8.6,3.8,-121.3
58.248130,33.429700,182.0,2.45,44,8.8,59.3,8.8,-0.0,-48.3
58.249570,33.429100,180.0,-1.22,40,8.7,64.3,8.6,0.1,-78.2
58.251250,33.428420,184.0,2.09,43,8.7,59.9,8.7,0.0,-53.1
58.252960,33.427860,179.0,-2.59,48,8.8,64.9,8.9,-0.0,-63.1
58.253280,33.427760,179.0,0.00,47,8.5,63,8.4,0.1,-53.8
58.253450,33.427710,179.0,0.00,52,8.5,65,8.5,-0.0,-46.5
58.254000,33.427560,179.0,0.00,49,8.5,63,8.4,0.0,-47.9
58.255970,33.427040,185.0,2.71,44,8.8,58.9,8.8,-0.0,-46.8
58.262350,33.425250,194.0,1.26,39,8.9,61.1,8.6,0.3,-67.6
58.265780,33.424280,191.0,-0.78,39,8.7,63,8.5,0.3,-74.8
58.266330,33.424130,191.0,0.00,44,8.6,63,8.5,0.1,-62.1
58.278550,33.420730,186.0,-0.36,47,8.5,63,8.4,0.1,-53.8
58.279810,33.420270,192.0,4.21,49,9.3,58.7,9.3,-0.0,-31.9
58.280960,33.419840,192.0,0.00,51,8.5,63.7,8.5,0.0,-49.6
58.283460,33.418760,194.0,0.70,51,8.5,65,8.5,-0.0,-49.6
58.285830,33.417560,190.0,-1.47,50,8.5,64.8,8.6,-0.1,-51.9
58.287140,33.416830,190.0,0.00,47,8.5,63,8.5,0.1,-53.8
58.288270,33.416150,188.0,-1.52,47,8.5,64.8,8.6,-0.1,-60.8
58.290000,33.415060,192.0,1.97,50,8.6,62.0,8.7,-0.1,-41.1
58.291850,33.413760,190.0,-0.91,18,10.5,63,8.5,2.1,-111.4
58.293500,33.412500,190.0,0.00,21,10.2,63,8.5,1.7,-107.8
58.295250,33.411110,193.0,1.42,20,10.3,60.9,8.6,1.6,-101.1
58.297510,33.409110,191.0,-0.72,20,10.3,63,8.5,1.9,-109.1
58.298720,33.407990,188.0,-2.01,25,10.0,65.4,8.7,1.3,-111.6
58.299930,33.406790,188.0,0.00,30,9.4,63,8.5,0.9,-93.8
58.300070,33.406650,194.0,34.12,27,31.4,58,30.7,0.6,-48.1
58.300610,33.406090,197.0,4.39,25,10.6,56.4,9.3,1.3,-78.1
58.303380,33.403100,189.0,-2.26,22,10.4,61.4,8.7,1.6,-117.1
58.304740,33.401450,190.0,0.56,22,10.1,63,8.5,1.5,-106.5
58.306150,33.399720,196.0,3.22,0,12.5,58.2,9.0,3.5,-103.5
58.308910,33.395990,195.0,-0.27,47,8.5,63,8.5,0.1,-53.8
58.311670,33.391970,184.0,-2.85,42,9.1,66.4,9.0,0.2,-80.8
58.317930,33.382000,180.0,-0.44,44,8.5,63,8.4,0.1,-62.1
58.324230,33.372060,162.0,-1.98,45,8.7,65.4,8.7,0.0,-68.8
58.328290,33.365640,159.0,-0.51,41,8.5,63,8.4,0.1,-69.9
58.328510,33.365290,159.0,0.00,38,8.7,63,8.4,0.2,-77.2
58.330130,33.362600,167.0,3.35,37,9.3,58.0,9.0,0.3,-61.0
58.332940,33.357230,172.0,1.13,33,9.1,61.3,8.6,0.5,-81.5
58.334060,33.354570,180.0,4.02,34,9.8,57.0,9.2,0.6,-64.0
58.334610,33.353250,180.0,0.00,35,8.9,62.0,8.4,0.5,-83.8
58.336190,33.349070,178.0,-0.67,34,9.1,63,8.4,0.6,-86.0
58.336850,33.346920,177.0,-0.69,37,8.8,63,8.4,0.4,-79.4
58.337530,33.344580,174.0,-1.92,36,9.1,65.3,8.7,0.4,-90.7
58.338280,33.341870,183.0,5.03,35,10.2,60.3,9.7,0.5,-56.7
58.338980,33.338900,184.0,0.53,13,11.0,63,8.5,2.5,-116.1
58.339580,33.336120,183.0,-0.57,20,10.3,63,8.4,1.9,-109.1
58.340090,33.333470,179.0,-2.43,22,10.4,65.9,8.8,1.5,-117.9
58.340560,33.330700,172.0,-4.12,27,10.4,67.9,9.4,1.1,-118.6
58.340980,33.328020,173.0,0.61,23,9.9,63,8.5,1.4,-105.1
58.343870,33.308580,180.0,0.59,0,12.4,63,8.5,3.9,-121.3
58.346010,33.294170,168.0,-1.37,35,9.0,64.6,8.6,0.5,-90.1
58.346150,33.293230,171.0,5.26,35,10.3,59.599999999999994,9.8,0.5,-55.3
58.346640,33.289830,169.0,-0.97,40,8.6,63,8.5,0.2,-72.4
58.347560,33.283550,172.0,0.79,39,8.7,63,8.5,0.2,-74.8
58.347950,33.280920,174.0,1.25,37,8.9,61.1,8.6,0.3,-72.2
58.348130,33.279690,174.0,0.00,35,8.9,63,8.4,0.5,-83.8
58.348630,33.275920,176.0,0.88,37,8.9,63,8.6,0.3,-79.4
58.349010,33.271420,179.0,1.13,32,9.2,61.3,8.6,0.6,-83.5
58.349320,33.265930,169.0,-3.10,31,9.8,66.3,9.0,0.8,-106.6
58.349410,33.263240,175.0,3.81,34,9.8,61.3,9.2,0.6,-65.0
58.349470,33.260490,182.0,4.36,38,9.7,56.5,9.3,0.4,-53.4
58.349460,33.258190,185.0,2.24,38,9.1,59.6,8.8,0.3,-64.4
58.349440,33.255380,188.0,1.83,40,8.9,60.3,8.7,0.2,-62.2
58.349370,33.252940,185.0,-2.10,44,8.8,65.3,8.8,0.0,-71.9
58.349250,33.250240,185.0,0.00,42,8.6,63,8.5,0.2,-67.4
58.348890,33.245200,182.0,-1.01,43,8.6,64.2,8.5,0.1,-69.4
58.348770,33.243900,182.0,0.00,38,8.7,63,8.5,0.3,-77.2
58.348600,33.242330,183.0,1.07,38,8.9,61.4,8.6,0.3,-71.1
58.348360,33.240210,182.0,-0.79,38,8.8,63,8.5,0.3,-77.2
58.347770,33.235910,178.0,-1.54,40,8.8,64.9,8.6,0.1,-79.8
58.347110,33.231690,184.0,2.34,39,9.0,59.900000000000006,8.8,0.2,-61.7
58.346730,33.229690,185.0,0.81,35,9.0,63,8.6,0.5,-83.8
58.346310,33.227620,185.0,0.00,33,9.1,63,8.5,0.7,-88.0
58.345890,33.225660,189.0,3.24,29,9.9,58.1,9.0,1.0,-77.4
58.345410,33.223560,191.0,1.50,32,9.3,60.8,8.6,0.7,-81.7
58.344860,33.221390,187.0,-2.84,34,9.6,65.8,9.0,0.6,-99.4
58.344340,33.219480,183.0,-3.19,29,10.0,66.8,9.1,0.9,-110.6
58.342750,33.214170,177.0,-1.68,26,9.9,65.0,8.7,1.2,-108.4
58.341350,33.209800,180.0,1.00,27,9.6,61.5,8.6,1.0,-93.3
58.340140,33.206030,179.0,-0.39,22,10.1,63,8.4,1.7,-106.5
58.338500,33.200600,185.0,1.64,25,9.8,60.5,8.7,1.2,-92.7
58.338430,33.200310,185.0,0.00,26,9.7,63,8.5,1.2,-100.6
58.337690,33.197270,176.0,-4.60,29,10.5,68,9.6,0.9,-117.7
58.337220,33.195050,188.0,8.59,25,12.8,63,11.7,1.2,-57.6
58.336880,33.193070,190.0,1.64,22,10.1,60.5,8.7,1.5,-97.1
58.336460,33.190340,197.0,4.22,20,10.9,56.7,9.3,1.7,-86.0
58.336130,33.187580,196.0,-0.61,20,10.4,61.7,8.4,1.9,-109.1
58.335910,33.185280,195.0,-0.73,22,10.2,63,8.5,1.7,-106.5
58.335720,33.182490,182.0,-7.92,27,12.1,68,11.6,0.5,-138.3
58.335600,33.179860,174.0,-5.19,0,12.9,69.2,9.9,3.0,-146.3
58.335580,33.177070,187.0,7.98,30,12.2,64.2,11.3,1.0,-52.0
58.335660,33.173810,186.0,-0.52,30,9.4,63,8.4,1.0,-93.8
58.335890,33.169300,189.0,1.13,29,9.5,61.3,8.6,0.9,-89.1
58.336810,33.151910,189.0,0.00,34,9.1,63,8.5,0.6,-86.0
58.337790,33.134540,166.0,-2.26,29,9.7,65.7,8.8,0.9,-106.2
58.337950,33.131560,158.0,-4.58,32,10.3,68.5,9.6,0.7,-112.1
58.338060,33.128050,156.0,-0.97,28,9.6,63.5,8.5,1.1,-97.3
58.338080,33.125090,160.0,2.32,31,9.5,59.5,8.8,0.7,-78.8
58.337950,33.114780,153.0,-1.16,32,9.3,64.4,8.6,0.7,-95.4
58.337950,33.113710,152.0,-1.60,33,9.2,64.9,8.6,0.6,-95.4
58.337840,33.108260,159.0,2.20,32,9.3,59.900000000000006,8.8,0.6,-77.6
58.337810,33.104640,157.0,-0.95,37,8.8,63,8.5,0.3,-79.4
58.337710,33.098180,155.0,-0.53,40,8.6,63,8.5,0.1,-72.4
58.337710,33.094720,171.0,7.92,41,11.7,58,11.3,0.4,-34.8
58.337950,33.089940,174.0,1.07,39,8.8,61.4,8.6,0.2,-68.7
58.338430,33.085220,183.0,3.21,39,9.2,58.2,9.0,0.3,-57.0
58.338760,33.082900,181.0,-1.43,11,11.2,63.2,8.6,2.6,-124.2
58.339130,33.080730,185.0,3.00,20,10.5,58.5,8.9,1.6,-92.3
58.339570,33.078470,187.0,1.42,20,10.3,60.9,8.6,1.7,-101.1
58.340030,33.076270,184.0,-2.17,23,10.2,65.6,8.8,1.4,-115.3
58.341060,33.072420,188.0,1.59,20,10.3,60.6,8.7,1.7,-100.0
58.341560,33.070760,189.0,0.90,20,10.3,63,8.6,1.7,-109.1
58.342210,33.068790,191.0,1.47,22,10.1,60.8,8.6,1.5,-98.2
58.342920,33.066880,193.0,1.46,24,10.0,60.8,8.6,1.3,-95.4
58.343670,33.065030,193.0,0.00,22,10.1,63,8.5,1.6,-106.5
58.344380,33.063390,194.0,0.81,26,9.8,63,8.6,1.2,-100.6
58.345310,33.061470,192.0,-1.31,28,9.7,64.6,8.6,1.1,-103.6
58.346910,33.058590,189.0,-1.23,30,9.5,64.5,8.6,0.9,-99.6
58.348710,33.055900,190.0,0.39,27,9.6,63,8.5,1.1,-99.0
58.349890,33.054350,190.0,0.00,5,11.9,63,8.5,3.4,-120.5
58.351070,33.052890,186.0,-2.56,48,8.9,66.1,8.9,-0.0,-63.1
58.353480,33.050010,186.0,0.00,44,8.6,63,8.5,0.1,-62.1
58.355530,33.047500,183.0,-1.11,46,8.5,64.3,8.5,-0.0,-61.7
58.357570,33.044750,172.0,-3.96,50,9.5,67.8,9.3,0.1,-64.1
58.358950,33.042630,168.0,-2.03,51,8.6,65.4,8.8,-0.1,-51.2
58.359260,33.042110,168.0,0.00,50,8.5,65,8.5,0.0,-52.7
58.360850,33.039110,170.0,0.80,49,8.5,63,8.6,-0.0,-47.9
58.362750,33.034900,186.0,4.94,48,9.7,58,9.7,-0.0,-31.0
58.364400,33.030360,192.0,1.86,47,8.7,60.2,8.7,-0.0,-43.2
58.366870,33.021870,186.0,-1.06,44,8.6,64.3,8.5,0.1,-67.2
58.368080,33.017850,191.0,1.85,44,8.7,60.2,8.7,0.0,-51.6
58.368650,33.016110,190.0,-0.84,41,8.7,63,8.5,0.2,-69.9
58.369380,33.014150,194.0,2.85,40,9.1,58.7,8.9,0.2,-56.4
58.370320,33.011820,196.0,1.17,43,8.7,61.2,8.6,0.1,-57.9
58.371290,33.009640,194.0,-1.20,42,8.7,64.4,8.6,0.1,-72.8
58.372470,33.007370,196.0,1.07,46,8.7,61.4,8.6,0.1,-50.5
58.373660,33.005280,198.0,1.11,50,8.6,63.3,8.6,0.0,-46.0
58.376910,33.000090,195.0,-0.64,50,8.5,65,8.5,0.0,-52.7
58.380180,32.994970,200.0,1.06,48,8.7,61.4,8.6,0.1,-44.8
58.384890,32.987350,195.0,-0.73,47,8.6,63,8.5,0.1,-53.8
58.387740,32.982930,188.0,-1.71,48,8.6,65.1,8.7,-0.1,-59.1
58.388690,32.981340,188.0,0.00,45,8.6,63,8.5,0.1,-59.4
58.391290,32.977310,188.0,0.00,48,8.6,63,8.5,0.1,-50.9
58.393630,32.973530,190.0,0.59,28,9.6,63,8.5,1.0,-97.3
58.394330,32.972410,196.0,5.91,24,11.3,58,10.2,1.2,-71.8
58.399640,32.964020,208.0,1.57,26,9.9,60.7,8.7,1.2,-91.9
58.399750,32.963840,208.0,0.00,23,10.1,63,8.5,1.6,-105.1
58.402230,32.959910,196.0,-3.35,26,10.3,67.0,9.2,1.1,-116.5
58.405050,32.955220,210.0,3.37,25,10.3,62.0,9.1,1.3,-83.7
58.407740,32.950300,205.0,-1.21,0,12.4,64.4,8.6,3.8,-126.7
58.410390,32.945210,204.0,-0.24,32,9.3,63,8.5,0.9,-90.0
58.413070,32.940230,211.0,1.68,31,9.6,60.5,8.7,0.9,-82.5
58.417880,32.931150,217.0,0.80,36,9.1,63,8.6,0.5,-81.7
58.422510,32.921660,209.0,-1.06,32,9.4,64.3,8.6,0.8,-95.0
58.426410,32.913180,204.0,-0.76,34,9.2,63,8.5,0.7,-86.0
58.426870,32.912110,200.0,-4.96,32,10.5,68,9.9,0.6,-114.2
58.426970,32.911850,200.0,0.00,34,9.1,63,8.5,0.7,-86.0
58.430230,32.904460,191.0,-1.60,33,9.3,64.9,8.7,0.6,-95.4
58.435480,32.892650,176.0,-1.66,37,9.0,65.0,8.7,0.3,-87.3
58.436740,32.889810,182.0,2.77,40,9.1,60.0,8.9,0.2,-56.8
58.437380,32.888320,183.0,0.89,36,9.0,63,8.6,0.4,-81.7
58.439110,32.884300,193.0,3.30,32,9.8,58.0,9.0,0.8,-71.5
58.440900,32.879790,201.0,2.43,27,9.9,59.4,8.8,1.1,-85.5
58.441430,32.878400,197.0,-4.00,24,10.7,64.4,9.4,1.3,-122.9
58.444560,32.870140,186.0,-1.85,20,10.5,65.2,8.7,1.8,-117.7
58.445880,32.867090,182.0,-1.74,21,10.4,65.1,8.7,1.7,-116.0
58.450300,32.857780,171.0,-1.50,26,9.9,64.8,8.6,1.2,-107.6
58.450400,32.857560,171.0,0.00,24,9.9,63,8.5,1.4,-103.7
58.451940,32.854380,164.0,-2.78,21,10.5,66.3,8.9,1.6,-120.8
58.461110,32.834990,147.0,-1.12,20,10.3,64.3,8.6,1.8,-114.1
58.462730,32.830740,141.0,-1.96,22,10.2,65.4,8.7,1.5,-115.9
58.463520,32.828430,138.0,-1.87,23,10.1,65.2,8.7,1.4,-113.7
58.464230,32.826160,134.0,-2.60,24,10.3,66.1,8.9,1.4,-115.9
58.464570,32.824980,126.0,-10.21,25,13.3,71.1,13.2,0.1,-143.7
58.464850,32.823980,126.0,0.00,20,10.2,66.1,8.6,1.6,-109.1
58.465120,32.822990,126.0,0.00,21,10.1,63,8.5,1.6,-107.8
58.465480,32.821530,125.0,-1.07,20,10.3,64.3,8.6,1.7,-114.1
58.465850,32.819980,122.0,-3.03,25,10.3,66.6,9.0,1.4,-116.4
58.465910,32.819750,122.0,0.00,25,9.7,63,8.5,1.2,-102.2
58.466520,32.816870,121.0,-0.55,0,12.3,63,8.5,3.8,-121.3
58.467990,32.808860,120.0,-0.20,43,8.5,63,8.5,-0.0,-64.8
58.468330,32.806990,116.0,-3.47,43,9.5,67.2,9.1,0.5,-81.5
58.468820,32.804250,126.0,5.94,41,10.6,62.2,10.3,0.3,-38.1
58.469800,32.799370,123.0,-0.99,44,8.5,63,8.6,-0.0,-62.1
58.471380,32.793340,115.0,-2.04,44,9.0,65.4,8.7,0.2,-71.5
58.471560,32.792750,115.0,0.00,48,8.4,63,8.5,-0.1,-50.9
58.472080,32.791190,120.0,4.65,48,9.7,58.0,9.6,0.0,-32.4
58.472500,32.790040,120.0,0.00,51,8.4,63.0,8.5,-0.1,-49.6
58.474630,32.784220,135.0,3.63,48,9.1,59.6,9.2,-0.2,-38.1
58.475660,32.781600,144.0,4.72,49,9.6,57.9,9.6,0.0,-29.1
58.476690,32.778920,144.0,0.00,47,8.5,62.9,8.5,0.0,-53.8
58.478780,32.773600,139.0,-1.29,52,8.6,66.6,8.6,-0.1,-52.9
58.479750,32.771240,142.0,1.72,50,8.6,62.4,8.7,-0.1,-42.6
58.481350,32.767690,145.0,1.10,49,8.5,63.3,8.6,-0.1,-49.1
58.481750,32.766850,145.0,0.00,48,8.5,63,8.5,0.0,-50.9
58.481850,32.766650,141.0,-24.86,53,23.9,68,24.2,-0.4,-77.0
58.482950,32.764340,142.0,0.55,56,8.5,65,8.5,-0.1,-33.3
58.488130,32.755340,131.0,-1.41,58,8.6,66.7,8.7,-0.1,-33.1
58.489270,32.753480,133.0,1.20,62,8.6,63.2,8.6,-0.0,-4.6
58.489940,32.752370,125.0,-8.12,57,11.7,68.2,11.7,-0.0,-62.2
58.490160,32.752010,128.0,9.32,57,12.4,63.2,12.3,0.1,19.8
58.492860,32.747590,128.0,0.00,54,8.4,65,8.5,-0.1,-40.0
58.493450,32.746610,128.0,0.00,56,8.4,65,8.5,-0.1,-33.3
58.493920,32.745810,126.0,-2.86,53,9.0,66.4,8.9,0.0,-48.9
58.495390,32.743300,125.0,-0.46,58,8.5,65,8.6,-0.1,-26.3
58.496490,32.741420,123.0,-1.22,61,8.6,66.5,8.6,-0.1,-21.4
58.497820,32.739150,127.0,2.02,60,8.8,62.0,8.8,-0.0,-7.5
58.500950,32.735430,114.0,-3.17,64,9.0,67.0,9.0,-0.0,-19.5
58.501360,32.734970,114.0,0.00,67,8.6,65,8.6,0.0,8.1
58.504310,32.731750,128.0,3.71,66,9.4,60,9.3,0.1,25.3
58.505960,32.729590,128.0,0.00,61,8.5,65,8.5,-0.1,-15.4
58.507070,32.727920,130.0,1.27,62,8.6,63.1,8.7,-0.0,-4.2
58.508450,32.725590,123.0,-3.42,63,9.0,68.1,9.1,-0.1,-24.6
58.510480,32.721510,121.0,-0.61,61,8.5,65,8.6,-0.1,-15.4
58.511580,32.718890,120.0,-0.51,63,8.5,65,8.6,-0.0,-7.8
58.512410,32.716550,109.0,-6.70,26,11.5,70,10.8,0.7,-133.4
58.513240,32.714080,112.0,1.76,28,9.5,65,8.8,0.7,-87.5
58.514340,32.710080,114.0,0.76,31,9.1,63,8.6,0.5,-91.9
58.515490,32.705380,121.0,2.32,26,9.8,59.5,8.8,1.0,-87.5
58.518380,32.690340,117.0,-0.43,5,11.8,63,8.5,3.2,-120.5
58.524790,32.658910,95.0,-1.12,31,9.4,64.3,8.6,0.7,-97.0
58.525280,32.656470,91.0,-2.64,35,9.5,66.2,8.8,0.7,-96.5
58.526910,32.648500,107.0,3.22,35,9.5,61.2,9.2,0.3,-66.1
58.527490,32.645960,105.0,-1.24,30,9.5,64.5,8.6,0.8,-99.6
58.535050,32.613990,106.0,0.05,30,9.2,63,8.6,0.7,-93.8
58.536010,32.609650,106.0,0.00,27,9.5,63,8.6,1.0,-99.0
58.538070,32.600010,97.0,-1.49,23,10.1,64.8,8.7,1.4,-112.1
58.538180,32.599470,98.0,2.97,0,12.4,59.8,9.1,3.4,-104.6
58.540050,32.590480,111.0,2.31,40,8.9,59.5,8.9,0.0,-59.3
58.540640,32.587650,106.0,-2.83,42,9.3,64.5,8.9,0.5,-80.8
58.541950,32.582080,108.0,0.56,45,8.5,63,8.6,-0.1,-59.4
58.546550,32.566040,101.0,-0.66,49,8.5,63,8.6,-0.1,-47.9
58.547550,32.562190,84.0,-6.81,48,11.0,68,10.9,0.1,-84.5
58.548040,32.560090,84.0,0.00,48,8.5,63,8.6,-0.2,-50.9
58.548670,32.557570,76.0,-4.93,28,10.8,68,9.7,1.1,-121.1
58.549810,32.553460,86.0,3.70,31,10.0,63,9.5,0.5,-71.3
58.550500,32.551130,100.0,9.01,35,12.9,58,12.3,0.6,-37.4
58.551490,32.548290,104.0,2.02,36,9.1,60.0,8.8,0.3,-70.4
58.553160,32.543670,100.0,-1.23,38,8.9,64.5,8.6,0.2,-83.0
58.559280,32.526410,85.0,-1.24,0,12.3,64.5,8.7,3.6,-127.1
58.561540,32.519700,83.0,-0.43,33,9.1,63,8.6,0.5,-88.0
58.562870,32.515760,76.0,-2.57,37,9.5,66.1,8.8,0.7,-91.7
58.562960,32.515480,76.0,0.00,37,8.7,63,8.6,0.1,-79.4
58.565170,32.508380,79.0,0.63,37,8.7,63,8.7,0.0,-79.4
58.566000,32.505580,63.0,-8.57,34,12.1,68,12.0,0.1,-127.5
58.566740,32.502660,57.0,-3.19,32,10.0,66.8,9.0,1.0,-105.1
58.567560,32.499560,32.0,-12.40,35,14.2,71.8,14.8,-0.6,-125.4
58.568790,32.495020,43.0,3.71,36,9.8,66.8,9.7,0.1,-61.1
58.569300,32.493180,54.0,9.10,35,13.1,61.8,12.4,0.7,-36.8
58.570130,32.489790,61.0,3.22,36,9.5,58.2,9.3,0.2,-63.9
58.572160,32.480960,74.0,2.32,37,9.1,59.5,8.9,0.2,-66.3
58.572720,32.478370,73.0,-0.62,38,8.8,63,8.7,0.1,-77.2
58.573540,32.474280,66.0,-2.76,35,9.6,66.3,8.9,0.8,-96.9
58.574030,32.471990,68.0,1.39,40,8.8,61.3,8.8,0.0,-64.4
58.575670,32.462970,75.0,1.26,2,12.1,61.1,8.7,3.4,-113.9
58.577390,32.452390,79.0,0.62,41,8.5,63,8.7,-0.1,-69.9
58.577420,32.452120,79.0,0.00,36,8.8,63,8.6,0.1,-81.7
58.577970,32.448300,76.0,-1.31,40,8.9,64.6,8.7,0.2,-78.6
58.587160,32.379840,55.0,-0.51,40,8.7,63,8.7,0.0,-72.4
58.587220,32.379440,55.0,0.00,36,8.9,63,8.7,0.2,-81.7
58.590150,32.357790,57.0,0.15,33,9.1,63,8.7,0.4,-88.0
58.592590,32.344050,48.0,-1.07,32,9.4,64.3,8.7,0.7,-95.0
58.594810,32.334180,52.0,0.64,31,9.2,63,8.8,0.5,-91.9
58.595530,32.331360,53.0,0.55,34,9.0,63,8.7,0.2,-86.0
58.595600,32.331110,53.0,0.00,37,8.8,63,8.7,0.1,-79.4
58.598150,32.321560,55.0,0.32,35,8.9,63,8.7,0.2,-83.8
58.598970,32.318910,48.0,-3.92,35,10.1,67.7,9.2,0.9,-102.6
58.600880,32.313090,53.0,1.25,33,9.1,62.7,8.8,0.3,-80.8
58.602830,32.307430,47.0,-1.53,35,9.3,64.8,8.8,0.5,-90.9
58.606410,32.298220,44.0,-0.45,31,9.4,63,8.7,0.7,-91.9
58.608290,32.293390,52.0,2.29,29,9.7,59.6,8.9,0.7,-82.8
58.609880,32.289230,51.0,-0.33,24,10.0,63,8.7,1.3,-103.7
58.611220,32.285370,51.0,0.00,29,9.5,63,8.7,0.8,-95.6
58.611980,32.283000,47.0,-2.48,32,9.8,66.0,8.8,1.0,-101.8
58.612940,32.279850,37.0,-4.73,37,10.4,68.7,9.7,0.7,-102.4
58.613390,32.278410,40.0,3.08,38,9.4,63.7,9.4,0.0,-60.1
58.614780,32.273220,54.0,4.14,40,9.8,58.7,9.8,0.1,-49.7
58.616100,32.268010,53.0,-0.30,43,8.6,63,8.7,-0.1,-64.8
58.617140,32.263250,55.0,0.67,39,8.7,63,8.8,-0.1,-74.8
58.617980,32.258900,53.0,-0.74,43,8.7,63,8.7,-0.1,-64.8
58.618600,32.255590,51.0,-0.98,42,8.8,63,8.7,0.1,-67.4
58.618660,32.255180,51.0,0.00,46,8.5,63,8.7,-0.2,-56.6
58.619570,32.249500,55.0,1.16,51,8.6,63.3,8.8,-0.2,-43.0
58.619830,32.247300,54.0,-0.77,46,8.6,63,8.7,-0.1,-56.6
58.620690,32.241030,54.0,0.00,22,10.1,63,8.7,1.4,-106.5
58.621820,32.232000,52.0,-0.37,27,9.7,63,8.7,1.0,-99.0
58.623150,32.221920,48.0,-0.66,23,10.2,63,8.7,1.4,-105.1
58.624590,32.211770,54.0,0.99,24,9.9,63,8.8,1.1,-103.7
58.625980,32.203730,56.0,0.41,29,9.4,63,8.7,0.7,-95.6
58.627810,32.194400,55.0,-0.17,27,9.7,63,8.7,1.0,-99.0
58.627910,32.193900,55.0,0.00,25,9.8,63,8.7,1.1,-102.2
58.628380,32.191450,44.0,-7.28,22,12.1,68,11.2,0.9,-142.3
58.629180,32.187280,50.0,2.33,20,10.3,63,9.0,1.3,-96.0
58.630920,32.178320,57.0,1.26,20,10.3,61.1,8.8,1.5,-101.8
58.632580,32.169200,53.0,-0.72,25,10.0,63,8.7,1.3,-102.2
58.634480,32.157350,56.0,0.42,28,9.5,63,8.7,0.8,-97.3
58.636490,32.142920,47.0,-1.04,27,9.9,64.2,8.8,1.1,-103.7
58.636530,32.142660,47.0,0.00,28,9.6,63,8.7,0.9,-97.3
58.638070,32.131410,51.0,0.59,27,9.6,63,8.8,0.8,-99.0
58.640470,32.114120,52.0,0.10,25,9.8,63,8.7,1.1,-102.2
58.641560,32.106860,57.0,1.14,24,9.9,61.3,8.8,1.1,-97.2
58.642340,32.102800,56.0,-0.40,29,9.6,63,8.7,0.9,-95.6
58.643210,32.098850,44.0,-4.84,26,11.0,68,9.7,1.3,-124.0
58.646380,32.085240,48.0,0.46,27,9.6,63,8.8,0.9,-99.0
58.647430,32.080310,47.0,-0.32,23,10.1,63,8.7,1.4,-105.1
58.648040,32.076980,47.0,0.00,20,10.3,63,8.7,1.6,-109.1
58.648610,32.073590,46.0,-0.49,22,10.2,63,8.7,1.5,-106.5
58.648990,32.070930,47.0,0.63,20,10.3,63,8.8,1.5,-109.1
58.649310,32.068240,45.0,-1.25,20,10.5,64.5,8.8,1.8,-114.9
58.649870,32.063120,40.0,-1.65,20,10.6,65.0,8.8,1.8,-116.9
58.649970,32.062180,42.0,3.60,20,10.7,60.0,9.6,1.1,-89.2
58.650430,32.057790,49.0,2.70,20,10.4,58.9,9.1,1.3,-93.8
58.650830,32.054080,47.0,-0.91,20,10.5,63,8.7,1.7,-109.1
58.650860,32.053790,47.0,0.00,0,12.3,63,8.7,3.6,-121.3
58.651870,32.044210,55.0,1.41,40,8.8,60.9,8.8,0.0,-64.4
58.653180,32.034150,56.0,0.17,36,8.8,63,8.7,0.1,-81.7
58.656440,32.015150,53.0,-0.26,32,9.3,63,8.7,0.6,-90.0
58.656480,32.014880,53.0,0.00,37,8.8,63,8.7,0.1,-79.4
58.660230,31.993400,42.0,-0.84,42,8.8,63,8.7,0.0,-67.4
58.660360,31.992590,42.0,0.00,38,8.8,63,8.8,0.1,-77.2
58.664250,31.970250,38.0,-0.29,35,9.1,63,8.8,0.3,-83.8
58.664390,31.969480,38.0,0.00,36,9.0,63,8.8,0.2,-81.7
58.666130,31.959210,52.0,2.24,31,9.5,59.6,8.9,0.6,-79.2
58.667100,31.952860,54.0,0.52,36,8.8,63,8.8,0.1,-81.7
58.668090,31.945020,48.0,-1.29,39,9.0,64.5,8.8,0.3,-80.6
58.668820,31.937900,50.0,0.48,35,8.9,63,8.8,0.2,-83.8
58.670290,31.923230,52.0,0.23,34,9.0,63,8.7,0.3,-86.0
58.671540,31.910640,56.0,0.54,34,9.0,63,8.8,0.2,-86.0
58.671570,31.910330,58.0,10.97,34,14.3,58,13.6,0.7,-35.1
58.677110,31.854810,58.0,0.00,37,8.8,63,8.7,0.1,-79.4
58.678590,31.841690,54.0,-0.52,35,9.1,63,8.7,0.3,-83.8
58.679220,31.836560,47.0,-2.30,40,9.4,65.8,8.8,0.5,-83.4
58.679390,31.835350,52.0,6.90,45,11.4,60.8,11.2,0.2,-29.2
58.679510,31.834390,52.0,0.00,49,8.5,63,8.7,-0.2,-47.9
58.685180,31.788000,48.0,-0.15,47,8.6,63,8.7,-0.2,-53.8
58.685330,31.786760,48.0,0.00,27,9.7,63,8.7,1.0,-99.0
58.685500,31.785270,49.0,1.13,30,9.3,61.3,8.8,0.5,-87.3
58.686020,31.780620,48.0,-0.36,31,9.4,63,8.7,0.7,-91.9
58.686810,31.773980,45.0,-0.76,34,9.2,63,8.7,0.5,-86.0
58.686860,31.773610,45.0,0.00,29,9.5,63,8.7,0.8,-95.6
58.687020,31.772100,40.0,-5.61,31,11.0,68,10.2,0.7,-119.1
58.687210,31.770520,35.0,-5.34,34,10.7,69.4,10.1,0.7,-111.8
58.687570,31.767860,37.0,1.26,39,8.9,64.4,8.9,-0.1,-67.6
58.688230,31.762510,35.0,-0.63,37,9.0,63,8.8,0.3,-79.4
58.688910,31.757120,37.0,0.62,35,9.0,63,8.8,0.2,-83.8
58.689120,31.755130,37.0,0.00,40,8.7,63,8.8,-0.0,-72.4
58.689310,31.753060,37.0,0.00,37,8.9,63,8.8,0.1,-79.4
58.689590,31.749120,39.0,0.87,34,9.0,63,8.8,0.2,-86.0
58.689890,31.744920,39.0,0.00,36,9.0,63,8.8,0.2,-81.7
58.690180,31.738880,39.0,0.00,31,9.4,63,8.8,0.6,-91.9
58.690250,31.737450,44.0,6.02,28,11.5,58,10.8,0.8,-65.1
58.690270,31.737150,44.0,0.00,23,10.1,63,8.8,1.3,-105.1
58.690740,31.727580,49.0,0.90,26,9.7,63,8.8,0.9,-100.6
58.691030,31.723700,52.0,1.32,21,10.2,61.0,8.8,1.3,-100.2
58.691360,31.719840,57.0,2.21,20,10.3,59.7,8.9,1.4,-96.7
58.695940,31.679930,52.0,-0.21,20,10.3,63,8.7,1.6,-109.1
58.695980,31.679620,52.0,0.00,25,9.9,63,8.7,1.1,-102.2
58.697420,31.666880,47.0,-0.66,27,9.8,63,8.7,1.1,-99.0
58.699820,31.646110,52.0,0.41,32,9.2,63,8.8,0.4,-90.0
58.700610,31.640340,53.0,0.29,14,10.9,63,8.7,2.1,-115.3
58.701380,31.635320,54.0,0.33,20,10.3,63,8.7,1.5,-109.1
58.701890,31.632230,54.0,0.00,20,10.3,63,8.7,1.6,-109.1
58.702460,31.629050,56.0,1.03,23,10.0,61.5,8.8,1.2,-99.4
58.703630,31.622920,50.0,-1.59,26,10.1,64.9,8.8,1.3,-108.0
58.705070,31.616390,44.0,-1.46,28,9.9,64.8,8.8,1.1,-104.3
58.706620,31.610090,52.0,1.99,23,10.0,60.0,8.9,1.1,-93.8
58.707850,31.605370,51.0,-0.33,23,10.1,63,8.7,1.4,-105.1
58.707920,31.605110,51.0,0.00,25,9.9,63,8.7,1.1,-102.2
58.709370,31.600130,49.0,-0.61,25,10.0,63,8.7,1.2,-102.2
58.710870,31.595330,46.0,-0.93,24,10.1,63,8.8,1.4,-103.7
58.712490,31.590530,45.0,-0.30,20,10.4,63,8.7,1.6,-109.1
58.714200,31.585760,45.0,0.00,25,9.9,63,8.8,1.1,-102.2
58.714290,31.585510,45.0,0.00,22,10.2,63,8.8,1.4,-106.5
58.715730,31.581770,46.0,0.37,20,10.3,63,8.8,1.5,-109.1
58.716970,31.578670,45.0,-0.44,20,10.4,63,8.8,1.7,-109.1
58.718740,31.574620,55.0,3.27,24,10.3,58.1,9.3,1.0,-85.5
58.720230,31.571300,56.0,0.39,22,10.1,63,8.8,1.3,-106.5
58.723070,31.565310,46.0,-2.14,20,10.7,65.6,8.8,1.9,-119.3
58.723590,31.564240,49.0,3.55,20,10.7,60.599999999999994,9.5,1.2,-89.5
58.723700,31.563990,49.0,0.00,0,12.3,63,8.7,3.6,-121.3
58.724210,31.562910,49.0,0.00,39,8.7,63,8.7,-0.0,-74.8
58.734260,31.541640,40.0,-0.54,40,8.8,63,8.8,0.0,-72.4
58.739240,31.530940,25.0,-1.81,42,9.2,65.2,8.9,0.3,-76.0
58.743720,31.521710,24.0,-0.14,37,9.0,63,8.8,0.2,-79.4
58.745190,31.519110,31.0,3.16,34,9.7,58.3,9.4,0.2,-68.5
58.750020,31.511000,43.0,1.68,33,9.3,60.5,8.9,0.4,-78.6
58.754130,31.504940,49.0,1.04,30,9.3,61.4,8.8,0.5,-87.7
58.757220,31.500840,52.0,0.72,30,9.3,63,8.8,0.5,-93.8
58.758200,31.499540,52.0,0.00,25,9.9,63,8.7,1.1,-102.2
58.758970,31.498660,54.0,2.01,24,9.9,60.0,8.9,1.0,-92.4
58.762100,31.495090,51.0,-0.74,20,10.4,63,8.7,1.7,-109.1
58.764910,31.492030,51.0,0.00,0,12.3,63,8.7,3.6,-121.3
58.765050,31.491890,51.0,0.00,44,8.6,63,8.7,-0.2,-62.1
58.768270,31.488820,55.0,1.00,46,8.6,61.5,8.8,-0.2,-50.9
58.773620,31.484240,54.0,-0.15,50,8.6,65,8.8,-0.2,-52.7
58.773750,31.484130,54.0,0.00,46,8.6,63,8.7,-0.2,-56.6
58.782690,31.476770,51.0,-0.28,42,8.6,63,8.7,-0.1,-67.4
58.791630,31.469310,46.0,-0.46,42,8.7,63,8.8,-0.1,-67.4
58.791870,31.469110,43.0,-10.32,46,12.9,68,13.3,-0.3,-98.2
58.792710,31.468380,39.0,-3.90,44,9.9,67.7,9.3,0.6,-80.9
58.793910,31.467360,37.0,-1.37,39,9.1,64.6,8.8,0.3,-81.0
58.795580,31.465950,39.0,0.99,36,8.9,63,8.9,0.1,-81.7
58.796000,31.465580,39.0,0.00,31,9.4,63,8.8,0.6,-91.9
58.797870,31.464100,37.0,-0.89,28,9.8,63,8.8,1.0,-97.3
58.798280,31.463760,39.0,4.03,30,10.2,59.0,9.8,0.4,-78.9
58.799120,31.463080,39.0,0.00,30,9.5,63,8.8,0.7,-93.8
58.800240,31.462130,42.0,2.21,35,9.3,61.7,9.0,0.3,-78.9
58.800580,31.461840,42.0,0.00,2,12.1,63,8.8,3.3,-121.2
58.801980,31.460710,42.0,0.00,48,8.6,63,8.8,-0.2,-50.9
58.805620,31.457640,47.0,1.13,48,8.6,63.3,8.9,-0.2,-52.0
58.806820,31.456680,47.0,0.00,50,8.6,65,8.8,-0.2,-52.7
58.812960,31.451580,46.0,-0.13,48,8.6,63,8.8,-0.2,-50.9
58.815800,31.449290,55.0,2.63,49,9.0,63.1,9.2,-0.2,-48.3
58.820300,31.445360,50.0,-0.91,45,8.7,63,8.8,-0.0,-59.4
58.826390,31.440010,48.0,-0.27,41,8.7,63,8.8,-0.1,-69.9
58.826570,31.439850,48.0,0.00,42,8.6,63,8.8,-0.1,-67.4
58.827630,31.438900,45.0,-2.31,5,12.1,65.8,8.9,3.2,-131.5
58.834290,31.433040,47.0,0.25,42,8.7,63,8.8,-0.1,-67.4
58.836720,31.430920,53.0,2.02,47,8.8,62.0,9.0,-0.1,-50.0
58.841780,31.426420,50.0,-0.48,44,8.6,63,8.8,-0.1,-62.1
58.849440,31.419580,48.0,-0.21,42,8.6,63,8.8,-0.1,-67.4
58.849900,31.419170,48.0,0.00,45,8.6,63,8.8,-0.2,-59.4
58.850730,31.418440,51.0,2.96,41,9.2,60.6,9.3,-0.0,-60.8
58.854570,31.415080,53.0,0.43,36,8.8,63,8.8,0.1,-81.7
58.857790,31.412150,53.0,0.00,35,9.0,63,8.8,0.2,-83.8
58.867250,31.403670,46.0,-0.60,39,8.9,63,8.8,0.1,-74.8
58.876450,31.395710,44.0,-0.18,42,8.6,63,8.8,-0.1,-67.4
58.881730,31.391260,44.0,0.00,45,8.6,63,8.8,-0.2,-59.4
58.882530,31.390590,44.0,0.00,45,8.6,63,8.8,-0.2,-59.4
58.882940,31.390270,44.0,0.00,42,8.6,63,8.8,-0.1,-67.4
58.884070,31.389370,55.0,8.10,37,12.4,58,11.9,0.5,-43.7
58.887120,31.386920,58.0,0.82,36,8.9,63,8.8,0.0,-81.7
58.892980,31.381920,49.0,-1.26,36,9.2,64.5,8.8,0.4,-87.5
58.904180,31.372590,54.0,0.37,33,9.1,63,8.8,0.3,-88.0
58.904310,31.372490,54.0,0.00,35,9.0,63,8.8,0.2,-83.8
58.906800,31.370400,51.0,-0.99,34,9.3,63,8.8,0.5,-86.0
58.915480,31.363070,53.0,0.19,33,9.1,63,8.8,0.4,-88.0
58.918950,31.360200,43.0,-2.38,29,10.0,65.9,8.9,1.2,-107.0
58.920740,31.358830,43.0,0.00,27,9.7,63,8.8,1.0,-99.0
58.922710,31.357460,43.0,0.00,27,9.7,63,8.8,1.0,-99.0
58.924810,31.356090,46.0,1.22,27,9.6,63.2,8.9,0.7,-99.8
58.924950,31.356010,46.0,0.00,31,9.4,63,8.8,0.6,-91.9
58.926470,31.355070,57.0,6.20,35,11.3,58,10.8,0.5,-57.4
58.928210,31.354080,55.0,-0.99,39,8.9,63,8.8,0.2,-74.8
58.930790,31.352750,55.0,0.00,36,8.9,63,8.8,0.1,-81.7
58.931400,31.352460,51.0,-5.73,10,12.5,68,10.3,2.2,-146.2
58.934010,31.351290,41.0,-3.36,20,11.0,67.0,9.0,2.0,-124.9
58.934840,31.350970,41.0,0.00,20,10.4,63,8.8,1.6,-109.1
58.936110,31.350470,39.0,-1.39,20,10.6,64.7,8.8,1.8,-115.7
58.937370,31.350050,39.0,0.00,23,10.1,63,8.8,1.3,-105.1
58.938220,31.349760,38.0,-1.04,20,10.6,64.3,8.8,1.7,-114.1
58.940020,31.349240,38.0,0.00,20,10.4,63,8.8,1.6,-109.1
58.941620,31.348840,38.0,0.00,20,10.4,63,8.8,1.6,-109.1
58.943470,31.348480,41.0,1.45,20,10.3,62.8,8.9,1.4,-108.3
58.946150,31.348080,54.0,4.35,20,11.0,58.5,9.9,1.1,-92.3
58.947640,31.347890,54.0,0.00,20,10.3,63,8.8,1.6,-109.1
58.948740,31.347790,50.0,-3.27,23,10.7,66.9,9.0,1.7,-120.6
58.950610,31.347700,55.0,2.40,20,10.4,61.900000000000006,9.0,1.3,-103.0
58.951900,31.347680,55.0,0.00,0,12.3,63,8.8,3.6,-121.3
58.952400,31.347670,54.0,-1.80,32,9.6,65.2,8.8,0.8,-98.6
58.952800,31.347670,54.0,0.00,29,9.5,63,8.8,0.8,-95.6
58.953360,31.347690,54.0,0.00,1,12.2,63,8.8,3.5,-121.2
58.954330,31.347730,52.0,-1.85,35,9.4,65.2,8.8,0.6,-92.5
58.956720,31.347980,50.0,-0.75,33,9.3,63,8.8,0.6,-88.0
58.959260,31.348300,54.0,1.41,0,12.4,62.9,8.9,3.5,-120.9
58.963050,31.349040,41.0,-3.07,34,9.9,66.7,9.0,0.9,-100.6
58.963220,31.349070,41.0,0.00,38,8.8,63,8.8,0.0,-77.2
58.966030,31.349780,39.0,-0.63,39,8.9,63,8.8,0.1,-74.8
58.974880,31.352890,41.0,0.20,41,8.7,63,8.8,-0.1,-69.9
58.980690,31.354890,39.0,-0.30,39,8.8,63,8.8,0.1,-74.8
58.984850,31.356260,52.0,2.77,42,9.2,60.8,9.2,-0.0,-59.1
58.984980,31.356300,52.0,0.00,46,8.6,63,8.8,-0.2,-56.6
58.992060,31.358350,39.0,-1.63,45,9.0,65.0,8.8,0.2,-67.2
58.999070,31.360270,40.0,0.13,42,8.7,63,8.8,-0.1,-67.4
59.003720,31.361440,40.0,0.00,40,8.7,63,8.8,-0.1,-72.4
59.006620,31.362130,39.0,-0.31,45,8.6,63,8.8,-0.2,-59.4
59.013550,31.363650,39.0,0.00,42,8.7,63,8.8,-0.1,-67.4
59.018750,31.364730,47.0,1.38,40,8.8,62.9,8.9,-0.1,-72.0
59.023960,31.365670,49.0,0.34,40,8.7,63,8.8,-0.1,-72.4
59.025730,31.365920,42.0,-3.55,8,12.1,67.3,9.1,3.0,-136.4
59.026720,31.366040,42.0,0.00,32,9.3,63,8.8,0.5,-90.0
59.027280,31.366110,43.0,1.60,34,9.2,62.6,9.0,0.2,-84.4
59.029950,31.366500,38.0,-1.68,36,9.4,65.0,8.8,0.5,-89.5
59.031460,31.366770,39.0,0.59,32,9.2,63,8.9,0.4,-90.0
59.034800,31.367250,41.0,0.54,31,9.3,63,8.9,0.5,-91.9
59.038140,31.367690,46.0,1.34,26,9.7,63.0,8.9,0.8,-100.6
59.047130,31.368610,44.0,-0.20,27,9.8,63,8.8,1.0,-99.0
59.049600,31.368780,41.0,-1.09,26,10.0,64.3,8.8,1.2,-105.7
59.049840,31.368790,41.0,0.00,30,9.5,63,8.8,0.7,-93.8
59.050420,31.368810,39.0,-3.10,1,12.6,66.7,9.0,3.6,-135.9
59.052430,31.369000,45.0,2.68,38,9.3,61.7,9.2,0.1,-69.6
59.055410,31.369210,51.0,1.81,42,8.9,62.3,9.0,-0.1,-64.7
59.059540,31.369350,40.0,-2.39,38,9.5,65.9,8.9,0.6,-88.6
59.066660,31.369620,53.0,1.64,34,9.2,62.5,8.9,0.3,-84.0
59.073160,31.369640,49.0,-0.55,33,9.3,63,8.8,0.5,-88.0
59.080240,31.369430,45.0,-0.51,38,8.9,63,8.8,0.1,-77.2
59.080370,31.369420,45.0,0.00,33,9.2,63,8.8,0.4,-88.0
59.081270,31.369410,45.0,0.00,30,9.5,63,8.8,0.7,-93.8
59.082970,31.369390,45.0,0.00,30,9.5,63,8.8,0.7,-93.8
59.084360,31.369370,42.0,-1.94,28,10.0,65.3,8.9,1.2,-106.3
59.085420,31.369300,43.0,0.85,33,9.1,63,8.9,0.3,-88.0
59.085480,31.369300,43.0,0.00,35,9.1,63,8.8,0.2,-83.8
59.086810,31.369180,43.0,0.00,33,9.2,63,8.8,0.4,-88.0
59.089120,31.368770,43.0,0.00,32,9.3,63,8.8,0.5,-90.0
59.090370,31.368480,50.0,5.00,35,10.6,58,10.2,0.3,-63.6
59.091610,31.368090,50.0,0.00,37,8.8,63,8.8,0.1,-79.4
59.093370,31.367420,52.0,1.00,40,8.8,63.5,8.9,-0.1,-74.3
59.095440,31.366340,53.0,0.42,36,8.9,63,8.8,0.1,-81.7
59.097500,31.365250,48.0,-2.11,38,9.4,65.5,8.9,0.5,-87.0
59.099530,31.363920,58.0,4.20,6,12.1,60.5,9.8,2.3,-104.2
59.101500,31.362410,52.0,-2.55,40,9.5,65.5,8.9,0.6,-84.6
59.104680,31.359420,51.0,-0.25,44,8.6,63,8.8,-0.1,-62.1
59.107000,31.356810,48.0,-1.01,41,8.9,64.2,8.8,0.1,-74.6
59.109120,31.354040,49.0,0.35,38,8.8,63,8.8,-0.0,-77.2
59.111460,31.350700,48.0,-0.31,39,8.8,63,8.8,0.0,-74.8
59.112260,31.349450,48.0,0.00,42,8.7,63,8.8,-0.1,-67.4
59.112740,31.348640,43.0,-7.08,38,11.3,68,11.1,0.2,-112.1
59.112860,31.348450,43.0,0.00,40,8.7,63,8.8,-0.1,-72.4
59.114070,31.346400,46.0,1.68,40,8.9,62.5,9.0,-0.0,-70.5
59.117450,31.340480,41.0,-0.99,44,8.8,63,8.8,0.0,-62.1
59.118670,31.338260,39.0,-1.08,43,8.9,64.3,8.8,0.1,-69.8
59.120290,31.335400,44.0,2.06,43,8.9,61.9,9.0,-0.1,-60.6
59.121090,31.333980,42.0,-1.66,41,9.2,65.0,8.8,0.3,-77.7
59.129880,31.318590,57.0,1.14,40,8.8,63.3,8.9,-0.1,-73.5
59.131580,31.315670,40.0,-6.75,35,11.3,68.3,10.9,0.4,-117.0
59.133350,31.312980,55.0,6.01,31,11.4,63.3,10.7,0.6,-66.5
59.135550,31.310120,57.0,0.68,29,9.4,63,8.8,0.6,-95.6
59.137510,31.307820,50.0,-2.75,28,10.2,66.3,9.0,1.3,-110.4
59.138850,31.306370,50.0,0.00,29,9.5,63,8.8,0.8,-95.6
59.140020,31.305210,47.0,-2.06,26,10.2,65.5,8.9,1.3,-110.4
59.143410,31.302330,50.0,0.73,30,9.3,63,8.9,0.5,-93.8
59.147500,31.299360,61.0,2.27,27,9.8,61.6,9.0,0.8,-93.7
59.151910,31.296100,53.0,-1.53,28,9.9,64.8,8.8,1.1,-104.3
59.153390,31.295010,52.0,-0.57,30,9.6,63,8.8,0.8,-93.8
59.154690,31.294050,56.0,2.59,35,9.4,61.1,9.1,0.3,-76.6
59.157480,31.291990,56.0,0.00,33,9.2,63,8.8,0.4,-88.0
59.157560,31.291930,56.0,0.00,38,8.8,63,8.8,-0.0,-77.2
59.158720,31.291080,57.0,0.73,37,8.8,63,8.8,-0.0,-79.4
59.163820,31.287340,48.0,-1.49,39,9.2,64.8,8.8,0.3,-81.8
59.164600,31.286770,44.0,-4.32,34,10.4,68.2,9.5,0.9,-106.8
59.164640,31.286730,44.0,0.00,29,9.6,63.2,8.8,0.8,-95.6
59.165270,31.286270,44.0,0.00,24,10.0,63,8.8,1.2,-103.7
59.165370,31.286200,44.0,0.00,22,10.2,63,8.8,1.4,-106.5
59.165810,31.285870,44.0,0.00,0,12.3,63,8.8,3.5,-121.3
59.171420,31.281760,48.0,0.60,30,9.4,63,8.9,0.5,-93.8
59.171630,31.281610,48.0,0.00,30,9.5,63,8.8,0.7,-93.8
59.173680,31.280070,54.0,2.46,29,9.7,61.3,9.1,0.7,-89.1
59.177220,31.277450,46.0,-1.90,31,9.8,65.3,8.9,0.9,-100.9
59.178970,31.276090,48.0,0.95,26,9.7,63,8.9,0.8,-100.6
59.180720,31.274610,45.0,-1.41,21,10.5,64.7,8.8,1.7,-114.4
59.183640,31.271810,47.0,0.55,22,10.1,63,8.9,1.2,-106.5
59.186470,31.269040,51.0,1.14,27,9.6,63.3,8.9,0.7,-100.2
59.192190,31.263330,56.0,0.70,28,9.5,63,8.8,0.7,-97.3
59.196180,31.259450,58.0,0.40,23,10.0,63,8.8,1.2,-105.1
59.196400,31.259230,58.0,0.00,25,9.9,63,8.8,1.1,-102.2
59.200100,31.255580,55.0,-0.65,30,9.6,63,8.8,0.8,-93.8
59.199890,31.255790,57.0,7.62,32,12.3,58,11.6,0.7,-56.5
59.204980,31.250690,56.0,-0.16,30,9.5,63,8.8,0.7,-93.8
59.205250,31.250420,56.0,0.00,14,10.9,63,8.8,2.1,-115.3
59.208760,31.247010,53.0,-0.69,20,10.4,63,8.8,1.7,-109.1
59.209210,31.246580,53.0,0.00,20,10.3,63,8.8,1.5,-109.1
59.210390,31.245400,56.0,2.04,24,10.0,61.9,9.0,1.0,-99.5
59.217660,31.238150,55.0,-0.11,26,9.8,63,8.8,1.0,-100.6
59.222340,31.233500,46.0,-1.54,21,10.5,64.8,8.8,1.7,-114.8
59.224920,31.230830,56.0,3.08,20,10.6,60.4,9.3,1.3,-99.2
59.226410,31.229010,52.0,-2.05,20,10.7,65.4,8.9,1.8,-118.9
59.227740,31.227170,52.0,0.00,23,10.1,63,8.8,1.3,-105.1
59.227960,31.226840,50.0,-6.49,25,11.7,68,10.8,0.9,-134.1
59.228630,31.225810,50.0,0.00,23,10.1,63,8.8,1.3,-105.1
59.229630,31.224130,52.0,1.36,26,9.7,63.0,8.9,0.8,-100.6
59.230390,31.222840,55.0,2.68,30,9.8,61.0,9.2,0.6,-86.2
59.232310,31.219190,59.0,1.34,30,9.4,63.0,8.9,0.5,-93.8
59.242830,31.197200,58.0,-0.06,29,9.5,63,8.8,0.7,-95.6
59.245370,31.191930,56.0,-0.49,28,9.7,63,8.8,0.9,-97.3
59.247290,31.188230,55.0,-0.33,33,9.2,63,8.8,0.5,-88.0
59.247650,31.187540,55.0,0.00,29,9.5,63,8.8,0.7,-95.6
59.248350,31.186110,52.0,-2.67,25,10.4,66.2,9.0,1.4,-114.8
59.250470,31.182830,56.0,1.33,26,9.7,63.0,8.9,0.8,-100.6
59.252090,31.180460,54.0,-0.89,24,10.1,63,8.8,1.3,-103.7
59.254740,31.177130,55.0,0.29,26,9.7,63,8.8,0.9,-100.6
59.256420,31.175300,52.0,-1.40,30,9.7,64.7,8.8,0.9,-100.4
59.257620,31.174010,54.0,1.31,32,9.3,63.0,8.9,0.3,-90.0
59.261740,31.170230,50.0,-0.79,37,9.0,63,8.8,0.2,-79.4
59.265870,31.166520,58.0,1.58,40,8.9,62.6,8.9,-0.1,-70.9
59.266940,31.165510,60.0,1.51,40,8.9,62.7,8.9,-0.1,-71.2
59.268950,31.163690,58.0,-0.81,44,8.8,63,8.8,-0.0,-62.1
59.270350,31.162430,53.0,-2.92,49,9.4,66.5,9.0,0.4,-61.8
59.275790,31.157500,55.0,0.30,52,8.7,65,8.9,-0.2,-46.5
59.282370,31.151490,66.0,1.36,52,8.7,65.0,8.9,-0.3,-46.5
59.286570,31.147710,69.0,0.58,54,8.7,65,8.9,-0.2,-40.0
59.290730,31.143860,61.0,-1.56,53,8.8,66.9,8.9,-0.0,-50.9
59.292620,31.142210,61.0,0.00,49,8.7,63,8.8,-0.1,-47.9
59.294480,31.140290,57.0,-1.71,49,8.9,65.1,8.9,0.1,-56.1
59.295820,31.138790,57.0,0.00,44,8.7,63,8.8,-0.1,-62.1
59.297100,31.137270,57.0,0.00,47,8.7,63,8.8,-0.1,-53.8
59.298480,31.135430,59.0,1.08,47,8.7,63.4,8.9,-0.2,-55.3
59.299630,31.133870,54.0,-3.21,49,9.5,66.9,9.1,0.5,-63.4
59.303000,31.129100,60.0,1.30,49,8.7,63.1,8.9,-0.3,-48.3
59.306490,31.124150,56.0,-0.83,49,8.7,63,8.8,-0.1,-47.9
59.306720,31.123800,56.0,0.00,21,10.2,63,8.8,1.4,-107.8
59.308220,31.121660,63.0,3.39,25,10.4,59.9,9.4,0.9,-90.5
59.309780,31.119260,61.0,-0.91,26,9.9,63,8.8,1.1,-100.6
59.313800,31.113340,49.0,-2.15,28,10.1,65.6,8.9,1.1,-107.5
59.317440,31.108350,61.0,2.43,27,9.9,61.4,9.1,0.8,-92.9
59.321050,31.103290,60.0,-0.20,29,9.6,63,8.8,0.8,-95.6
59.328200,31.093130,62.0,0.20,30,9.4,63,8.8,0.6,-93.8
59.335440,31.083120,64.0,0.20,30,9.4,63,8.8,0.6,-93.8
59.336080,31.082230,64.0,0.00,33,9.2,63,8.8,0.4,-88.0
59.336250,31.081980,64.0,0.00,36,8.9,63,8.8,0.1,-81.7
59.357320,31.052490,69.0,0.17,37,8.8,63,8.8,0.0,-79.4
59.359820,31.049120,61.0,-2.37,34,9.7,65.8,8.9,0.7,-97.0
59.360000,31.048840,61.0,0.00,35,9.0,63,8.8,0.2,-83.8
59.380450,31.019480,68.0,0.25,38,8.7,63,8.8,-0.0,-77.2
59.381630,31.017780,70.0,1.23,41,8.7,63.2,8.9,-0.1,-70.7
59.381850,31.017470,70.0,0.00,40,8.7,63,8.8,-0.1,-72.4
59.382930,31.015980,66.0,-2.73,37,9.7,66.3,9.0,0.7,-92.5
59.383670,31.014990,65.0,-1.00,34,9.3,64.2,8.8,0.4,-90.6
59.383910,31.014670,65.0,0.00,33,9.2,63,8.8,0.4,-88.0
59.386030,31.012160,67.0,0.73,33,9.1,63,8.8,0.3,-88.0
59.387990,31.010250,66.0,-0.41,31,9.4,63,8.8,0.6,-91.9
59.389520,31.009050,66.0,0.00,26,9.8,63,8.8,1.0,-100.6
59.390940,31.007980,57.0,-5.32,28,11.1,68,10.1,1.0,-123.2
59.393070,31.006620,67.0,4.02,30,10.2,63,9.8,0.5,-78.9
59.395350,31.005460,63.0,-1.53,26,10.0,64.8,8.8,1.2,-107.6
59.397180,31.004700,66.0,1.44,30,9.4,62.8,8.9,0.5,-93.0
59.408040,31.002140,51.0,-1.23,29,9.8,64.5,8.8,0.9,-101.4
59.415410,31.000390,56.0,0.61,29,9.4,63,8.9,0.6,-95.6
59.417050,31.000000,63.0,3.81,29,10.2,59.3,9.6,0.6,-81.8
59.418820,30.999580,56.0,-3.53,30,10.4,64.3,9.2,1.2,-110.5
59.420750,30.999140,56.0,0.00,1,12.3,63,8.8,3.4,-121.2
59.423500,30.998480,60.0,1.30,43,8.7,63.1,8.9,-0.2,-65.2
59.425410,30.997710,60.0,0.00,46,8.7,63,8.8,-0.1,-56.6
59.425910,30.997460,60.0,0.00,47,8.7,63,8.8,-0.1,-53.8
59.427470,30.996440,62.0,1.09,48,8.7,63.4,8.9,-0.2,-52.4
59.427880,30.996170,62.0,0.00,45,8.7,63,8.8,-0.1,-59.4
59.429690,30.994820,61.0,-0.46,41,8.8,63,8.8,0.0,-69.9
59.431970,30.992680,64.0,1.07,36,9.0,63.4,8.9,0.0,-83.2
59.434250,30.990050,62.0,-0.68,39,8.9,63,8.8,0.1,-74.8
59.436340,30.987040,53.0,-3.12,36,9.9,66.7,9.1,0.8,-96.3
59.437460,30.985180,53.0,0.00,33,9.2,63,8.8,0.4,-88.0
59.439300,30.981490,55.0,0.68,29,9.4,63,8.9,0.6,-95.6
59.442210,30.975710,62.0,1.52,28,9.6,62.7,8.9,0.7,-96.2
59.444700,30.970740,58.0,-1.01,30,9.6,64.2,8.8,0.8,-98.4
59.445250,30.969600,58.0,0.00,35,9.0,63,8.8,0.2,-83.8
59.446430,30.967150,66.0,4.19,39,9.8,58.7,9.8,0.1,-58.8
59.447820,30.964010,66.0,0.00,39,8.8,63,8.8,-0.0,-74.8
59.448870,30.961260,60.0,-3.09,39,9.8,66.7,9.1,0.7,-89.5
59.449840,30.958350,58.0,-1.02,4,12.0,64.2,8.8,3.1,-125.5
59.450900,30.954700,56.0,-0.84,31,9.5,63,8.8,0.7,-91.9
59.452860,30.947790,58.0,0.45,33,9.2,63,8.8,0.3,-88.0
59.454910,30.940270,63.0,1.04,38,8.8,63.4,8.9,-0.1,-78.7
59.457240,30.931650,65.0,0.36,39,8.7,63,8.8,-0.1,-74.8
59.459550,30.923050,68.0,0.55,44,8.7,63,8.8,-0.2,-62.1
59.464200,30.905870,61.0,-0.64,39,8.9,63,8.8,0.1,-74.8
59.467750,30.892890,45.0,-1.92,40,9.3,65.3,8.9,0.4,-81.4
59.468100,30.891610,43.0,-2.44,45,9.4,65.9,9.0,0.4,-70.8
59.468650,30.889670,43.0,0.00,43,8.7,63,8.9,-0.1,-64.8
59.468740,30.889370,47.0,20.32,48,20.1,58,20.0,0.1,-12.2
59.469370,30.887330,57.0,7.42,49,11.6,55.9,11.5,0.1,-22.1
59.470200,30.884820,56.0,-0.59,14,11.0,60.9,8.8,2.2,-115.3
59.472770,30.877580,49.0,-1.40,20,10.6,64.7,8.9,1.7,-115.7
59.478910,30.860270,58.0,0.75,24,9.9,63,8.9,1.0,-103.7
59.483660,30.846830,66.0,0.87,25,9.8,63,8.9,0.9,-102.2
59.488370,30.833510,55.0,-1.20,23,10.3,64.4,8.9,1.4,-110.6
59.489690,30.830270,58.0,1.28,25,9.8,63.1,8.9,0.9,-102.6
59.491070,30.827030,60.0,0.84,20,10.3,63,8.9,1.4,-109.1
59.493050,30.822960,62.0,0.63,20,10.3,63,8.9,1.4,-109.1
59.495170,30.819090,62.0,0.00,25,9.9,63,8.8,1.1,-102.2
59.499830,30.811010,53.0,-1.30,0,12.4,64.6,8.9,3.5,-127.5
59.500180,30.810400,60.0,13.47,31,16.1,59.599999999999994,15.2,0.9,-47.0
59.504720,30.802530,60.0,0.00,35,9.0,63,8.8,0.2,-83.8
59.515720,30.783390,68.0,0.49,36,8.9,63,8.8,0.1,-81.7
59.515830,30.783210,69.0,6.29,39,11.2,58,10.8,0.4,-48.0
59.521840,30.772710,68.0,-0.11,44,8.7,63,8.8,-0.1,-62.1
59.532820,30.754010,84.0,0.99,48,8.7,63,8.8,-0.2,-50.9
59.533560,30.752760,87.0,2.77,47,9.0,60.8,9.2,-0.2,-45.5
59.534420,30.751280,86.0,-0.79,43,8.8,63,8.8,0.1,-64.8
59.536930,30.746950,83.0,-0.81,47,8.8,63,8.8,-0.0,-53.8
59.538570,30.744170,88.0,2.08,52,8.8,63.9,9.0,-0.2,-42.1
59.540320,30.741390,77.0,-4.40,18,11.5,68.3,9.5,1.9,-132.6
59.541920,30.739310,79.0,0.94,20,10.3,63.3,8.9,1.4,-109.1
59.543550,30.737400,80.0,0.47,20,10.3,63,8.8,1.5,-109.1
59.547120,30.734340,86.0,1.39,23,10.0,62.9,8.9,1.1,-104.7
59.548870,30.732720,88.0,0.93,28,9.5,63,8.8,0.7,-97.3
59.551130,30.730110,80.0,-2.75,25,10.4,66.3,9.0,1.4,-115.2
59.551810,30.729180,80.0,0.00,30,9.4,63,8.8,0.6,-93.8
59.552150,30.728710,92.0,26.00,32,24.7,58,24.2,0.5,-45.1
59.552520,30.728170,92.0,0.00,35,9.0,63,8.7,0.2,-83.8
59.552930,30.727530,92.0,0.00,39,8.8,63,8.7,0.0,-74.8
59.553370,30.726790,91.0,-1.56,36,9.3,64.9,8.9,0.4,-89.1
59.553680,30.726240,91.0,0.00,32,9.2,63,8.7,0.4,-90.0
59.554170,30.725330,91.0,0.00,36,8.9,63,8.7,0.2,-81.7
59.554620,30.724440,91.0,0.00,33,9.1,63,8.7,0.4,-88.0
59.555110,30.723410,91.0,0.00,29,9.4,63,8.7,0.7,-95.6
59.555500,30.722530,92.0,1.52,30,9.4,62.7,8.9,0.5,-92.6
59.555840,30.721730,92.0,0.00,0,12.4,63,8.7,3.7,-121.3
59.556120,30.721040,92.0,0.00,42,8.7,63,8.7,-0.0,-67.4
59.556460,30.720110,80.0,-18.57,43,18.8,68,19.4,-0.6,-106.3
59.556810,30.719140,80.0,0.00,45,8.7,63,8.8,-0.1,-59.4
59.557130,30.718230,81.0,1.60,44,8.8,62.6,8.9,-0.2,-60.6
59.557490,30.717190,81.0,0.00,43,8.7,63,8.8,-0.1,-64.8
59.557780,30.716250,82.0,1.61,46,8.7,62.6,8.9,-0.2,-55.1
59.558090,30.715210,82.0,0.00,49,8.7,63,8.8,-0.1,-47.9
59.558390,30.714100,83.0,1.41,46,8.7,62.9,8.9,-0.2,-56.2
59.558660,30.713070,83.0,0.00,43,8.7,63,8.8,-0.1,-64.8
59.558960,30.711810,80.0,-3.82,44,9.9,67.6,9.3,0.6,-80.5
59.559240,30.710500,80.0,0.00,47,8.7,63,8.8,-0.1,-53.8
59.559500,30.709200,77.0,-3.81,42,10.0,67.6,9.3,0.7,-85.7
59.559720,30.708000,76.0,-1.39,38,9.2,64.7,8.9,0.3,-83.8
59.559920,30.706840,76.0,0.00,35,9.0,63,8.8,0.2,-83.8
59.560140,30.705410,76.0,0.00,33,9.2,63,8.8,0.4,-88.0
59.560340,30.704190,76.0,0.00,38,8.8,63,8.8,0.0,-77.2
59.560670,30.702370,77.0,0.92,43,8.7,63,8.9,-0.2,-64.8
59.561090,30.700340,78.0,0.81,21,10.2,63,8.9,1.3,-107.8
59.561430,30.698780,73.0,-5.23,21,11.5,68,10.0,1.5,-133.3
59.561810,30.697190,70.0,-3.03,20,10.9,66.6,9.1,1.8,-123.3
59.562180,30.695780,72.0,2.24,23,10.2,61.6,9.0,1.2,-99.8
59.562500,30.694670,68.0,-5.56,28,11.2,66.6,10.2,1.0,-124.5
59.562860,30.693490,71.0,3.87,26,10.5,61.599999999999994,9.7,0.8,-86.4
59.563250,30.692320,71.0,0.00,0,12.4,63,8.8,3.6,-121.3
59.563610,30.691250,73.0,2.76,36,9.4,60.9,9.2,0.2,-73.7
59.564060,30.690000,73.0,0.00,40,8.8,63,8.8,-0.0,-72.4
59.564560,30.688660,74.0,1.07,42,8.7,63.4,8.9,-0.2,-68.9
59.564990,30.687580,74.0,0.00,40,8.8,63,8.8,-0.0,-72.4
59.565640,30.685960,68.0,-5.15,36,10.7,68,10.0,0.7,-106.7
59.565790,30.685620,68.0,0.00,33,9.2,63,8.8,0.4,-88.0
59.566150,30.684820,58.0,-16.59,31,17.1,68,17.8,-0.8,-133.5
59.566360,30.684380,58.0,0.00,33,9.2,63,8.8,0.4,-88.0
59.566700,30.683700,64.0,11.15,33,14.5,58,13.8,0.8,-43.1
59.567310,30.682540,63.0,-1.06,32,9.4,63,8.9,0.6,-95.0
59.567950,30.681370,63.0,0.00,30,9.4,63,8.8,0.6,-93.8
59.568700,30.680100,60.0,-2.73,27,10.3,66.3,9.1,1.3,-112.0
59.569150,30.679380,65.0,7.76,24,12.8,61.3,11.7,1.1,-69.5
59.569610,30.678720,66.0,1.58,21,10.2,62.6,9.0,1.3,-106.3
59.570190,30.677900,66.0,0.00,24,9.9,63,8.8,1.1,-103.7
59.570790,30.677080,66.0,0.00,20,10.3,63,8.8,1.5,-109.1
59.571150,30.676600,67.0,2.07,20,10.4,61.9,9.0,1.4,-104.9
59.571510,30.676140,67.0,0.00,20,10.3,63,8.8,1.5,-109.1
59.572210,30.675270,67.0,0.00,23,10.0,63,8.8,1.2,-105.1
59.572960,30.674340,65.0,-2.03,27,10.1,65.4,9.0,1.1,-108.4
59.574300,30.672670,66.0,0.57,22,10.1,63,8.9,1.2,-106.5
59.575730,30.670870,64.0,-1.06,25,10.1,64.3,8.9,1.2,-107.2
59.576070,30.670450,64.0,0.00,25,9.9,63,8.8,1.0,-102.2
59.578570,30.667380,63.0,-0.31,0,12.4,63,8.8,3.6,-121.3
59.580360,30.665150,62.0,-0.42,45,8.8,63,8.8,-0.1,-59.4
59.580940,30.664460,61.0,-1.33,49,8.9,64.6,8.9,0.0,-54.1
59.581890,30.663460,58.0,-2.51,53,9.2,66.0,9.0,0.1,-47.3
59.582320,30.663060,58.0,0.00,52,8.8,65,8.9,-0.1,-46.5
59.582790,30.662650,58.0,0.00,51,8.8,65,8.9,-0.1,-49.6
59.583500,30.662030,64.0,6.95,25,12.2,60,11.2,1.0,-72.0
59.584290,30.661390,64.0,0.00,28,9.6,63,8.8,0.8,-97.3
59.585010,30.660860,64.0,0.00,31,9.4,63,8.8,0.5,-91.9
59.586490,30.659960,67.0,1.74,36,9.1,62.4,9.0,0.1,-79.4
59.588160,30.659090,68.0,0.52,33,9.2,63,8.9,0.3,-88.0
59.589640,30.658360,67.0,-0.59,36,9.1,63,8.8,0.2,-81.7
59.591070,30.657990,65.0,-1.25,31,9.6,64.5,8.9,0.7,-97.8
59.592830,30.657680,62.0,-1.53,30,9.7,64.8,8.9,0.8,-100.8
59.594310,30.657620,61.0,-0.61,29,9.6,63,8.9,0.8,-95.6
59.598510,30.657270,58.0,-0.64,24,10.1,63,8.9,1.2,-103.7
59.598640,30.657260,58.0,0.00,25,9.9,63,8.9,1.0,-102.2
59.607400,30.656700,57.0,-0.10,22,10.2,63,8.9,1.3,-106.5
59.633050,30.654990,47.0,-0.35,20,10.4,63,8.9,1.6,-109.1
59.633860,30.654910,53.0,6.65,24,12.1,58,11.1,1.1,-74.8
59.634560,30.654870,53.0,0.00,20,10.4,63,8.9,1.5,-109.1
59.635990,30.654820,54.0,0.63,22,10.1,63,8.9,1.2,-106.5
59.636710,30.654740,54.0,0.00,20,10.4,63,8.9,1.5,-109.1
59.638290,30.654560,54.0,0.00,24,10.0,63,8.9,1.1,-103.7
59.639760,30.654260,57.0,1.83,25,9.9,62.3,9.0,0.9,-99.5
59.640950,30.653970,56.0,-0.75,25,10.0,63,8.9,1.2,-102.2
59.641140,30.653890,56.0,0.00,24,10.0,63,8.9,1.1,-103.7
59.641530,30.653730,56.0,0.00,25,9.9,63,8.9,1.0,-102.2
59.643030,30.653050,57.0,0.58,24,9.9,63,8.9,1.0,-103.7
59.644270,30.652360,60.0,2.09,20,10.5,61.9,9.1,1.4,-104.9
59.646390,30.651000,61.0,0.40,20,10.3,63,8.9,1.4,-109.1
59.647550,30.650100,61.0,0.00,20,10.3,63,8.8,1.5,-109.1
59.648700,30.649040,58.0,-2.13,22,10.5,65.6,9.0,1.5,-116.7
59.649640,30.648060,58.0,0.00,22,10.2,63,8.9,1.3,-106.5
59.651880,30.645290,57.0,-0.34,20,10.4,63,8.9,1.5,-109.1
59.653300,30.643250,57.0,0.00,21,10.3,63,8.9,1.4,-107.8
59.654300,30.641600,57.0,0.00,0,12.4,63,8.9,3.5,-121.3
59.655290,30.639720,57.0,0.00,31,9.4,63,8.9,0.5,-91.9
59.656920,30.636650,55.0,-0.80,36,9.1,63,8.9,0.2,-81.7
59.657030,30.636450,55.0,0.00,33,9.3,63,8.9,0.4,-88.0
59.663630,30.624150,44.0,-1.09,28,9.9,64.3,8.9,1.0,-102.4
59.666290,30.619220,45.0,0.25,24,10.0,63,8.9,1.1,-103.7
59.666510,30.618810,45.0,0.00,20,10.4,63,8.9,1.5,-109.1
59.674450,30.603830,41.0,-0.33,20,10.5,63,8.9,1.6,-109.1
59.677570,30.597940,37.0,-0.83,20,10.6,63,8.9,1.7,-109.1
59.680860,30.591820,32.0,-1.00,24,10.3,63,8.9,1.3,-103.7
59.683690,30.586630,33.0,0.23,29,9.6,63,9.0,0.7,-95.6
59.686440,30.581820,32.0,-0.25,29,9.7,63,8.9,0.8,-95.6
59.689430,30.576630,31.0,-0.23,26,10.0,63,8.9,1.0,-100.6
59.689870,30.575890,27.0,-6.23,25,11.7,68,10.7,1.0,-132.8
59.691200,30.573590,27.0,0.00,27,9.9,63,9.0,0.9,-99.0
59.694830,30.567260,21.0,-1.12,0,12.5,64.3,9.0,3.5,-126.3
59.695460,30.566060,23.0,2.06,37,9.3,61.9,9.2,0.0,-75.2
59.695890,30.565230,26.0,4.49,34,10.4,58.3,10.2,0.3,-68.5
59.696370,30.564270,26.0,0.00,32,9.5,63,9.0,0.5,-90.0
59.696730,30.563540,26.0,0.00,33,9.4,63,9.0,0.4,-88.0
59.698780,30.559320,25.0,-0.30,33,9.4,63,9.0,0.5,-88.0
59.699940,30.556930,24.0,-0.54,34,9.4,63,8.9,0.4,-86.0
59.700630,30.555500,23.0,-0.90,32,9.6,63,9.0,0.7,-90.0
59.700890,30.554990,23.0,0.00,28,9.8,63,9.0,0.8,-97.3
59.701550,30.553670,23.0,0.00,30,9.6,63,9.0,0.7,-93.8
59.703960,30.548720,22.0,-0.26,35,9.3,63,9.0,0.3,-83.8
59.704820,30.546960,23.0,0.73,39,9.0,63,9.0,-0.0,-74.8
59.705870,30.544820,21.0,-1.19,36,9.4,64.4,9.0,0.4,-87.1
59.707500,30.541580,21.0,0.00,33,9.4,63,9.0,0.4,-88.0
59.708960,30.538850,18.0,-1.34,37,9.4,64.6,9.0,0.4,-85.7
59.709700,30.537460,20.0,1.76,32,9.5,62.4,9.2,0.3,-87.7
59.710280,30.536360,20.0,0.00,32,9.5,63,9.0,0.5,-90.0
59.710900,30.535190,21.0,1.05,0,12.4,63.4,9.1,3.3,-122.8
59.711560,30.533970,21.0,0.00,43,8.9,63,9.0,-0.1,-64.8
59.712210,30.532690,18.0,-2.95,39,9.9,66.5,9.2,0.7,-88.6
59.712880,30.531480,21.0,2.98,34,9.7,61.5,9.6,0.1,-76.5
59.713490,30.530280,19.0,-2.09,32,9.9,65.5,9.1,0.9,-99.8
59.714150,30.529010,19.0,0.00,29,9.7,63,9.0,0.8,-95.6
59.714800,30.527800,18.0,-1.01,28,10.0,64.2,9.0,1.0,-102.0
59.715430,30.526590,19.0,1.03,27,9.8,63.5,9.1,0.7,-100.9
59.716080,30.525290,19.0,0.00,30,9.7,63,9.0,0.7,-93.8
59.716730,30.524080,18.0,-1.01,33,9.6,64.2,9.0,0.6,-92.7
59.716810,30.523940,18.0,0.00,33,9.4,63,9.0,0.4,-88.0
59.717050,30.523510,18.0,0.00,37,9.1,63,9.0,0.1,-79.4
59.717400,30.522880,18.0,0.00,39,9.1,63,9.0,0.1,-74.8
59.718080,30.521730,18.0,0.00,34,9.3,63,9.0,0.3,-86.0
59.718780,30.520620,18.0,0.00,39,9.1,63,9.0,0.1,-74.8
59.719500,30.519560,18.0,0.00,36,9.2,63,9.0,0.2,-81.7
59.719980,30.518910,18.0,0.00,36,9.2,63,9.0,0.2,-81.7
59.720240,30.518560,19.0,2.86,32,9.8,60.7,9.5,0.3,-81.3
59.721000,30.517630,17.0,-2.01,31,10.0,65.4,9.1,0.9,-101.3
59.721760,30.516710,17.0,0.00,28,9.8,63,9.0,0.8,-97.3
59.722200,30.516230,17.0,0.00,28,9.8,63,9.0,0.8,-97.3
59.722560,30.515840,17.0,0.00,30,9.7,63,9.0,0.7,-93.8
59.723320,30.515060,18.0,1.05,28,9.8,63.4,9.1,0.6,-98.9
59.724210,30.514240,18.0,0.00,31,9.6,63,9.0,0.6,-91.9
59.724630,30.513870,18.0,0.00,29,9.8,63,9.0,0.8,-95.6
59.724990,30.513620,18.0,0.00,28,9.8,63,9.0,0.8,-97.3
59.726490,30.512380,18.0,0.00,29,9.8,63,9.0,0.8,-95.6
59.729110,30.510300,17.0,-0.32,24,10.2,63,9.0,1.3,-103.7
59.729980,30.509620,16.0,-0.96,27,10.1,63,9.0,1.1,-99.0
59.730800,30.508980,16.0,0.00,24,10.2,63,9.0,1.2,-103.7
59.731640,30.508320,17.0,1.00,22,10.2,63,9.1,1.1,-106.5
59.732500,30.507650,17.0,0.00,22,10.4,63,9.0,1.4,-106.5
59.733320,30.506990,17.0,0.00,23,10.3,63,9.0,1.3,-105.1
59.734140,30.506250,15.0,-2.00,22,10.7,65.4,9.1,1.6,-115.9
59.734950,30.505460,17.0,1.99,21,10.4,62.0,9.3,1.1,-104.0
59.735740,30.504620,17.0,0.00,24,10.2,63,9.0,1.2,-103.7
59.736540,30.503750,17.0,0.00,24,10.2,63,9.0,1.2,-103.7
59.737280,30.502860,17.0,0.00,20,10.5,63,9.0,1.5,-109.1
59.738040,30.501870,16.0,-0.99,20,10.7,63,9.0,1.7,-109.1
59.738790,30.500900,16.0,0.00,23,10.3,63,9.0,1.3,-105.1
59.739520,30.499840,16.0,0.00,20,10.5,63,9.0,1.5,-109.1
59.740230,30.498730,17.0,0.99,20,10.4,63,9.1,1.3,-109.1
59.740640,30.498060,17.0,0.00,20,10.5,63,9.0,1.5,-109.1
59.740920,30.497600,16.0,-2.47,20,11.0,66.0,9.2,1.8,-120.9
59.742000,30.495650,13.0,-1.85,20,10.9,65.2,9.1,1.8,-117.7
59.742480,30.494790,13.0,0.00,20,10.6,63,9.0,1.5,-109.1
59.742960,30.493880,13.0,0.00,0,12.4,63,9.0,3.4,-121.3
59.743290,30.493120,14.0,1.78,35,9.4,62.3,9.2,0.1,-81.2
59.743610,30.492450,14.0,0.00,36,9.2,63,9.0,0.2,-81.7
59.743900,30.491840,18.0,8.51,36,12.9,58,12.3,0.5,-43.7
59.744480,30.490470,21.0,2.99,35,9.7,60.5,9.6,0.1,-74.4
59.744930,30.489430,18.0,-3.91,30,10.6,65.5,9.6,1.1,-112.5
59.745080,30.489020,18.0,0.00,32,9.5,63,9.0,0.5,-90.0
59.745610,30.487600,18.0,0.00,32,9.5,63,9.0,0.5,-90.0
59.746130,30.486140,16.0,-2.00,28,10.2,65.4,9.1,1.1,-106.7
59.746630,30.484660,16.0,0.00,24,10.2,63,9.0,1.2,-103.7
59.747090,30.483110,16.0,0.00,21,10.5,63,9.0,1.4,-107.8
59.747530,30.481540,16.0,0.00,20,10.5,63,9.0,1.5,-109.1
59.747980,30.480050,17.0,1.03,21,10.3,63.5,9.1,1.2,-109.7
59.748400,30.478450,17.0,0.00,20,10.5,63,9.0,1.5,-109.1
59.748760,30.476860,17.0,0.00,20,10.5,63,9.0,1.5,-109.1
59.748980,30.475870,17.0,0.00,20,10.5,63,9.0,1.5,-109.1
59.749420,30.473530,16.0,-0.71,22,10.5,63,9.0,1.5,-106.5
59.749600,30.472640,17.0,1.86,20,10.5,62.2,9.2,1.2,-106.0
59.749740,30.471790,17.0,0.00,20,10.5,63,9.0,1.5,-109.1
59.749790,30.471540,17.0,0.00,24,10.2,63,9.0,1.2,-103.7
59.750030,30.470070,17.0,0.00,25,10.1,63,9.0,1.1,-102.2
59.750280,30.468340,17.0,0.00,25,10.1,63,9.0,1.1,-102.2
59.750510,30.466590,17.0,0.00,24,10.2,63,9.0,1.2,-103.7
59.750710,30.464860,17.0,0.00,20,10.5,63,9.0,1.5,-109.1
59.750880,30.463240,18.0,1.08,20,10.4,63.4,9.1,1.3,-110.6
59.751230,30.459770,17.0,-0.50,20,10.6,63,9.0,1.6,-109.1
59.751390,30.457980,18.0,0.98,0,12.4,63,9.1,3.3,-121.3
59.751530,30.456250,18.0,0.00,41,9.0,63,9.0,0.0,-69.9
59.751680,30.454520,18.0,0.00,46,8.9,63,9.0,-0.1,-56.6
59.751850,30.452730,17.0,-0.98,42,9.1,63,9.0,0.1,-67.4
59.752020,30.450980,18.0,1.00,26,9.9,63.5,9.1,0.8,-102.6
59.752160,30.449220,19.0,1.00,23,10.1,63.5,9.1,1.0,-107.0
59.752330,30.447470,19.0,0.00,23,10.3,63,9.0,1.3,-105.1
59.752490,30.445650,19.0,0.00,22,10.4,63,9.0,1.3,-106.5
59.752640,30.443880,19.0,0.00,25,10.1,63,9.0,1.1,-102.2
59.752800,30.442100,19.0,0.00,24,10.2,63,9.0,1.2,-103.7
59.752970,30.440310,19.0,0.00,21,10.5,63,9.0,1.4,-107.8
59.753120,30.438600,19.0,0.00,21,10.5,63,9.0,1.4,-107.8
59.753260,30.437170,19.0,0.00,20,10.5,63,9.0,1.5,-109.1
59.753290,30.436830,19.0,0.00,20,10.5,63,9.0,1.5,-109.1
59.753320,30.436550,19.0,0.00,20,10.5,63,9.0,1.5,-109.1
59.753460,30.434930,19.0,0.00,20,10.5,63,9.0,1.5,-109.1
59.753590,30.433420,19.0,0.00,21,10.5,63,9.0,1.4,-107.8
59.753730,30.431680,18.0,-1.01,21,10.6,64.2,9.0,1.6,-112.5
59.753880,30.429910,20.0,1.99,21,10.4,62.0,9.3,1.1,-104.0
59.754050,30.428160,20.0,0.00,24,10.2,63,9.0,1.2,-103.7
59.754200,30.426370,19.0,-0.98,25,10.3,63,9.0,1.2,-102.2
59.754360,30.424610,20.0,1.00,26,9.9,63,9.1,0.8,-100.6
59.754510,30.422890,21.0,1.02,30,9.6,63.5,9.1,0.5,-95.7
59.754680,30.421150,21.0,0.00,35,9.3,63,9.0,0.3,-83.8
59.754830,30.419380,21.0,0.00,31,9.6,63,9.0,0.6,-91.9
59.755000,30.417630,21.0,0.00,28,9.8,63,9.0,0.8,-97.3
59.755160,30.415890,22.0,1.01,24,10.1,63.5,9.1,0.9,-105.6
59.755460,30.412660,25.0,1.63,20,10.4,62.6,9.2,1.3,-107.5
59.755490,30.412170,22.0,-10.85,20,13.7,67.6,13.8,-0.1,-150.6
59.755640,30.410500,22.0,0.00,20,10.5,63,9.0,1.5,-109.1
59.755830,30.408620,23.0,0.93,25,10.0,63,9.1,0.9,-102.2
59.755960,30.406990,22.0,-1.08,24,10.4,64.3,9.0,1.3,-108.7
59.756110,30.405340,22.0,0.00,20,10.5,63,9.0,1.5,-109.1
59.756280,30.403580,23.0,1.00,20,10.4,63,9.1,1.3,-109.1
59.756430,30.401850,23.0,0.00,21,10.4,63,9.0,1.4,-107.8
59.756610,30.400080,23.0,0.00,20,10.5,63,9.0,1.5,-109.1
59.756810,30.398380,24.0,1.02,0,12.4,63.5,9.1,3.3,-123.2
59.757050,30.396650,26.0,1.99,36,9.3,62.0,9.3,0.1,-77.9
59.757330,30.394980,28.0,2.03,33,9.5,62.0,9.3,0.2,-84.2
59.757440,30.394320,28.0,0.00,38,9.1,63,9.0,0.1,-77.2
59.757740,30.392670,30.0,2.04,33,9.5,61.9,9.2,0.3,-83.8
59.757960,30.391570,31.0,1.51,29,9.7,62.7,9.1,0.5,-94.4
59.758330,30.389910,31.0,0.00,24,10.1,63,9.0,1.1,-103.7
59.758710,30.388420,29.0,-2.14,22,10.7,65.6,9.1,1.6,-116.7
59.759110,30.386900,29.0,0.00,20,10.5,63,9.0,1.5,-109.1
59.759540,30.385390,31.0,2.06,20,10.5,61.9,9.2,1.3,-104.9
59.759650,30.385050,31.0,0.00,22,10.3,63,9.0,1.3,-106.5
59.759840,30.384380,31.0,0.00,20,10.5,63,9.0,1.5,-109.1
59.759970,30.383940,31.0,0.00,21,10.4,63,9.0,1.4,-107.8
59.760280,30.382930,37.0,9.06,20,13.8,58,12.6,1.3,-68.5
59.760630,30.381820,35.0,-2.73,25,10.6,63,9.2,1.4,-115.2
59.760780,30.381420,35.0,0.00,23,10.2,63,9.0,1.2,-105.1
59.760990,30.380840,35.0,0.00,20,10.5,63,9.0,1.5,-109.1
59.761260,30.380100,35.0,0.00,20,10.5,63,9.0,1.5,-109.1
59.761520,30.379380,35.0,0.00,20,10.5,63,9.0,1.5,-109.1
59.761780,30.378690,32.0,-6.22,20,12.0,68,10.7,1.3,-139.6
59.762050,30.378030,32.0,0.00,25,10.1,63,9.0,1.1,-102.2
59.762330,30.377370,32.0,0.00,24,10.1,63,9.0,1.1,-103.7
59.762610,30.376710,26.0,-12.42,29,14.3,68,14.9,-0.6,-137.1
59.762900,30.376050,26.0,0.00,32,9.5,63,9.0,0.5,-90.0
59.763210,30.375360,26.0,0.00,36,9.2,63,9.0,0.2,-81.7
59.763510,30.374720,25.0,-2.04,34,9.8,65.5,9.1,0.6,-95.8
59.763830,30.374090,25.0,0.00,30,9.7,63,9.0,0.6,-93.8
59.764150,30.373460,25.0,0.00,34,9.4,63,9.0,0.4,-86.0
59.764460,30.372880,25.0,0.00,35,9.3,63,9.0,0.3,-83.8
59.764810,30.372240,25.0,0.00,37,9.2,63,9.0,0.2,-79.4
59.765100,30.371670,25.0,0.00,38,9.1,63,9.0,0.1,-77.2
59.765460,30.371070,25.0,0.00,40,9.1,63,9.0,0.0,-72.4
59.765800,30.370510,24.0,-2.04,36,9.7,65.4,9.1,0.5,-91.1
59.766150,30.369950,24.0,0.00,40,9.1,63,9.0,0.1,-72.4
59.766500,30.369400,24.0,0.00,39,9.1,63,9.0,0.1,-74.8
59.766850,30.368880,24.0,0.00,43,9.0,63,9.0,-0.0,-64.8
59.767220,30.368350,24.0,0.00,44,9.0,63,9.0,-0.1,-62.1
59.767590,30.367840,24.0,0.00,46,8.9,63,9.0,-0.1,-56.6
59.767960,30.367340,24.0,0.00,50,8.9,65,9.1,-0.1,-52.7
59.768340,30.366850,24.0,0.00,52,8.9,65,9.1,-0.1,-46.5
59.768710,30.366380,24.0,0.00,22,10.4,63,9.0,1.3,-106.5
59.769110,30.365910,25.0,1.94,20,10.5,62.1,9.3,1.2,-105.6
59.769490,30.365470,25.0,0.00,21,10.4,63,9.0,1.4,-107.8
59.769880,30.365030,25.0,0.00,24,10.2,63,9.0,1.1,-103.7
59.770270,30.364610,25.0,0.00,28,9.8,63,9.0,0.8,-97.3
59.770680,30.364190,24.0,-1.95,27,10.3,65.3,9.1,1.2,-108.0
59.771070,30.363810,26.0,4.14,6,12.3,60.3,10.1,2.2,-104.5
59.771490,30.363420,26.0,0.00,41,9.0,63,9.0,0.0,-69.9
59.771750,30.363170,26.0,0.00,36,9.3,63,9.0,0.2,-81.7
59.771880,30.363060,26.0,0.00,35,9.3,63,9.0,0.3,-83.8
59.772310,30.362670,26.0,0.00,37,9.2,63,9.0,0.2,-79.4
59.772760,30.362260,26.0,0.00,42,9.0,63,9.0,-0.0,-67.4
59.772830,30.362190,26.0,0.00,41,9.0,63,9.0,0.0,-69.9
59.773120,30.361940,26.0,0.00,40,9.1,63,9.0,0.0,-72.4
59.773520,30.361580,26.0,0.00,38,9.1,63,9.0,0.1,-77.2
59.773920,30.361200,26.0,0.00,36,9.3,63,9.0,0.2,-81.7
59.774610,30.360740,26.0,0.00,39,9.1,63,9.0,0.1,-74.8
59.775180,30.360220,25.0,-1.43,44,9.2,64.7,9.1,0.1,-68.8
59.775780,30.359670,25.0,0.00,47,8.9,63,9.0,-0.1,-53.8
59.776380,30.358980,25.0,0.00,42,9.0,63,9.0,-0.0,-67.4
59.776730,30.358720,25.0,0.00,12,11.2,63,9.0,2.2,-116.9
59.777160,30.358320,23.0,-3.79,20,11.3,67.5,9.6,1.7,-127.0
59.780060,30.355700,23.0,0.00,20,10.5,63,9.0,1.5,-109.1
59.780870,30.354970,23.0,0.00,22,10.4,63,9.0,1.3,-106.5
59.782860,30.353160,22.0,-0.41,22,10.4,63,9.0,1.4,-106.5
59.784670,30.351540,22.0,0.00,27,9.9,63,9.0,0.9,-99.0
59.785120,30.351130,22.0,0.00,23,10.3,63,9.0,1.2,-105.1
59.785350,30.350920,22.0,0.00,22,10.4,63,9.0,1.3,-106.5
59.786150,30.350190,21.0,-1.02,26,10.2,64.2,9.1,1.1,-105.3
59.786570,30.349780,21.0,0.00,21,10.5,63,9.1,1.4,-107.8
59.786990,30.349430,21.0,0.00,26,10.0,63,9.1,1.0,-100.6
59.787400,30.349110,21.0,0.00,29,9.8,63,9.1,0.7,-95.6
59.787830,30.348780,21.0,0.00,33,9.5,63,9.1,0.4,-88.0
59.788250,30.348480,21.0,0.00,30,9.7,63,9.1,0.6,-93.8
59.788670,30.348200,21.0,0.00,26,10.0,63,9.1,1.0,-100.6
59.789090,30.347940,21.0,0.00,27,9.9,63,9.1,0.9,-99.0
59.789520,30.347680,20.0,-2.00,32,9.9,65.4,9.2,0.8,-99.4
59.789960,30.347430,21.0,1.97,36,9.4,62.1,9.3,0.1,-78.2
59.790820,30.346980,21.0,0.00,36,9.3,63,9.1,0.2,-81.7
59.791260,30.346780,21.0,0.00,38,9.2,63,9.1,0.1,-77.2
59.791700,30.346600,20.0,-2.00,38,9.6,65.4,9.2,0.5,-86.6
59.792150,30.346420,20.0,0.00,42,9.1,63,9.1,0.0,-67.4
59.792580,30.346260,20.0,0.00,39,9.2,63,9.1,0.1,-74.8
59.793460,30.345930,20.0,0.00,44,9.0,63,9.1,-0.1,-62.1
59.793730,30.345820,19.0,-3.26,43,10.0,66.9,9.4,0.5,-80.3
59.793900,30.345750,21.0,10.36,43,13.8,61.900000000000006,13.4,0.4,-26.1
59.794340,30.345550,21.0,0.00,43,9.0,63,9.1,-0.0,-64.8
59.794780,30.345310,21.0,0.00,38,9.2,63,9.1,0.1,-77.2
59.795210,30.345030,21.0,0.00,36,9.3,63,9.1,0.2,-81.7
59.795420,30.344890,21.0,0.00,40,9.1,63,9.1,0.1,-72.4
59.795630,30.344720,21.0,0.00,41,9.1,63,9.1,0.0,-69.9
59.796050,30.344380,22.0,1.98,43,9.2,62.0,9.3,-0.1,-61.0
59.796430,30.344020,22.0,0.00,41,9.1,63,9.1,0.0,-69.9
59.796850,30.343610,21.0,-1.92,43,9.5,65.3,9.2,0.3,-73.8
59.797650,30.342770,21.0,0.00,46,9.0,63,9.1,-0.1,-56.6
59.799340,30.341000,20.0,-0.47,48,9.0,63,9.1,-0.1,-50.9
59.801370,30.338840,21.0,0.39,50,9.0,65,9.1,-0.2,-52.7
59.801600,30.338620,21.0,0.00,48,9.0,63,9.1,-0.1,-50.9
59.801900,30.338320,21.0,0.00,52,9.0,65,9.1,-0.1,-46.5
59.802370,30.337800,23.0,3.34,55,9.6,62.0,9.8,-0.1,-25.0
59.802530,30.337570,23.0,0.00,60,9.0,65,9.1,-0.1,-19.1
59.803150,30.336860,21.0,-2.51,64,9.2,68.0,9.3,-0.1,-16.1
59.803940,30.335960,21.0,0.00,64,9.1,65,9.1,-0.0,-3.9
59.804290,30.335570,21.0,0.00,64,9.1,65,9.1,-0.0,-3.9
59.804880,30.334950,20.0,-1.35,60,9.1,66.6,9.2,-0.1,-25.5
59.805370,30.334450,20.0,0.00,65,9.1,65,9.1,0.0,0.0
59.805570,30.334250,20.0,0.00,61,9.0,65,9.1,-0.1,-15.4
59.805960,30.333850,20.0,0.00,63,9.1,65,9.1,-0.0,-7.8
59.806180,30.333630,20.0,0.00,60,9.0,65,9.1,-0.1,-19.1
59.806330,30.333490,20.0,0.00,63,9.1,65,9.1,-0.0,-7.8
59.806770,30.333090,19.0,-1.86,61,9.1,67.2,9.2,-0.1,-24.3
59.807190,30.332690,19.0,0.00,65,9.1,65,9.1,0.0,0.0
59.807610,30.332300,19.0,0.00,67,9.2,65,9.1,0.1,8.1
59.808000,30.331960,19.0,0.00,70,9.3,65,9.1,0.2,20.6
59.808360,30.331650,22.0,6.88,75,11.6,60,11.4,0.2,63.0
59.808690,30.331350,22.0,0.00,70,9.3,65,9.1,0.2,20.6
59.809000,30.331050,20.0,-5.22,73,10.2,70,10.2,0.0,7.5
59.809330,30.330730,20.0,0.00,72,9.4,65,9.1,0.3,29.3
59.809600,30.330430,20.0,0.00,76,9.6,68,9.2,0.4,35.2
59.809720,30.330290,20.0,0.00,80,9.7,68,9.2,0.6,54.3
59.809820,30.330180,20.0,0.00,81,9.8,68,9.2,0.6,59.2
59.809850,30.330150,20.0,0.00,81,9.8,68,9.2,0.6,59.2
59.809930,30.330050,20.0,0.00,80,9.7,68,9.2,0.6,54.3
59.810050,30.329900,20.0,0.00,75,9.5,65,9.1,0.4,42.8
59.810240,30.329630,20.0,0.00,70,9.3,65,9.1,0.2,20.6
59.810440,30.329300,21.0,3.46,75,10.1,64.8,9.9,0.3,43.6
59.810510,30.329180,21.0,0.00,74,9.5,65,9.1,0.3,38.2
59.810580,30.329070,21.0,0.00,72,9.4,65,9.1,0.3,29.3
59.810760,30.328780,21.0,0.00,77,9.6,68,9.2,0.4,39.9
59.811010,30.328330,21.0,0.00,73,9.4,65,9.1,0.3,33.7
59.811240,30.327890,21.0,0.00,72,9.4,65,9.1,0.3,29.3
59.811430,30.327500,21.0,0.00,69,9.2,65,9.1,0.1,16.4
59.811650,30.327070,20.0,-2.92,73,9.5,68.5,9.4,0.1,19.5
59.811880,30.326520,20.0,0.00,74,9.5,65,9.1,0.3,38.2
59.812040,30.326110,20.0,0.00,71,9.3,65,9.1,0.2,24.9
59.812150,30.325810,20.0,0.00,74,9.5,65,9.1,0.3,38.2
59.812200,30.325680,20.0,0.00,76,9.6,68,9.2,0.4,35.2
59.812290,30.325390,20.0,0.00,71,9.3,65,9.1,0.2,24.9
59.812440,30.324950,22.0,6.73,75,11.5,60,11.3,0.2,62.2
59.812810,30.323630,23.0,1.18,79,9.8,65,9.2,0.6,48.6
59.812930,30.323220,23.0,0.00,75,9.5,65,9.1,0.4,42.8
59.813040,30.322830,22.0,-4.00,74,9.7,69.8,9.7,0.0,18.5
59.813130,30.322430,22.0,0.00,75,9.5,65,9.1,0.4,42.8
59.813240,30.321890,22.0,0.00,70,9.3,65,9.1,0.2,20.6
59.813390,30.321240,22.0,0.00,67,9.2,65,9.1,0.0,8.1
59.813480,30.320790,21.0,-3.69,63,9.6,69.4,9.6,-0.0,-25.9
59.813590,30.320180,21.0,0.00,68,9.2,65,9.1,0.1,12.2
59.813790,30.318930,21.0,0.00,69,9.2,65,9.1,0.1,16.4
59.813930,30.318130,19.0,-4.22,66,9.8,70,9.8,-0.0,-17.1
59.814040,30.317580,19.0,0.00,66,9.2,65,9.1,0.0,4.0
59.814100,30.317240,19.0,0.00,71,9.3,65,9.1,0.2,24.9
59.814190,30.316900,19.0,0.00,72,9.4,65,9.1,0.3,29.3
59.814320,30.316490,19.0,0.00,70,9.3,65,9.1,0.2,20.6
59.814590,30.315720,21.0,3.81,67,10.1,61.3,10.0,0.1,22.3
59.815470,30.313870,21.0,0.00,72,9.4,65,9.1,0.2,29.3
59.815760,30.313150,21.0,0.00,75,9.5,65,9.1,0.4,42.8
59.816110,30.312270,20.0,-1.59,74,9.5,66.9,9.2,0.2,30.6
59.817280,30.309970,19.0,-0.55,76,9.6,68,9.2,0.4,35.2
59.818440,30.307670,18.0,-0.55,79,9.7,68,9.2,0.5,49.4
59.822520,30.299390,18.0,0.00,79,9.7,68,9.2,0.5,49.4
59.823940,30.296490,17.0,-0.44,76,9.6,68,9.2,0.4,35.2
59.824260,30.295860,17.0,0.00,75,9.5,65,9.1,0.4,42.8
59.825350,30.293650,17.0,0.00,80,9.8,68,9.2,0.6,54.3
59.825450,30.293460,17.0,0.00,81,9.8,68,9.2,0.6,59.2
59.825910,30.292640,17.0,0.00,82,9.9,68,9.2,0.7,64.2
59.826340,30.291860,17.0,0.00,85,10.0,68,9.2,0.8,79.5
59.826710,30.291310,17.0,0.00,82,9.9,68,9.2,0.7,64.2
59.826860,30.291050,17.0,0.00,84,10.0,68,9.2,0.8,74.3
59.827240,30.290480,16.0,-1.89,80,9.8,70.3,9.4,0.4,44.5
59.827540,30.290090,16.0,0.00,85,10.0,68,9.2,0.8,79.5
59.828320,30.289050,17.0,0.96,84,10.1,68,9.3,0.8,74.3
59.829360,30.287900,15.0,-1.51,86,10.1,69.8,9.3,0.7,77.1
59.830240,30.287010,16.0,0.91,89,10.4,68,9.3,1.1,100.7
59.830620,30.286620,16.0,0.00,84,10.0,68,9.2,0.8,74.3
59.830740,30.286470,16.0,0.00,89,10.2,68,9.2,1.0,100.7
59.831140,30.286000,16.0,0.00,83,9.9,68,9.2,0.7,69.2
59.831520,30.285520,15.0,-2.00,80,9.8,70.4,9.4,0.4,44.1
59.832240,30.284460,13.0,-2.01,85,10.0,70.4,9.4,0.6,69.3
59.832630,30.283720,13.0,0.00,87,10.1,68,9.2,0.9,90.0
59.832740,30.283510,13.0,0.00,86,10.1,68,9.2,0.9,84.7
59.833010,30.283200,13.0,0.00,84,10.0,68,9.2,0.8,74.3
59.833220,30.282770,13.0,0.00,87,10.1,68,9.2,0.9,90.0
59.833420,30.282300,16.0,8.72,87,12.7,63,12.5,0.2,132.3
59.833640,30.281840,16.0,0.00,90,10.3,68,9.2,1.1,106.2
59.833890,30.281370,16.0,0.00,86,10.1,68,9.2,0.9,84.7
59.834080,30.281070,16.0,0.00,84,10.0,68,9.2,0.8,74.3
59.834190,30.280940,16.0,0.00,80,9.8,68,9.2,0.6,54.3
59.834300,30.280820,16.0,0.00,83,9.9,68,9.2,0.7,69.2
59.834520,30.280620,16.0,0.00,78,9.7,68,9.2,0.5,44.6
59.834750,30.280490,16.0,0.00,82,9.9,68,9.2,0.7,64.2
59.834920,30.280440,16.0,0.00,79,9.8,68,9.2,0.5,49.4
59.835060,30.280430,16.0,0.00,77,9.7,68,9.2,0.4,39.9
59.835200,30.280440,16.0,0.00,77,9.7,68,9.2,0.4,39.9
59.835730,30.280560,16.0,0.00,82,9.9,68,9.2,0.7,64.2
59.835940,30.280550,16.0,0.00,82,9.9,68,9.2,0.7,64.2
59.835990,30.280570,16.0,0.00,78,9.7,68,9.2,0.5,44.6
59.836390,30.280740,16.0,0.00,73,9.5,65,9.2,0.3,33.7
59.836940,30.280980,16.0,0.00,68,9.2,65,9.2,0.1,12.2
59.837730,30.281290,14.0,-2.23,65,9.3,67.7,9.4,-0.1,-10.9
59.838050,30.281410,14.0,0.00,61,9.1,65,9.2,-0.1,-15.4
59.839180,30.281860,14.0,0.00,19,10.7,63,9.1,1.5,-110.2
59.840160,30.282270,15.0,0.90,20,10.5,63,9.2,1.3,-109.1
59.841140,30.282820,15.0,0.00,24,10.2,63,9.1,1.1,-103.7
59.841500,30.283030,15.0,0.00,20,10.6,63,9.1,1.5,-109.1
59.842620,30.283800,13.0,-1.52,20,10.9,64.8,9.2,1.6,-116.1
59.843200,30.284230,13.0,0.00,0,12.5,63,9.1,3.4,-121.3
59.843490,30.284450,13.0,0.00,33,9.6,63,9.1,0.4,-88.0
59.843860,30.284750,14.0,2.25,28,9.9,61.6,9.5,0.5,-92.0
59.844350,30.285170,14.0,0.00,29,9.9,63,9.1,0.7,-95.6
59.844810,30.285600,13.0,-1.77,30,10.1,65.1,9.3,0.8,-102.0
59.845250,30.286060,13.0,0.00,30,9.8,63,9.2,0.6,-93.8
59.845790,30.286580,13.0,0.00,29,9.9,63,9.2,0.7,-95.6
59.846440,30.287210,12.0,-1.24,28,10.2,64.5,9.2,1.0,-103.2
59.847410,30.288030,12.0,0.00,32,9.7,63,9.2,0.5,-90.0
59.848290,30.288730,14.0,1.90,36,9.4,62.2,9.4,0.1,-78.6
59.849120,30.289300,14.0,0.00,39,9.3,63,9.2,0.1,-74.8
59.849710,30.289610,12.0,-2.95,42,9.9,66.5,9.5,0.5,-81.2
59.850650,30.290110,12.0,0.00,47,9.1,63,9.2,-0.1,-53.8
59.850890,30.290230,12.0,0.00,50,9.0,65,9.2,-0.1,-52.7
59.851690,30.290590,12.0,0.00,45,9.1,63,9.2,-0.1,-59.4
59.852180,30.290790,11.0,-1.80,50,9.3,65.2,9.3,0.1,-53.5
59.853290,30.291160,11.0,0.00,48,9.1,63,9.2,-0.1,-50.9
59.853870,30.291310,11.0,0.00,52,9.1,65,9.2,-0.1,-46.5
59.854360,30.291420,13.0,3.65,48,9.8,61.5,10.0,-0.2,-45.2
59.855450,30.291600,13.0,0.00,53,9.1,65,9.2,-0.1,-43.3
59.856490,30.291750,12.0,-0.86,55,9.1,65,9.2,-0.1,-36.7
59.857140,30.291860,12.0,0.00,51,9.1,65,9.2,-0.1,-49.6
59.857440,30.291910,12.0,0.00,53,9.1,65,9.2,-0.1,-43.3
59.857480,30.291920,12.0,0.00,50,9.0,65,9.2,-0.1,-52.7
59.859900,30.292340,11.0,-0.37,45,9.1,63,9.2,-0.0,-59.4
59.862050,30.292630,11.0,0.00,25,10.2,63,9.2,1.0,-102.2
59.864660,30.293060,10.0,-0.34,23,10.4,63,9.2,1.3,-105.1
59.865760,30.293300,10.0,0.00,0,12.5,63,9.2,3.3,-121.3
59.866310,30.293500,10.0,0.00,46,9.1,63,9.2,-0.1,-56.6
59.866870,30.293740,11.0,1.57,48,9.2,62.6,9.3,-0.1,-49.3
59.867350,30.294020,8.0,-5.39,17,12.1,67.6,10.4,1.7,-138.8
59.867790,30.294330,8.0,0.00,20,10.6,63,9.2,1.5,-109.1
59.868250,30.294590,8.0,0.00,0,12.5,63,9.2,3.3,-121.3
59.868740,30.294780,8.0,0.00,47,9.1,63,9.2,-0.1,-53.8
59.869210,30.294950,9.0,1.88,45,9.3,62.2,9.4,-0.1,-56.3
59.870580,30.295640,9.0,0.00,45,9.1,63,9.2,-0.1,-59.4
59.871050,30.295880,12.0,5.56,47,10.8,58.7,10.8,-0.0,-37.8
59.871540,30.296000,12.0,0.00,51,9.1,63.7,9.2,-0.1,-49.6
59.872090,30.296070,12.0,0.00,55,9.1,65,9.2,-0.1,-36.7
59.872180,30.296090,12.0,0.00,55,9.1,65,9.2,-0.1,-36.7
59.872300,30.296110,12.0,0.00,55,9.1,65,9.2,-0.1,-36.7
59.873230,30.296200,10.0,-1.93,58,9.3,67.3,9.4,-0.1,-35.6
59.873500,30.296220,10.0,0.00,54,9.1,65,9.2,-0.1,-40.0
59.873700,30.296230,10.0,0.00,56,9.1,65,9.2,-0.1,-33.3
59.873900,30.296210,10.0,0.00,57,9.1,65,9.2,-0.1,-29.8
59.874270,30.296170,10.0,0.00,59,9.1,65,9.2,-0.1,-22.7
59.874520,30.296150,10.0,0.00,64,9.2,65,9.2,-0.0,-3.9
59.874890,30.296120,10.0,0.00,61,9.2,65,9.2,-0.1,-15.4
59.875050,30.296180,12.0,11.05,61,13.9,60,13.9,-0.0,31.1
59.875140,30.296240,12.0,0.00,62,9.2,65,9.2,-0.0,-11.6
59.875190,30.296290,12.0,0.00,60,9.1,65,9.2,-0.1,-19.1
59.875250,30.296400,12.0,0.00,60,9.1,65,9.2,-0.1,-19.1
59.875310,30.296580,12.0,0.00,60,9.1,65,9.2,-0.1,-19.1
59.875350,30.296780,12.0,0.00,63,9.2,65,9.2,-0.0,-7.8
59.875410,30.297160,12.0,0.00,58,9.1,65,9.2,-0.1,-26.3
59.875420,30.297470,12.0,0.00,57,9.1,65,9.2,-0.1,-29.8
59.875460,30.298360,12.0,0.00,56,9.1,65,9.2,-0.1,-33.3
59.875460,30.298570,12.0,0.00,60,9.1,65,9.2,-0.1,-19.1
59.875590,30.298600,12.0,0.00,60,9.1,65,9.2,-0.1,-19.1
59.875720,30.298630,12.0,0.00,65,9.2,65,9.2,0.0,0.0
59.875800,30.298640,12.0,0.00,62,9.2,65,9.2,-0.0,-11.6
59.876090,30.298660,12.0,0.00,60,9.1,65,9.2,-0.1,-19.1
59.876220,30.298670,12.0,0.00,61,9.2,65,9.2,-0.1,-15.4
59.876330,30.298670,12.0,0.00,58,9.1,65,9.2,-0.1,-26.3
59.876480,30.298670,12.0,0.00,54,9.1,65,9.2,-0.1,-40.0
59.876740,30.298710,12.0,0.00,28,10.0,63,9.2,0.8,-97.3
59.877040,30.298760,12.0,0.00,32,9.7,63,9.2,0.5,-90.0
59.877620,30.298910,11.0,-1.54,37,9.6,64.8,9.3,0.3,-86.5
59.878060,30.299050,11.0,0.00,39,9.3,63,9.2,0.1,-74.8
59.878160,30.299090,11.0,0.00,0,12.5,63,9.2,3.3,-121.3
59.878630,30.299240,11.0,0.00,49,9.1,63,9.2,-0.1,-47.9
59.879770,30.299610,8.0,-2.34,45,9.7,65.8,9.4,0.2,-70.4
59.880440,30.299830,8.0,0.00,46,9.1,63,9.2,-0.1,-56.6
59.880710,30.299910,8.0,0.00,50,9.1,65,9.2,-0.1,-52.7
59.881320,30.300100,12.0,5.83,47,10.9,60,11.0,-0.0,-36.4
59.881820,30.300250,12.0,0.00,44,9.2,63,9.2,-0.0,-62.1
59.882310,30.300410,12.0,0.00,41,9.3,63,9.2,0.1,-69.9
59.882750,30.300550,12.0,0.00,42,9.2,63,9.2,0.0,-67.4
59.883210,30.300700,12.0,0.00,45,9.1,63,9.2,-0.1,-59.4
59.883590,30.300830,14.0,4.67,42,10.3,58.0,10.4,-0.1,-48.9
59.883990,30.300970,14.0,0.00,40,9.3,63,9.2,0.1,-72.4
59.884350,30.301110,14.0,0.00,37,9.4,63,9.2,0.2,-79.4
59.884640,30.301250,14.0,0.00,37,9.4,63,9.2,0.2,-79.4
59.884920,30.301390,14.0,0.00,35,9.5,63,9.2,0.3,-83.8
59.885230,30.301570,14.0,0.00,38,9.3,63,9.2,0.1,-77.2
59.885580,30.301770,11.0,-7.41,43,11.6,68,11.5,0.1,-101.5
59.885850,30.301910,11.0,0.00,46,9.1,63,9.2,-0.1,-56.6
59.886070,30.302020,11.0,0.00,42,9.2,63,9.2,0.0,-67.4
59.886270,30.302110,11.0,0.00,40,9.3,63,9.2,0.1,-72.4
59.886540,30.302220,11.0,0.00,45,9.1,63,9.2,-0.1,-59.4
59.886770,30.302290,11.0,0.00,41,9.3,63,9.2,0.1,-69.9
59.886910,30.302330,11.0,0.00,46,9.1,63,9.2,-0.1,-56.6
59.887010,30.302360,11.0,0.00,43,9.2,63,9.2,0.0,-64.8
59.887350,30.302450,11.0,0.00,45,9.1,63,9.2,-0.1,-59.4
59.887610,30.302500,13.0,6.89,40,11.7,58,11.5,0.2,-42.5
59.887830,30.302530,13.0,0.00,37,9.4,63,9.2,0.2,-79.4
59.888150,30.302570,13.0,0.00,35,9.5,63,9.2,0.3,-83.8
59.888510,30.302570,13.0,0.00,38,9.4,63,9.2,0.1,-77.2
59.888900,30.302560,13.0,0.00,37,9.4,63,9.2,0.2,-79.4
59.889230,30.302530,13.0,0.00,0,12.5,63,9.2,3.3,-121.3
59.889350,30.302510,13.0,0.00,50,9.1,65,9.2,-0.1,-52.7
59.889560,30.302480,13.0,0.00,45,9.1,63,9.2,-0.1,-59.4
59.889730,30.302440,9.0,-21.01,50,20.8,68,21.2,-0.4,-86.4
59.889870,30.302400,9.0,0.00,55,9.1,65,9.2,-0.1,-36.7
59.889940,30.302370,9.0,0.00,58,9.1,65,9.2,-0.1,-26.3
59.890190,30.302280,9.0,0.00,58,9.1,65,9.2,-0.1,-26.3
59.890400,30.302210,9.0,0.00,57,9.1,65,9.2,-0.1,-29.8
59.890640,30.302130,9.0,0.00,58,9.1,65,9.2,-0.1,-26.3
59.891290,30.301910,9.0,0.00,54,9.1,65,9.2,-0.1,-40.0
59.891720,30.301770,9.0,0.00,59,9.2,65,9.2,-0.1,-22.7
59.892340,30.301560,9.0,0.00,56,9.1,65,9.2,-0.1,-33.3
59.893810,30.301080,8.0,-0.60,58,9.2,65,9.3,-0.1,-26.3
59.894580,30.300820,8.0,0.00,55,9.1,65,9.3,-0.1,-36.7
59.895030,30.300670,8.0,0.00,50,9.1,65,9.3,-0.1,-52.7
59.895480,30.300600,8.0,0.00,54,9.1,65,9.3,-0.1,-40.0
59.895600,30.300580,8.0,0.00,57,9.1,65,9.3,-0.1,-29.8
59.895930,30.300470,7.0,-2.69,61,9.5,68.2,9.6,-0.1,-28.4
59.896130,30.300400,7.0,0.00,57,9.1,65,9.3,-0.1,-29.8
59.896310,30.300350,7.0,0.00,59,9.2,65,9.3,-0.1,-22.7
59.896410,30.300320,7.0,0.00,58,9.2,65,9.3,-0.1,-26.3
59.896600,30.300240,7.0,0.00,54,9.1,65,9.3,-0.1,-40.0
59.897150,30.299990,8.0,1.59,55,9.3,64.6,9.4,-0.2,-35.1
59.897330,30.299910,8.0,0.00,30,9.9,63,9.2,0.7,-93.8
59.897850,30.299750,8.0,0.00,35,9.6,63,9.2,0.3,-83.8
59.898100,30.299680,6.0,-7.12,30,12.0,68,11.4,0.6,-128.7
59.898260,30.299660,6.0,0.00,34,9.6,63,9.2,0.4,-86.0
59.898470,30.299640,6.0,0.00,39,9.4,63,9.2,0.1,-74.8
59.898670,30.299630,6.0,0.00,43,9.2,63,9.2,0.0,-64.8
59.898780,30.299630,6.0,0.00,40,9.3,63,9.2,0.1,-72.4
59.898870,30.299620,6.0,0.00,13,11.3,63,9.2,2.0,-116.1
59.899320,30.299660,6.0,0.00,20,10.7,63,9.2,1.4,-109.1
59.899930,30.299740,6.0,0.00,20,10.7,63,9.2,1.4,-109.1
59.900260,30.299770,8.0,5.44,20,12.0,58,10.8,1.1,-86.4
59.900390,30.299790,8.0,0.00,25,10.2,63,9.2,1.0,-102.2
59.900520,30.299800,8.0,0.00,27,10.1,63,9.2,0.9,-99.0
59.900770,30.299830,8.0,0.00,29,10.0,63,9.2,0.7,-95.6
59.901050,30.299860,8.0,0.00,29,10.0,63,9.2,0.7,-95.6
59.901350,30.299890,8.0,0.00,26,10.2,63,9.2,0.9,-100.6
59.902100,30.299980,7.0,-1.20,24,10.5,64.4,9.3,1.2,-109.1
59.902590,30.300030,9.0,3.67,27,10.6,59.5,10.0,0.5,-85.9
59.903080,30.300080,9.0,0.00,23,10.4,63,9.2,1.2,-105.1
59.903470,30.300130,9.0,0.00,20,10.6,63,9.2,1.4,-109.1
59.904140,30.300200,9.0,0.00,23,10.4,63,9.2,1.2,-105.1
59.906180,30.300400,10.0,0.44,23,10.4,63,9.2,1.1,-105.1
59.906360,30.300420,15.0,24.94,20,24.3,58,23.2,1.2,-64.2
59.906770,30.300450,15.0,0.00,20,10.6,63,9.2,1.4,-109.1
59.906840,30.300460,15.0,0.00,20,10.6,63,9.2,1.4,-109.1
59.907500,30.300530,15.0,0.00,20,10.6,63,9.2,1.4,-109.1
59.907790,30.300560,15.0,0.00,21,10.5,63,9.2,1.3,-107.8
59.908040,30.300630,15.0,0.00,22,10.4,63,9.2,1.2,-106.5
59.908300,30.300640,15.0,0.00,24,10.3,63,9.2,1.0,-103.7
59.908310,30.300640,15.0,0.00,23,10.4,63,9.2,1.1,-105.1
59.908340,30.300650,7.0,-236.54,26,182.8,68,183.7,-0.8,-142.2
59.908540,30.300660,7.0,0.00,25,10.2,63,9.2,1.0,-102.2
59.908650,30.300660,7.0,0.00,24,10.3,63,9.3,1.1,-103.7
59.908740,30.300670,7.0,0.00,20,10.7,63,9.3,1.4,-109.1
59.908780,30.300670,7.0,0.00,20,10.7,63,9.3,1.4,-109.1
59.909010,30.300690,7.0,0.00,22,10.5,63,9.3,1.2,-106.5
59.909030,30.300690,7.0,0.00,21,10.6,63,9.3,1.3,-107.8
59.909130,30.300700,7.0,0.00,20,10.7,63,9.3,1.4,-109.1
59.909120,30.300980,7.0,0.00,23,10.4,63,9.3,1.2,-105.1
59.909080,30.304000,7.0,0.00,21,10.6,63,9.3,1.3,-107.8
59.909050,30.306770,8.0,0.65,20,10.6,63,9.3,1.3,-109.1
59.909050,30.306900,8.0,0.00,20,10.7,63,9.3,1.4,-109.1
59.909040,30.307190,8.0,0.00,20,10.7,63,9.3,1.4,-109.1
59.909040,30.307440,8.0,0.00,20,10.7,63,9.3,1.4,-109.1
59.909130,30.307450,8.0,0.00,22,10.5,63,9.3,1.2,-106.5
59.909240,30.307450,8.0,0.00,26,10.2,63,9.3,0.9,-100.6
59.909890,30.307480,8.0,0.00,22,10.5,63,9.3,1.2,-106.5
59.909990,30.307480,8.0,0.00,22,10.5,63,9.3,1.2,-106.5
59.910260,30.307500,8.0,0.00,25,10.2,63,9.3,1.0,-102.2
59.910360,30.307500,8.0,0.00,28,10.0,63,9.3,0.8,-97.3
59.910790,30.307520,19.0,23.00,27,22.7,58,21.7,1.0,-54.1
59.911450,30.307550,19.0,0.00,23,10.4,63,9.2,1.1,-105.1
59.911560,30.307550,19.0,0.00,20,10.6,63,9.2,1.4,-109.1
59.911680,30.307550,19.0,0.00,22,10.4,63,9.2,1.2,-106.5
59.912300,30.307580,19.0,0.00,21,10.5,63,9.2,1.3,-107.8
59.912490,30.307580,19.0,0.00,24,10.3,63,9.2,1.0,-103.7
59.912890,30.307600,9.0,-22.48,24,21.3,68,22.3,-1.1,-145.2
59.913020,30.307600,9.0,0.00,4,12.2,63,9.3,2.9,-120.8
59.913160,30.307610,9.0,0.00,37,9.5,63,9.3,0.2,-79.4
59.913750,30.307630,9.0,0.00,41,9.3,63,9.3,0.1,-69.9
59.914470,30.307650,9.0,0.00,44,9.2,63,9.3,-0.0,-62.1
59.915200,30.307670,12.0,3.70,40,9.9,59.5,10.0,-0.1,-59.3
59.915760,30.307700,12.0,0.00,43,9.3,63,9.3,0.0,-64.8
59.915810,30.307700,12.0,0.00,43,9.3,63,9.3,0.0,-64.8
59.915940,30.307710,12.0,0.00,44,9.2,63,9.3,-0.0,-62.1
59.915990,30.307710,12.0,0.00,43,9.3,63,9.3,0.0,-64.8
59.916020,30.307710,12.0,0.00,41,9.3,63,9.3,0.1,-69.9
59.916070,30.307710,12.0,0.00,37,9.5,63,9.3,0.2,-79.4
59.916220,30.307720,12.0,0.00,38,9.4,63,9.3,0.2,-77.2
59.916280,30.307720,12.0,0.00,38,9.4,63,9.3,0.2,-77.2
59.916380,30.307720,12.0,0.00,41,9.3,63,9.3,0.1,-69.9
59.916680,30.307730,12.0,0.00,42,9.3,63,9.3,0.0,-67.4
59.917040,30.307750,12.0,0.00,43,9.3,63,9.3,0.0,-64.8
59.917620,30.307750,12.0,0.00,44,9.2,63,9.3,-0.0,-62.1
59.917790,30.307760,12.0,0.00,48,9.1,63,9.3,-0.1,-50.9
59.918000,30.307780,12.0,0.00,45,9.2,63,9.3,-0.1,-59.4
59.918120,30.307790,12.0,0.00,47,9.2,63,9.3,-0.1,-53.8
59.918330,30.307820,12.0,0.00,44,9.2,63,9.3,-0.0,-62.1
59.918730,30.307860,12.0,0.00,41,9.3,63,9.3,0.1,-69.9
59.918790,30.307870,16.0,59.75,5,50.5,58,49.5,1.0,-75.6
59.918970,30.307890,16.0,0.00,37,9.4,63,9.3,0.2,-79.4
59.919060,30.307900,16.0,0.00,38,9.4,63,9.3,0.1,-77.2
59.919120,30.307900,16.0,0.00,42,9.3,63,9.3,0.0,-67.4
59.919630,30.307930,16.0,0.00,44,9.2,63,9.3,-0.0,-62.1
59.919670,30.307930,16.0,0.00,45,9.2,63,9.3,-0.1,-59.4
59.919780,30.307950,16.0,0.00,47,9.1,63,9.3,-0.1,-53.8
59.919950,30.307960,16.0,0.00,48,9.1,63,9.3,-0.1,-50.9
59.921890,30.308050,14.0,-0.93,48,9.3,63,9.3,0.0,-50.9
59.922050,30.308060,14.0,0.00,48,9.1,63,9.3,-0.1,-50.9
59.922400,30.308060,14.0,0.00,48,9.1,63,9.3,-0.1,-50.9
59.922590,30.308060,14.0,0.00,46,9.2,63,9.3,-0.1,-56.6
59.922630,30.308060,14.0,0.00,47,9.2,63,9.3,-0.1,-53.8
59.922650,30.308130,14.0,0.00,50,9.1,65,9.3,-0.2,-52.7
59.922740,30.308340,15.0,6.49,45,11.4,60,11.3,0.0,-38.4
59.923240,30.309510,14.0,-1.17,49,9.3,64.4,9.3,0.0,-53.4
59.923570,30.310290,14.0,0.00,54,9.2,65,9.3,-0.1,-40.0
59.923700,30.310590,13.0,-4.52,49,10.4,68.4,10.1,0.2,-69.6
59.924130,30.311590,13.0,0.00,51,9.2,65,9.3,-0.1,-49.6
59.924250,30.311860,13.0,0.00,47,9.2,63,9.3,-0.1,-53.8
59.924340,30.312090,13.0,0.00,47,9.2,63,9.3,-0.1,-53.8
59.924630,30.312800,11.0,-3.92,45,10.3,67.7,10.0,0.3,-78.2
59.924780,30.313160,11.0,0.00,46,9.2,63,9.3,-0.1,-56.6
59.925040,30.313770,14.0,6.72,47,11.5,58,11.5,0.0,-31.4
59.925180,30.314130,14.0,0.00,50,9.2,63,9.3,-0.1,-52.7
59.925250,30.314290,14.0,0.00,45,9.2,63,9.3,-0.1,-59.4
59.925270,30.314250,14.0,0.00,45,9.2,63,9.3,-0.1,-59.4
59.925300,30.314210,14.0,0.00,48,9.2,63,9.3,-0.1,-50.9
59.925320,30.314190,14.0,0.00,46,9.2,63,9.3,-0.1,-56.6
59.925370,30.314130,14.0,0.00,48,9.2,63,9.3,-0.1,-50.9
59.925410,30.314090,14.0,0.00,53,9.2,65,9.3,-0.1,-43.3
59.925660,30.313800,14.0,0.00,56,9.2,65,9.3,-0.1,-33.3
59.925740,30.313710,14.0,0.00,54,9.2,65,9.3,-0.1,-40.0
59.925900,30.313550,14.0,0.00,55,9.2,65,9.3,-0.1,-36.7
59.925950,30.313460,14.0,0.00,55,9.2,65,9.3,-0.1,-36.7
59.926000,30.313350,14.0,0.00,52,9.2,65,9.3,-0.1,-46.5
59.926040,30.313290,14.0,0.00,57,9.2,65,9.3,-0.1,-29.8
59.926260,30.313040,14.0,0.00,62,9.3,65,9.3,-0.0,-11.6
59.926680,30.312550,14.0,0.00,60,9.2,65,9.3,-0.1,-19.1
59.926750,30.312480,13.0,-11.49,60,14.2,70,14.4,-0.2,-61.9
59.926820,30.312400,13.0,0.00,64,9.3,65,9.3,-0.0,-3.9
59.927200,30.311970,16.0,6.18,59,11.2,60,11.2,-0.0,4.6
59.927400,30.311740,16.0,0.00,31,9.9,63,9.3,0.6,-91.9
59.927440,30.311700,16.0,0.00,36,9.5,63,9.3,0.2,-81.7
59.927630,30.311480,16.0,0.00,37,9.5,63,9.3,0.2,-79.4
59.927720,30.311370,16.0,0.00,35,9.6,63,9.3,0.3,-83.8
59.927790,30.311290,16.0,0.00,40,9.4,63,9.3,0.1,-72.4
59.927880,30.311190,16.0,0.00,36,9.5,63,9.3,0.2,-81.7
59.928090,30.310950,16.0,0.00,39,9.4,63,9.3,0.1,-74.8
59.928170,30.310850,16.0,0.00,35,9.6,63,9.3,0.3,-83.8
59.928310,30.310690,16.0,0.00,34,9.7,63,9.3,0.4,-86.0
59.928440,30.310550,16.0,0.00,39,9.4,63,9.3,0.1,-74.8
59.928590,30.310370,17.0,5.14,42,10.6,58,10.6,-0.0,-46.4
59.928670,30.310280,17.0,0.00,40,9.4,63,9.3,0.1,-72.4
59.928720,30.310430,16.0,-9.96,25,13.3,68,13.3,-0.0,-143.7
59.928740,30.310510,16.0,0.00,23,10.4,63,9.3,1.1,-105.1
59.928790,30.310710,16.0,0.00,23,10.4,63,9.3,1.1,-105.1
59.928810,30.310790,16.0,0.00,20,10.6,63,9.3,1.4,-109.1
59.928850,30.310910,16.0,0.00,20,10.6,63,9.3,1.4,-109.1
59.928930,30.311230,16.0,0.00,20,10.7,63,9.3,1.4,-109.1
59.928940,30.311280,16.0,0.00,20,10.7,63,9.3,1.4,-109.1
59.929130,30.311950,16.0,0.00,23,10.4,63,9.3,1.1,-105.1
59.929180,30.312170,15.0,-7.43,27,12.3,68,11.6,0.7,-135.7
59.929230,30.312330,15.0,0.00,25,10.3,63,9.3,1.0,-102.2
59.929300,30.312250,15.0,0.00,30,9.9,63,9.3,0.6,-93.8
59.929400,30.312160,15.0,0.00,25,10.3,63,9.3,1.0,-102.2
59.929540,30.312010,15.0,0.00,23,10.4,63,9.3,1.1,-105.1
59.929790,30.311770,15.0,0.00,26,10.2,63,9.3,0.9,-100.6
59.929830,30.311730,15.0,0.00,31,9.9,63,9.3,0.6,-91.9
59.930310,30.311260,15.0,0.00,34,9.7,63,9.3,0.4,-86.0
59.930420,30.311150,15.0,0.00,30,9.9,63,9.3,0.6,-93.8
59.930480,30.311100,15.0,0.00,29,10.0,63,9.3,0.7,-95.6
59.930830,30.310750,15.0,0.00,27,10.1,63,9.3,0.8,-99.0
59.931370,30.310230,14.0,-1.50,2,12.5,64.8,9.4,3.1,-128.2
59.931480,30.310120,14.0,0.00,34,9.7,63,9.3,0.4,-86.0
59.931540,30.310030,14.0,0.00,38,9.5,63,9.3,0.2,-77.2
59.931600,30.309920,14.0,0.00,33,9.7,63,9.3,0.4,-88.0
59.931650,30.309780,14.0,0.00,29,10.0,63,9.3,0.7,-95.6
59.931730,30.309620,14.0,0.00,32,9.8,63,9.3,0.5,-90.0
59.931740,30.309610,14.0,0.00,31,9.9,63,9.3,0.6,-91.9
59.931820,30.309530,14.0,0.00,35,9.6,63,9.3,0.3,-83.8
59.931870,30.309440,14.0,0.00,30,9.9,63,9.3,0.6,-93.8
59.931880,30.309430,14.0,0.00,29,10.0,63,9.3,0.7,-95.6
59.932120,30.309080,14.0,0.00,26,10.2,63,9.3,0.9,-100.6
59.932430,30.308600,14.0,0.00,0,12.6,63,9.3,3.3,-121.3
59.932520,30.308460,14.0,0.00,42,9.3,63,9.3,0.0,-67.4
59.932640,30.308370,14.0,0.00,46,9.2,63,9.3,-0.1,-56.6
59.932720,30.308330,13.0,-10.90,50,13.6,68,14.0,-0.4,-86.4
59.933710,30.308390,17.0,3.63,47,9.9,63,10.1,-0.2,-48.4
59.933740,30.308390,17.0,0.00,45,9.2,63,9.3,-0.1,-59.4
59.933980,30.308420,17.0,0.00,49,9.2,63,9.3,-0.1,-47.9
59.934060,30.308430,17.0,0.00,47,9.2,63,9.3,-0.1,-53.8
59.934260,30.308480,17.0,0.00,48,9.2,63,9.3,-0.1,-50.9
59.934290,30.308480,17.0,0.00,48,9.2,63,9.3,-0.1,-50.9
59.934590,30.308500,17.0,0.00,44,9.3,63,9.3,-0.0,-62.1
59.935210,30.308540,17.0,0.00,42,9.3,63,9.3,0.0,-67.4
59.935560,30.308560,15.0,-5.14,47,10.7,68,10.4,0.3,-78.8
59.935650,30.308560,15.0,0.00,52,9.2,65,9.3,-0.1,-46.5
59.935700,30.308530,15.0,0.00,51,9.2,65,9.3,-0.1,-49.6
59.935750,30.308470,15.0,0.00,49,9.2,63,9.3,-0.1,-47.9
59.935800,30.308390,15.0,0.00,48,9.2,63,9.3,-0.1,-50.9
59.935950,30.308800,15.0,0.00,49,9.2,63,9.3,-0.1,-47.9
59.935960,30.308810,15.0,0.00,49,9.2,63,9.3,-0.1,-47.9
59.936310,30.309720,15.0,0.00,47,9.2,63,9.3,-0.1,-53.8
59.936330,30.309770,15.0,0.00,46,9.2,63,9.3,-0.1,-56.6
59.936340,30.309810,15.0,0.00,42,9.4,63,9.3,0.0,-67.4
59.936470,30.310130,15.0,0.00,39,9.4,63,9.3,0.1,-74.8
59.936910,30.311280,18.0,3.72,42,9.9,59.4,10.0,-0.1,-53.9
59.936980,30.311460,18.0,0.00,41,9.4,63,9.3,0.1,-69.9
59.937000,30.311500,18.0,0.00,36,9.6,63,9.3,0.3,-81.7
59.937010,30.311530,18.0,0.00,38,9.5,63,9.3,0.1,-77.2
59.937130,30.311860,18.0,0.00,41,9.4,63,9.3,0.1,-69.9
59.937290,30.312280,18.0,0.00,37,9.5,63,9.3,0.2,-79.4
59.937390,30.312530,22.0,22.45,35,22.0,58,21.2,0.8,-39.0
59.937910,30.312760,10.0,-20.26,36,19.9,63,20.5,-0.7,-123.2
59.937980,30.312780,10.0,0.00,39,9.5,63,9.3,0.1,-74.8
59.938060,30.312770,10.0,0.00,41,9.4,63,9.3,0.1,-69.9
59.938140,30.312740,10.0,0.00,42,9.4,63,9.3,0.0,-67.4
59.938210,30.312690,10.0,0.00,43,9.4,63,9.3,0.0,-64.8
59.938270,30.312620,10.0,0.00,44,9.3,63,9.3,-0.0,-62.1
59.938330,30.312550,10.0,0.00,12,11.4,63,9.3,2.1,-116.9
